ISO-10303-21;
HEADER;
/* Generated by software containing ST-Developer
 * from STEP Tools, Inc. (www.steptools.com) 
 */

FILE_DESCRIPTION(
/* description */ (''),
/* implementation_level */ '2;1');

FILE_NAME(
/* name */ 'macropad-stratum-top.step',
/* time_stamp */ '2026-07-22T16:00:22-06:00',
/* author */ (''),
/* organization */ (''),
/* preprocessor_version */ 'ST-DEVELOPER v20.1',
/* originating_system */ 'Autodesk Translation Framework v15.8.0.0',
/* authorisation */ '');

FILE_SCHEMA (('AUTOMOTIVE_DESIGN { 1 0 10303 214 3 1 1 }'));
ENDSEC;

DATA;
#10=MECHANICAL_DESIGN_GEOMETRIC_PRESENTATION_REPRESENTATION('',(#61,#62),
#8009);
#11=SHAPE_REPRESENTATION_RELATIONSHIP('SRR','None',#8016,#12);
#12=ADVANCED_BREP_SHAPE_REPRESENTATION('',(#63,#64),#8008);
#13=B_SPLINE_SURFACE_WITH_KNOTS('',3,3,((#5244,#5245,#5246,#5247,#5248,
#5249),(#5250,#5251,#5252,#5253,#5254,#5255),(#5256,#5257,#5258,#5259,#5260,
#5261),(#5262,#5263,#5264,#5265,#5266,#5267),(#5268,#5269,#5270,#5271,#5272,
#5273),(#5274,#5275,#5276,#5277,#5278,#5279)),.UNSPECIFIED.,.F.,.F.,.F.,
(4,1,1,4),(4,1,1,4),(0.,0.333333333333333,0.666666666666667,1.),(0.,0.333333333333333,
0.666666666666667,1.),.UNSPECIFIED.);
#14=B_SPLINE_SURFACE_WITH_KNOTS('',3,3,((#5298,#5299,#5300,#5301,#5302,
#5303),(#5304,#5305,#5306,#5307,#5308,#5309),(#5310,#5311,#5312,#5313,#5314,
#5315),(#5316,#5317,#5318,#5319,#5320,#5321),(#5322,#5323,#5324,#5325,#5326,
#5327),(#5328,#5329,#5330,#5331,#5332,#5333)),.UNSPECIFIED.,.F.,.F.,.F.,
(4,1,1,4),(4,1,1,4),(0.,0.333333333333333,0.666666666666667,1.),(0.,0.333333333333333,
0.666666666666667,1.),.UNSPECIFIED.);
#15=B_SPLINE_SURFACE_WITH_KNOTS('',3,3,((#5344,#5345,#5346,#5347,#5348,
#5349),(#5350,#5351,#5352,#5353,#5354,#5355),(#5356,#5357,#5358,#5359,#5360,
#5361),(#5362,#5363,#5364,#5365,#5366,#5367),(#5368,#5369,#5370,#5371,#5372,
#5373),(#5374,#5375,#5376,#5377,#5378,#5379)),.UNSPECIFIED.,.F.,.F.,.F.,
(4,1,1,4),(4,1,1,4),(0.,0.333333333333333,0.666666666666667,1.),(0.,0.333333333333333,
0.666666666666667,1.),.UNSPECIFIED.);
#16=B_SPLINE_SURFACE_WITH_KNOTS('',3,3,((#5390,#5391,#5392,#5393,#5394,
#5395),(#5396,#5397,#5398,#5399,#5400,#5401),(#5402,#5403,#5404,#5405,#5406,
#5407),(#5408,#5409,#5410,#5411,#5412,#5413),(#5414,#5415,#5416,#5417,#5418,
#5419),(#5420,#5421,#5422,#5423,#5424,#5425)),.UNSPECIFIED.,.F.,.F.,.F.,
(4,1,1,4),(4,1,1,4),(0.,0.333333333333333,0.666666666666667,1.),(0.,0.333333333333333,
0.666666666666667,1.),.UNSPECIFIED.);
#17=B_SPLINE_SURFACE_WITH_KNOTS('',3,3,((#5436,#5437,#5438,#5439,#5440,
#5441),(#5442,#5443,#5444,#5445,#5446,#5447),(#5448,#5449,#5450,#5451,#5452,
#5453),(#5454,#5455,#5456,#5457,#5458,#5459),(#5460,#5461,#5462,#5463,#5464,
#5465),(#5466,#5467,#5468,#5469,#5470,#5471)),.UNSPECIFIED.,.F.,.F.,.F.,
(4,1,1,4),(4,1,1,4),(0.,0.333333333333333,0.666666666666667,1.),(0.,0.333333333333333,
0.666666666666667,1.),.UNSPECIFIED.);
#18=B_SPLINE_SURFACE_WITH_KNOTS('',3,3,((#5482,#5483,#5484,#5485,#5486,
#5487),(#5488,#5489,#5490,#5491,#5492,#5493),(#5494,#5495,#5496,#5497,#5498,
#5499),(#5500,#5501,#5502,#5503,#5504,#5505),(#5506,#5507,#5508,#5509,#5510,
#5511),(#5512,#5513,#5514,#5515,#5516,#5517)),.UNSPECIFIED.,.F.,.F.,.F.,
(4,1,1,4),(4,1,1,4),(0.,0.333333333333333,0.666666666666667,1.),(0.,0.333333333333333,
0.666666666666667,1.),.UNSPECIFIED.);
#19=B_SPLINE_SURFACE_WITH_KNOTS('',3,3,((#5536,#5537,#5538,#5539,#5540,
#5541),(#5542,#5543,#5544,#5545,#5546,#5547),(#5548,#5549,#5550,#5551,#5552,
#5553),(#5554,#5555,#5556,#5557,#5558,#5559),(#5560,#5561,#5562,#5563,#5564,
#5565),(#5566,#5567,#5568,#5569,#5570,#5571)),.UNSPECIFIED.,.F.,.F.,.F.,
(4,1,1,4),(4,1,1,4),(0.,0.333333333333333,0.666666666666667,1.),(0.,0.333333333333333,
0.666666666666667,1.),.UNSPECIFIED.);
#20=B_SPLINE_SURFACE_WITH_KNOTS('',3,3,((#5582,#5583,#5584,#5585,#5586,
#5587),(#5588,#5589,#5590,#5591,#5592,#5593),(#5594,#5595,#5596,#5597,#5598,
#5599),(#5600,#5601,#5602,#5603,#5604,#5605),(#5606,#5607,#5608,#5609,#5610,
#5611),(#5612,#5613,#5614,#5615,#5616,#5617)),.UNSPECIFIED.,.F.,.F.,.F.,
(4,1,1,4),(4,1,1,4),(0.,0.333333333333333,0.666666666666667,1.),(0.,0.333333333333333,
0.666666666666667,1.),.UNSPECIFIED.);
#21=B_SPLINE_SURFACE_WITH_KNOTS('',3,3,((#5628,#5629,#5630,#5631,#5632,
#5633),(#5634,#5635,#5636,#5637,#5638,#5639),(#5640,#5641,#5642,#5643,#5644,
#5645),(#5646,#5647,#5648,#5649,#5650,#5651),(#5652,#5653,#5654,#5655,#5656,
#5657),(#5658,#5659,#5660,#5661,#5662,#5663)),.UNSPECIFIED.,.F.,.F.,.F.,
(4,1,1,4),(4,1,1,4),(0.,0.333333333333333,0.666666666666667,1.),(0.,0.333333333333333,
0.666666666666667,1.),.UNSPECIFIED.);
#22=B_SPLINE_SURFACE_WITH_KNOTS('',3,3,((#5674,#5675,#5676,#5677,#5678,
#5679),(#5680,#5681,#5682,#5683,#5684,#5685),(#5686,#5687,#5688,#5689,#5690,
#5691),(#5692,#5693,#5694,#5695,#5696,#5697),(#5698,#5699,#5700,#5701,#5702,
#5703),(#5704,#5705,#5706,#5707,#5708,#5709)),.UNSPECIFIED.,.F.,.F.,.F.,
(4,1,1,4),(4,1,1,4),(0.,0.333333333333333,0.666666666666667,1.),(0.,0.333333333333333,
0.666666666666667,1.),.UNSPECIFIED.);
#23=B_SPLINE_SURFACE_WITH_KNOTS('',3,3,((#5720,#5721,#5722,#5723,#5724,
#5725),(#5726,#5727,#5728,#5729,#5730,#5731),(#5732,#5733,#5734,#5735,#5736,
#5737),(#5738,#5739,#5740,#5741,#5742,#5743),(#5744,#5745,#5746,#5747,#5748,
#5749),(#5750,#5751,#5752,#5753,#5754,#5755)),.UNSPECIFIED.,.F.,.F.,.F.,
(4,1,1,4),(4,1,1,4),(0.,0.333333333333333,0.666666666666667,1.),(0.,0.333333333333333,
0.666666666666667,1.),.UNSPECIFIED.);
#24=B_SPLINE_SURFACE_WITH_KNOTS('',3,3,((#5774,#5775,#5776,#5777,#5778,
#5779),(#5780,#5781,#5782,#5783,#5784,#5785),(#5786,#5787,#5788,#5789,#5790,
#5791),(#5792,#5793,#5794,#5795,#5796,#5797),(#5798,#5799,#5800,#5801,#5802,
#5803),(#5804,#5805,#5806,#5807,#5808,#5809)),.UNSPECIFIED.,.F.,.F.,.F.,
(4,1,1,4),(4,1,1,4),(0.,0.333333333333333,0.666666666666667,1.),(0.,0.333333333333333,
0.666666666666667,1.),.UNSPECIFIED.);
#25=B_SPLINE_SURFACE_WITH_KNOTS('',3,3,((#5820,#5821,#5822,#5823,#5824,
#5825),(#5826,#5827,#5828,#5829,#5830,#5831),(#5832,#5833,#5834,#5835,#5836,
#5837),(#5838,#5839,#5840,#5841,#5842,#5843),(#5844,#5845,#5846,#5847,#5848,
#5849),(#5850,#5851,#5852,#5853,#5854,#5855)),.UNSPECIFIED.,.F.,.F.,.F.,
(4,1,1,4),(4,1,1,4),(0.,0.333333333333333,0.666666666666667,1.),(0.,0.333333333333333,
0.666666666666667,1.),.UNSPECIFIED.);
#26=B_SPLINE_SURFACE_WITH_KNOTS('',3,3,((#5866,#5867,#5868,#5869,#5870,
#5871),(#5872,#5873,#5874,#5875,#5876,#5877),(#5878,#5879,#5880,#5881,#5882,
#5883),(#5884,#5885,#5886,#5887,#5888,#5889),(#5890,#5891,#5892,#5893,#5894,
#5895),(#5896,#5897,#5898,#5899,#5900,#5901)),.UNSPECIFIED.,.F.,.F.,.F.,
(4,1,1,4),(4,1,1,4),(0.,0.333333333333333,0.666666666666667,1.),(0.,0.333333333333333,
0.666666666666667,1.),.UNSPECIFIED.);
#27=B_SPLINE_SURFACE_WITH_KNOTS('',3,3,((#5912,#5913,#5914,#5915,#5916,
#5917),(#5918,#5919,#5920,#5921,#5922,#5923),(#5924,#5925,#5926,#5927,#5928,
#5929),(#5930,#5931,#5932,#5933,#5934,#5935),(#5936,#5937,#5938,#5939,#5940,
#5941),(#5942,#5943,#5944,#5945,#5946,#5947)),.UNSPECIFIED.,.F.,.F.,.F.,
(4,1,1,4),(4,1,1,4),(0.,0.333333333333333,0.666666666666667,1.),(0.,0.333333333333333,
0.666666666666667,1.),.UNSPECIFIED.);
#28=B_SPLINE_SURFACE_WITH_KNOTS('',3,3,((#5958,#5959,#5960,#5961,#5962,
#5963),(#5964,#5965,#5966,#5967,#5968,#5969),(#5970,#5971,#5972,#5973,#5974,
#5975),(#5976,#5977,#5978,#5979,#5980,#5981),(#5982,#5983,#5984,#5985,#5986,
#5987),(#5988,#5989,#5990,#5991,#5992,#5993)),.UNSPECIFIED.,.F.,.F.,.F.,
(4,1,1,4),(4,1,1,4),(0.,0.333333333333333,0.666666666666667,1.),(0.,0.333333333333333,
0.666666666666667,1.),.UNSPECIFIED.);
#29=B_SPLINE_SURFACE_WITH_KNOTS('',3,3,((#6012,#6013,#6014,#6015,#6016,
#6017),(#6018,#6019,#6020,#6021,#6022,#6023),(#6024,#6025,#6026,#6027,#6028,
#6029),(#6030,#6031,#6032,#6033,#6034,#6035),(#6036,#6037,#6038,#6039,#6040,
#6041),(#6042,#6043,#6044,#6045,#6046,#6047)),.UNSPECIFIED.,.F.,.F.,.F.,
(4,1,1,4),(4,1,1,4),(0.,0.333333333333333,0.666666666666667,1.),(0.,0.333333333333333,
0.666666666666667,1.),.UNSPECIFIED.);
#30=B_SPLINE_SURFACE_WITH_KNOTS('',3,3,((#6058,#6059,#6060,#6061,#6062,
#6063),(#6064,#6065,#6066,#6067,#6068,#6069),(#6070,#6071,#6072,#6073,#6074,
#6075),(#6076,#6077,#6078,#6079,#6080,#6081),(#6082,#6083,#6084,#6085,#6086,
#6087),(#6088,#6089,#6090,#6091,#6092,#6093)),.UNSPECIFIED.,.F.,.F.,.F.,
(4,1,1,4),(4,1,1,4),(0.,0.333333333333333,0.666666666666667,1.),(0.,0.333333333333333,
0.666666666666667,1.),.UNSPECIFIED.);
#31=B_SPLINE_SURFACE_WITH_KNOTS('',3,3,((#6104,#6105,#6106,#6107,#6108,
#6109),(#6110,#6111,#6112,#6113,#6114,#6115),(#6116,#6117,#6118,#6119,#6120,
#6121),(#6122,#6123,#6124,#6125,#6126,#6127),(#6128,#6129,#6130,#6131,#6132,
#6133),(#6134,#6135,#6136,#6137,#6138,#6139)),.UNSPECIFIED.,.F.,.F.,.F.,
(4,1,1,4),(4,1,1,4),(0.,0.333333333333333,0.666666666666667,1.),(0.,0.333333333333333,
0.666666666666667,1.),.UNSPECIFIED.);
#32=B_SPLINE_SURFACE_WITH_KNOTS('',3,3,((#6150,#6151,#6152,#6153,#6154,
#6155),(#6156,#6157,#6158,#6159,#6160,#6161),(#6162,#6163,#6164,#6165,#6166,
#6167),(#6168,#6169,#6170,#6171,#6172,#6173),(#6174,#6175,#6176,#6177,#6178,
#6179),(#6180,#6181,#6182,#6183,#6184,#6185)),.UNSPECIFIED.,.F.,.F.,.F.,
(4,1,1,4),(4,1,1,4),(0.,0.333333333333333,0.666666666666667,1.),(0.,0.333333333333333,
0.666666666666667,1.),.UNSPECIFIED.);
#33=B_SPLINE_SURFACE_WITH_KNOTS('',3,3,((#6196,#6197,#6198,#6199,#6200,
#6201),(#6202,#6203,#6204,#6205,#6206,#6207),(#6208,#6209,#6210,#6211,#6212,
#6213),(#6214,#6215,#6216,#6217,#6218,#6219),(#6220,#6221,#6222,#6223,#6224,
#6225),(#6226,#6227,#6228,#6229,#6230,#6231)),.UNSPECIFIED.,.F.,.F.,.F.,
(4,1,1,4),(4,1,1,4),(0.,0.333333333333333,0.666666666666667,1.),(0.,0.333333333333333,
0.666666666666667,1.),.UNSPECIFIED.);
#34=B_SPLINE_SURFACE_WITH_KNOTS('',3,3,((#6250,#6251,#6252,#6253,#6254,
#6255),(#6256,#6257,#6258,#6259,#6260,#6261),(#6262,#6263,#6264,#6265,#6266,
#6267),(#6268,#6269,#6270,#6271,#6272,#6273),(#6274,#6275,#6276,#6277,#6278,
#6279),(#6280,#6281,#6282,#6283,#6284,#6285)),.UNSPECIFIED.,.F.,.F.,.F.,
(4,1,1,4),(4,1,1,4),(0.,0.333333333333333,0.666666666666667,1.),(0.,0.333333333333333,
0.666666666666667,1.),.UNSPECIFIED.);
#35=B_SPLINE_SURFACE_WITH_KNOTS('',3,3,((#6296,#6297,#6298,#6299,#6300,
#6301),(#6302,#6303,#6304,#6305,#6306,#6307),(#6308,#6309,#6310,#6311,#6312,
#6313),(#6314,#6315,#6316,#6317,#6318,#6319),(#6320,#6321,#6322,#6323,#6324,
#6325),(#6326,#6327,#6328,#6329,#6330,#6331)),.UNSPECIFIED.,.F.,.F.,.F.,
(4,1,1,4),(4,1,1,4),(0.,0.333333333333333,0.666666666666667,1.),(0.,0.333333333333333,
0.666666666666667,1.),.UNSPECIFIED.);
#36=B_SPLINE_SURFACE_WITH_KNOTS('',3,3,((#6342,#6343,#6344,#6345,#6346,
#6347),(#6348,#6349,#6350,#6351,#6352,#6353),(#6354,#6355,#6356,#6357,#6358,
#6359),(#6360,#6361,#6362,#6363,#6364,#6365),(#6366,#6367,#6368,#6369,#6370,
#6371),(#6372,#6373,#6374,#6375,#6376,#6377)),.UNSPECIFIED.,.F.,.F.,.F.,
(4,1,1,4),(4,1,1,4),(0.,0.333333333333333,0.666666666666667,1.),(0.,0.333333333333333,
0.666666666666667,1.),.UNSPECIFIED.);
#37=B_SPLINE_SURFACE_WITH_KNOTS('',3,3,((#6388,#6389,#6390,#6391,#6392,
#6393),(#6394,#6395,#6396,#6397,#6398,#6399),(#6400,#6401,#6402,#6403,#6404,
#6405),(#6406,#6407,#6408,#6409,#6410,#6411),(#6412,#6413,#6414,#6415,#6416,
#6417),(#6418,#6419,#6420,#6421,#6422,#6423)),.UNSPECIFIED.,.F.,.F.,.F.,
(4,1,1,4),(4,1,1,4),(0.,0.333333333333333,0.666666666666667,1.),(0.,0.333333333333333,
0.666666666666667,1.),.UNSPECIFIED.);
#38=B_SPLINE_SURFACE_WITH_KNOTS('',3,3,((#6434,#6435,#6436,#6437,#6438,
#6439),(#6440,#6441,#6442,#6443,#6444,#6445),(#6446,#6447,#6448,#6449,#6450,
#6451),(#6452,#6453,#6454,#6455,#6456,#6457),(#6458,#6459,#6460,#6461,#6462,
#6463),(#6464,#6465,#6466,#6467,#6468,#6469)),.UNSPECIFIED.,.F.,.F.,.F.,
(4,1,1,4),(4,1,1,4),(0.,0.333333333333333,0.666666666666667,1.),(0.,0.333333333333333,
0.666666666666667,1.),.UNSPECIFIED.);
#39=B_SPLINE_SURFACE_WITH_KNOTS('',3,3,((#6488,#6489,#6490,#6491,#6492,
#6493),(#6494,#6495,#6496,#6497,#6498,#6499),(#6500,#6501,#6502,#6503,#6504,
#6505),(#6506,#6507,#6508,#6509,#6510,#6511),(#6512,#6513,#6514,#6515,#6516,
#6517),(#6518,#6519,#6520,#6521,#6522,#6523)),.UNSPECIFIED.,.F.,.F.,.F.,
(4,1,1,4),(4,1,1,4),(0.,0.333333333333333,0.666666666666667,1.),(0.,0.333333333333333,
0.666666666666667,1.),.UNSPECIFIED.);
#40=B_SPLINE_SURFACE_WITH_KNOTS('',3,3,((#6534,#6535,#6536,#6537,#6538,
#6539),(#6540,#6541,#6542,#6543,#6544,#6545),(#6546,#6547,#6548,#6549,#6550,
#6551),(#6552,#6553,#6554,#6555,#6556,#6557),(#6558,#6559,#6560,#6561,#6562,
#6563),(#6564,#6565,#6566,#6567,#6568,#6569)),.UNSPECIFIED.,.F.,.F.,.F.,
(4,1,1,4),(4,1,1,4),(0.,0.333333333333333,0.666666666666667,1.),(0.,0.333333333333333,
0.666666666666667,1.),.UNSPECIFIED.);
#41=B_SPLINE_SURFACE_WITH_KNOTS('',3,3,((#6580,#6581,#6582,#6583,#6584,
#6585),(#6586,#6587,#6588,#6589,#6590,#6591),(#6592,#6593,#6594,#6595,#6596,
#6597),(#6598,#6599,#6600,#6601,#6602,#6603),(#6604,#6605,#6606,#6607,#6608,
#6609),(#6610,#6611,#6612,#6613,#6614,#6615)),.UNSPECIFIED.,.F.,.F.,.F.,
(4,1,1,4),(4,1,1,4),(0.,0.333333333333333,0.666666666666667,1.),(0.,0.333333333333333,
0.666666666666667,1.),.UNSPECIFIED.);
#42=B_SPLINE_SURFACE_WITH_KNOTS('',3,3,((#6626,#6627,#6628,#6629,#6630,
#6631),(#6632,#6633,#6634,#6635,#6636,#6637),(#6638,#6639,#6640,#6641,#6642,
#6643),(#6644,#6645,#6646,#6647,#6648,#6649),(#6650,#6651,#6652,#6653,#6654,
#6655),(#6656,#6657,#6658,#6659,#6660,#6661)),.UNSPECIFIED.,.F.,.F.,.F.,
(4,1,1,4),(4,1,1,4),(0.,0.333333333333333,0.666666666666667,1.),(0.,0.333333333333333,
0.666666666666667,1.),.UNSPECIFIED.);
#43=B_SPLINE_SURFACE_WITH_KNOTS('',3,3,((#6672,#6673,#6674,#6675,#6676,
#6677),(#6678,#6679,#6680,#6681,#6682,#6683),(#6684,#6685,#6686,#6687,#6688,
#6689),(#6690,#6691,#6692,#6693,#6694,#6695),(#6696,#6697,#6698,#6699,#6700,
#6701),(#6702,#6703,#6704,#6705,#6706,#6707)),.UNSPECIFIED.,.F.,.F.,.F.,
(4,1,1,4),(4,1,1,4),(0.,0.333333333333333,0.666666666666667,1.),(0.,0.333333333333333,
0.666666666666667,1.),.UNSPECIFIED.);
#44=B_SPLINE_SURFACE_WITH_KNOTS('',3,3,((#6726,#6727,#6728,#6729,#6730,
#6731),(#6732,#6733,#6734,#6735,#6736,#6737),(#6738,#6739,#6740,#6741,#6742,
#6743),(#6744,#6745,#6746,#6747,#6748,#6749),(#6750,#6751,#6752,#6753,#6754,
#6755),(#6756,#6757,#6758,#6759,#6760,#6761)),.UNSPECIFIED.,.F.,.F.,.F.,
(4,1,1,4),(4,1,1,4),(0.,0.333333333333333,0.666666666666667,1.),(0.,0.333333333333333,
0.666666666666667,1.),.UNSPECIFIED.);
#45=B_SPLINE_SURFACE_WITH_KNOTS('',3,3,((#6772,#6773,#6774,#6775,#6776,
#6777),(#6778,#6779,#6780,#6781,#6782,#6783),(#6784,#6785,#6786,#6787,#6788,
#6789),(#6790,#6791,#6792,#6793,#6794,#6795),(#6796,#6797,#6798,#6799,#6800,
#6801),(#6802,#6803,#6804,#6805,#6806,#6807)),.UNSPECIFIED.,.F.,.F.,.F.,
(4,1,1,4),(4,1,1,4),(0.,0.333333333333333,0.666666666666667,1.),(0.,0.333333333333333,
0.666666666666667,1.),.UNSPECIFIED.);
#46=B_SPLINE_SURFACE_WITH_KNOTS('',3,3,((#6818,#6819,#6820,#6821,#6822,
#6823),(#6824,#6825,#6826,#6827,#6828,#6829),(#6830,#6831,#6832,#6833,#6834,
#6835),(#6836,#6837,#6838,#6839,#6840,#6841),(#6842,#6843,#6844,#6845,#6846,
#6847),(#6848,#6849,#6850,#6851,#6852,#6853)),.UNSPECIFIED.,.F.,.F.,.F.,
(4,1,1,4),(4,1,1,4),(0.,0.333333333333333,0.666666666666667,1.),(0.,0.333333333333333,
0.666666666666667,1.),.UNSPECIFIED.);
#47=B_SPLINE_SURFACE_WITH_KNOTS('',3,3,((#6864,#6865,#6866,#6867,#6868,
#6869),(#6870,#6871,#6872,#6873,#6874,#6875),(#6876,#6877,#6878,#6879,#6880,
#6881),(#6882,#6883,#6884,#6885,#6886,#6887),(#6888,#6889,#6890,#6891,#6892,
#6893),(#6894,#6895,#6896,#6897,#6898,#6899)),.UNSPECIFIED.,.F.,.F.,.F.,
(4,1,1,4),(4,1,1,4),(0.,0.333333333333333,0.666666666666667,1.),(0.,0.333333333333333,
0.666666666666667,1.),.UNSPECIFIED.);
#48=B_SPLINE_SURFACE_WITH_KNOTS('',3,3,((#6910,#6911,#6912,#6913,#6914,
#6915),(#6916,#6917,#6918,#6919,#6920,#6921),(#6922,#6923,#6924,#6925,#6926,
#6927),(#6928,#6929,#6930,#6931,#6932,#6933),(#6934,#6935,#6936,#6937,#6938,
#6939),(#6940,#6941,#6942,#6943,#6944,#6945)),.UNSPECIFIED.,.F.,.F.,.F.,
(4,1,1,4),(4,1,1,4),(0.,0.333333333333333,0.666666666666667,1.),(0.,0.333333333333333,
0.666666666666667,1.),.UNSPECIFIED.);
#49=B_SPLINE_SURFACE_WITH_KNOTS('',3,3,((#6964,#6965,#6966,#6967,#6968,
#6969),(#6970,#6971,#6972,#6973,#6974,#6975),(#6976,#6977,#6978,#6979,#6980,
#6981),(#6982,#6983,#6984,#6985,#6986,#6987),(#6988,#6989,#6990,#6991,#6992,
#6993),(#6994,#6995,#6996,#6997,#6998,#6999)),.UNSPECIFIED.,.F.,.F.,.F.,
(4,1,1,4),(4,1,1,4),(0.,0.333333333333333,0.666666666666667,1.),(0.,0.333333333333333,
0.666666666666667,1.),.UNSPECIFIED.);
#50=B_SPLINE_SURFACE_WITH_KNOTS('',3,3,((#7010,#7011,#7012,#7013,#7014,
#7015),(#7016,#7017,#7018,#7019,#7020,#7021),(#7022,#7023,#7024,#7025,#7026,
#7027),(#7028,#7029,#7030,#7031,#7032,#7033),(#7034,#7035,#7036,#7037,#7038,
#7039),(#7040,#7041,#7042,#7043,#7044,#7045)),.UNSPECIFIED.,.F.,.F.,.F.,
(4,1,1,4),(4,1,1,4),(0.,0.333333333333333,0.666666666666667,1.),(0.,0.333333333333333,
0.666666666666667,1.),.UNSPECIFIED.);
#51=B_SPLINE_SURFACE_WITH_KNOTS('',3,3,((#7056,#7057,#7058,#7059,#7060,
#7061),(#7062,#7063,#7064,#7065,#7066,#7067),(#7068,#7069,#7070,#7071,#7072,
#7073),(#7074,#7075,#7076,#7077,#7078,#7079),(#7080,#7081,#7082,#7083,#7084,
#7085),(#7086,#7087,#7088,#7089,#7090,#7091)),.UNSPECIFIED.,.F.,.F.,.F.,
(4,1,1,4),(4,1,1,4),(0.,0.333333333333333,0.666666666666667,1.),(0.,0.333333333333333,
0.666666666666667,1.),.UNSPECIFIED.);
#52=B_SPLINE_SURFACE_WITH_KNOTS('',3,3,((#7102,#7103,#7104,#7105,#7106,
#7107),(#7108,#7109,#7110,#7111,#7112,#7113),(#7114,#7115,#7116,#7117,#7118,
#7119),(#7120,#7121,#7122,#7123,#7124,#7125),(#7126,#7127,#7128,#7129,#7130,
#7131),(#7132,#7133,#7134,#7135,#7136,#7137)),.UNSPECIFIED.,.F.,.F.,.F.,
(4,1,1,4),(4,1,1,4),(0.,0.333333333333333,0.666666666666667,1.),(0.,0.333333333333333,
0.666666666666667,1.),.UNSPECIFIED.);
#53=B_SPLINE_SURFACE_WITH_KNOTS('',3,3,((#7148,#7149,#7150,#7151,#7152,
#7153),(#7154,#7155,#7156,#7157,#7158,#7159),(#7160,#7161,#7162,#7163,#7164,
#7165),(#7166,#7167,#7168,#7169,#7170,#7171),(#7172,#7173,#7174,#7175,#7176,
#7177),(#7178,#7179,#7180,#7181,#7182,#7183)),.UNSPECIFIED.,.F.,.F.,.F.,
(4,1,1,4),(4,1,1,4),(0.,0.333333333333333,0.666666666666667,1.),(0.,0.333333333333333,
0.666666666666667,1.),.UNSPECIFIED.);
#54=B_SPLINE_SURFACE_WITH_KNOTS('',3,3,((#7187,#7188,#7189,#7190,#7191,
#7192),(#7193,#7194,#7195,#7196,#7197,#7198),(#7199,#7200,#7201,#7202,#7203,
#7204),(#7205,#7206,#7207,#7208,#7209,#7210),(#7211,#7212,#7213,#7214,#7215,
#7216),(#7217,#7218,#7219,#7220,#7221,#7222)),.UNSPECIFIED.,.F.,.F.,.F.,
(4,1,1,4),(4,1,1,4),(0.,0.333333333333333,0.666666666666667,1.),(0.,0.333333333333333,
0.666666666666667,1.),.UNSPECIFIED.);
#55=B_SPLINE_SURFACE_WITH_KNOTS('',3,3,((#7229,#7230,#7231,#7232,#7233,
#7234),(#7235,#7236,#7237,#7238,#7239,#7240),(#7241,#7242,#7243,#7244,#7245,
#7246),(#7247,#7248,#7249,#7250,#7251,#7252),(#7253,#7254,#7255,#7256,#7257,
#7258),(#7259,#7260,#7261,#7262,#7263,#7264)),.UNSPECIFIED.,.F.,.F.,.F.,
(4,1,1,4),(4,1,1,4),(0.,0.333333333333333,0.666666666666667,1.),(0.,0.333333333333333,
0.666666666666667,1.),.UNSPECIFIED.);
#56=B_SPLINE_SURFACE_WITH_KNOTS('',3,3,((#7268,#7269,#7270,#7271,#7272,
#7273),(#7274,#7275,#7276,#7277,#7278,#7279),(#7280,#7281,#7282,#7283,#7284,
#7285),(#7286,#7287,#7288,#7289,#7290,#7291),(#7292,#7293,#7294,#7295,#7296,
#7297),(#7298,#7299,#7300,#7301,#7302,#7303)),.UNSPECIFIED.,.F.,.F.,.F.,
(4,1,1,4),(4,1,1,4),(0.,0.333333333333333,0.666666666666667,1.),(0.,0.333333333333333,
0.666666666666667,1.),.UNSPECIFIED.);
#57=B_SPLINE_SURFACE_WITH_KNOTS('',3,3,((#7505,#7506,#7507,#7508,#7509,
#7510),(#7511,#7512,#7513,#7514,#7515,#7516),(#7517,#7518,#7519,#7520,#7521,
#7522),(#7523,#7524,#7525,#7526,#7527,#7528),(#7529,#7530,#7531,#7532,#7533,
#7534),(#7535,#7536,#7537,#7538,#7539,#7540)),.UNSPECIFIED.,.F.,.F.,.F.,
(4,1,1,4),(4,1,1,4),(0.,0.333333333333333,0.666666666666667,1.),(0.,0.333333333333333,
0.666666666666667,1.),.UNSPECIFIED.);
#58=B_SPLINE_SURFACE_WITH_KNOTS('',3,3,((#7544,#7545,#7546,#7547,#7548,
#7549),(#7550,#7551,#7552,#7553,#7554,#7555),(#7556,#7557,#7558,#7559,#7560,
#7561),(#7562,#7563,#7564,#7565,#7566,#7567),(#7568,#7569,#7570,#7571,#7572,
#7573),(#7574,#7575,#7576,#7577,#7578,#7579)),.UNSPECIFIED.,.F.,.F.,.F.,
(4,1,1,4),(4,1,1,4),(0.,0.333333333333333,0.666666666666667,1.),(0.,0.333333333333333,
0.666666666666667,1.),.UNSPECIFIED.);
#59=B_SPLINE_SURFACE_WITH_KNOTS('',3,3,((#7585,#7586,#7587,#7588,#7589,
#7590),(#7591,#7592,#7593,#7594,#7595,#7596),(#7597,#7598,#7599,#7600,#7601,
#7602),(#7603,#7604,#7605,#7606,#7607,#7608),(#7609,#7610,#7611,#7612,#7613,
#7614),(#7615,#7616,#7617,#7618,#7619,#7620)),.UNSPECIFIED.,.F.,.F.,.F.,
(4,1,1,4),(4,1,1,4),(0.,0.333333333333333,0.666666666666667,1.),(0.,0.333333333333333,
0.666666666666667,1.),.UNSPECIFIED.);
#60=B_SPLINE_SURFACE_WITH_KNOTS('',3,3,((#7632,#7633,#7634,#7635,#7636,
#7637),(#7638,#7639,#7640,#7641,#7642,#7643),(#7644,#7645,#7646,#7647,#7648,
#7649),(#7650,#7651,#7652,#7653,#7654,#7655),(#7656,#7657,#7658,#7659,#7660,
#7661),(#7662,#7663,#7664,#7665,#7666,#7667)),.UNSPECIFIED.,.F.,.F.,.F.,
(4,1,1,4),(4,1,1,4),(0.,0.333333333333333,0.666666666666667,1.),(0.,0.333333333333333,
0.666666666666667,1.),.UNSPECIFIED.);
#61=STYLED_ITEM('',(#8026),#63);
#62=STYLED_ITEM('',(#8026),#64);
#63=MANIFOLD_SOLID_BREP('Cover-Wall-Body',#3706);
#64=MANIFOLD_SOLID_BREP('TopPlate-Body',#3707);
#65=CONICAL_SURFACE('',#3749,5.24999999999994,0.785398163397447);
#66=CONICAL_SURFACE('',#3752,5.24999999999997,0.785398163397447);
#67=CONICAL_SURFACE('',#3755,5.25,0.785398163397448);
#68=CONICAL_SURFACE('',#3758,5.25,0.785398163397448);
#69=FACE_BOUND('',#1126,.T.);
#70=FACE_BOUND('',#1142,.T.);
#71=FACE_BOUND('',#1145,.T.);
#72=FACE_BOUND('',#1150,.T.);
#73=FACE_BOUND('',#1155,.T.);
#74=FACE_BOUND('',#1160,.T.);
#75=FACE_BOUND('',#1170,.T.);
#76=FACE_BOUND('',#1171,.T.);
#77=FACE_BOUND('',#1172,.T.);
#78=FACE_BOUND('',#1173,.T.);
#79=FACE_BOUND('',#1229,.T.);
#80=FACE_BOUND('',#1230,.T.);
#81=FACE_BOUND('',#1231,.T.);
#82=FACE_BOUND('',#1232,.T.);
#83=FACE_BOUND('',#1233,.T.);
#84=FACE_BOUND('',#1234,.T.);
#85=FACE_BOUND('',#1235,.T.);
#86=FACE_BOUND('',#1236,.T.);
#87=FACE_BOUND('',#1237,.T.);
#88=FACE_BOUND('',#1238,.T.);
#89=FACE_BOUND('',#1239,.T.);
#90=FACE_BOUND('',#1335,.T.);
#91=FACE_BOUND('',#1336,.T.);
#92=FACE_BOUND('',#1337,.T.);
#93=FACE_BOUND('',#1338,.T.);
#94=FACE_BOUND('',#1339,.T.);
#95=FACE_BOUND('',#1340,.T.);
#96=FACE_BOUND('',#1341,.T.);
#97=FACE_BOUND('',#1342,.T.);
#98=FACE_BOUND('',#1343,.T.);
#99=FACE_BOUND('',#1344,.T.);
#100=FACE_BOUND('',#1345,.T.);
#101=PLANE('',#3730);
#102=PLANE('',#3735);
#103=PLANE('',#3736);
#104=PLANE('',#3737);
#105=PLANE('',#3738);
#106=PLANE('',#3739);
#107=PLANE('',#3740);
#108=PLANE('',#3741);
#109=PLANE('',#3742);
#110=PLANE('',#3743);
#111=PLANE('',#3748);
#112=PLANE('',#3751);
#113=PLANE('',#3754);
#114=PLANE('',#3757);
#115=PLANE('',#3762);
#116=PLANE('',#3765);
#117=PLANE('',#3766);
#118=PLANE('',#3767);
#119=PLANE('',#3768);
#120=PLANE('',#3769);
#121=PLANE('',#3770);
#122=PLANE('',#3777);
#123=PLANE('',#3778);
#124=PLANE('',#3785);
#125=PLANE('',#3786);
#126=PLANE('',#3793);
#127=PLANE('',#3794);
#128=PLANE('',#3801);
#129=PLANE('',#3802);
#130=PLANE('',#3803);
#131=PLANE('',#3806);
#132=PLANE('',#3809);
#133=PLANE('',#3852);
#134=PLANE('',#3855);
#135=PLANE('',#3856);
#136=PLANE('',#3857);
#137=PLANE('',#3858);
#138=PLANE('',#3859);
#139=PLANE('',#3860);
#140=PLANE('',#3861);
#141=PLANE('',#3862);
#142=PLANE('',#3863);
#143=PLANE('',#3864);
#144=PLANE('',#3901);
#145=PLANE('',#3902);
#146=PLANE('',#3905);
#147=PLANE('',#3907);
#148=PLANE('',#3908);
#149=PLANE('',#3910);
#150=PLANE('',#3911);
#151=PLANE('',#3912);
#152=PLANE('',#3913);
#153=PLANE('',#3914);
#154=PLANE('',#3915);
#155=PLANE('',#3916);
#156=PLANE('',#3917);
#157=PLANE('',#3918);
#158=PLANE('',#3919);
#159=PLANE('',#3922);
#160=PLANE('',#3925);
#161=PLANE('',#3928);
#162=PLANE('',#3931);
#163=PLANE('',#3934);
#164=PLANE('',#3937);
#165=PLANE('',#3940);
#166=PLANE('',#3943);
#167=PLANE('',#3946);
#168=PLANE('',#3949);
#169=PLANE('',#3952);
#170=PLANE('',#3955);
#171=PLANE('',#3958);
#172=PLANE('',#3961);
#173=PLANE('',#3964);
#174=PLANE('',#3967);
#175=PLANE('',#3970);
#176=PLANE('',#3973);
#177=PLANE('',#3976);
#178=PLANE('',#3979);
#179=PLANE('',#3982);
#180=PLANE('',#3985);
#181=PLANE('',#3988);
#182=PLANE('',#3991);
#183=PLANE('',#3994);
#184=PLANE('',#3997);
#185=PLANE('',#4000);
#186=PLANE('',#4003);
#187=PLANE('',#4006);
#188=PLANE('',#4009);
#189=PLANE('',#4012);
#190=PLANE('',#4015);
#191=PLANE('',#4018);
#192=PLANE('',#4021);
#193=PLANE('',#4024);
#194=PLANE('',#4027);
#195=PLANE('',#4028);
#196=PLANE('',#4029);
#197=PLANE('',#4030);
#198=PLANE('',#4031);
#199=LINE('',#5008,#528);
#200=LINE('',#5009,#529);
#201=LINE('',#5027,#530);
#202=LINE('',#5029,#531);
#203=LINE('',#5030,#532);
#204=LINE('',#5033,#533);
#205=LINE('',#5038,#534);
#206=LINE('',#5041,#535);
#207=LINE('',#5043,#536);
#208=LINE('',#5045,#537);
#209=LINE('',#5047,#538);
#210=LINE('',#5048,#539);
#211=LINE('',#5051,#540);
#212=LINE('',#5053,#541);
#213=LINE('',#5055,#542);
#214=LINE('',#5057,#543);
#215=LINE('',#5058,#544);
#216=LINE('',#5062,#545);
#217=LINE('',#5064,#546);
#218=LINE('',#5066,#547);
#219=LINE('',#5067,#548);
#220=LINE('',#5070,#549);
#221=LINE('',#5072,#550);
#222=LINE('',#5073,#551);
#223=LINE('',#5076,#552);
#224=LINE('',#5078,#553);
#225=LINE('',#5079,#554);
#226=LINE('',#5081,#555);
#227=LINE('',#5082,#556);
#228=LINE('',#5085,#557);
#229=LINE('',#5087,#558);
#230=LINE('',#5088,#559);
#231=LINE('',#5091,#560);
#232=LINE('',#5092,#561);
#233=LINE('',#5096,#562);
#234=LINE('',#5100,#563);
#235=LINE('',#5104,#564);
#236=LINE('',#5108,#565);
#237=LINE('',#5111,#566);
#238=LINE('',#5112,#567);
#239=LINE('',#5115,#568);
#240=LINE('',#5119,#569);
#241=LINE('',#5120,#570);
#242=LINE('',#5123,#571);
#243=LINE('',#5127,#572);
#244=LINE('',#5128,#573);
#245=LINE('',#5131,#574);
#246=LINE('',#5135,#575);
#247=LINE('',#5136,#576);
#248=LINE('',#5141,#577);
#249=LINE('',#5144,#578);
#250=LINE('',#5147,#579);
#251=LINE('',#5148,#580);
#252=LINE('',#5154,#581);
#253=LINE('',#5156,#582);
#254=LINE('',#5158,#583);
#255=LINE('',#5159,#584);
#256=LINE('',#5161,#585);
#257=LINE('',#5162,#586);
#258=LINE('',#5164,#587);
#259=LINE('',#5165,#588);
#260=LINE('',#5168,#589);
#261=LINE('',#5169,#590);
#262=LINE('',#5171,#591);
#263=LINE('',#5180,#592);
#264=LINE('',#5183,#593);
#265=LINE('',#5194,#594);
#266=LINE('',#5197,#595);
#267=LINE('',#5208,#596);
#268=LINE('',#5211,#597);
#269=LINE('',#5222,#598);
#270=LINE('',#5225,#599);
#271=LINE('',#5230,#600);
#272=LINE('',#5231,#601);
#273=LINE('',#5235,#602);
#274=LINE('',#5239,#603);
#275=LINE('',#5240,#604);
#276=LINE('',#5297,#605);
#277=LINE('',#5342,#606);
#278=LINE('',#5389,#607);
#279=LINE('',#5434,#608);
#280=LINE('',#5481,#609);
#281=LINE('',#5535,#610);
#282=LINE('',#5580,#611);
#283=LINE('',#5627,#612);
#284=LINE('',#5672,#613);
#285=LINE('',#5719,#614);
#286=LINE('',#5773,#615);
#287=LINE('',#5818,#616);
#288=LINE('',#5865,#617);
#289=LINE('',#5910,#618);
#290=LINE('',#5957,#619);
#291=LINE('',#6011,#620);
#292=LINE('',#6056,#621);
#293=LINE('',#6103,#622);
#294=LINE('',#6148,#623);
#295=LINE('',#6195,#624);
#296=LINE('',#6249,#625);
#297=LINE('',#6294,#626);
#298=LINE('',#6341,#627);
#299=LINE('',#6386,#628);
#300=LINE('',#6433,#629);
#301=LINE('',#6487,#630);
#302=LINE('',#6532,#631);
#303=LINE('',#6579,#632);
#304=LINE('',#6624,#633);
#305=LINE('',#6671,#634);
#306=LINE('',#6725,#635);
#307=LINE('',#6770,#636);
#308=LINE('',#6817,#637);
#309=LINE('',#6862,#638);
#310=LINE('',#6909,#639);
#311=LINE('',#6963,#640);
#312=LINE('',#7008,#641);
#313=LINE('',#7055,#642);
#314=LINE('',#7100,#643);
#315=LINE('',#7147,#644);
#316=LINE('',#7185,#645);
#317=LINE('',#7224,#646);
#318=LINE('',#7227,#647);
#319=LINE('',#7228,#648);
#320=LINE('',#7266,#649);
#321=LINE('',#7305,#650);
#322=LINE('',#7308,#651);
#323=LINE('',#7309,#652);
#324=LINE('',#7311,#653);
#325=LINE('',#7312,#654);
#326=LINE('',#7316,#655);
#327=LINE('',#7317,#656);
#328=LINE('',#7318,#657);
#329=LINE('',#7320,#658);
#330=LINE('',#7321,#659);
#331=LINE('',#7325,#660);
#332=LINE('',#7326,#661);
#333=LINE('',#7327,#662);
#334=LINE('',#7331,#663);
#335=LINE('',#7332,#664);
#336=LINE('',#7333,#665);
#337=LINE('',#7337,#666);
#338=LINE('',#7338,#667);
#339=LINE('',#7339,#668);
#340=LINE('',#7341,#669);
#341=LINE('',#7343,#670);
#342=LINE('',#7347,#671);
#343=LINE('',#7349,#672);
#344=LINE('',#7351,#673);
#345=LINE('',#7352,#674);
#346=LINE('',#7353,#675);
#347=LINE('',#7354,#676);
#348=LINE('',#7355,#677);
#349=LINE('',#7356,#678);
#350=LINE('',#7359,#679);
#351=LINE('',#7363,#680);
#352=LINE('',#7367,#681);
#353=LINE('',#7371,#682);
#354=LINE('',#7375,#683);
#355=LINE('',#7379,#684);
#356=LINE('',#7383,#685);
#357=LINE('',#7387,#686);
#358=LINE('',#7391,#687);
#359=LINE('',#7395,#688);
#360=LINE('',#7399,#689);
#361=LINE('',#7403,#690);
#362=LINE('',#7407,#691);
#363=LINE('',#7411,#692);
#364=LINE('',#7415,#693);
#365=LINE('',#7419,#694);
#366=LINE('',#7423,#695);
#367=LINE('',#7427,#696);
#368=LINE('',#7431,#697);
#369=LINE('',#7435,#698);
#370=LINE('',#7439,#699);
#371=LINE('',#7443,#700);
#372=LINE('',#7447,#701);
#373=LINE('',#7451,#702);
#374=LINE('',#7455,#703);
#375=LINE('',#7459,#704);
#376=LINE('',#7463,#705);
#377=LINE('',#7467,#706);
#378=LINE('',#7471,#707);
#379=LINE('',#7475,#708);
#380=LINE('',#7479,#709);
#381=LINE('',#7483,#710);
#382=LINE('',#7487,#711);
#383=LINE('',#7491,#712);
#384=LINE('',#7495,#713);
#385=LINE('',#7499,#714);
#386=LINE('',#7502,#715);
#387=LINE('',#7504,#716);
#388=LINE('',#7542,#717);
#389=LINE('',#7581,#718);
#390=LINE('',#7584,#719);
#391=LINE('',#7622,#720);
#392=LINE('',#7625,#721);
#393=LINE('',#7629,#722);
#394=LINE('',#7630,#723);
#395=LINE('',#7631,#724);
#396=LINE('',#7669,#725);
#397=LINE('',#7672,#726);
#398=LINE('',#7674,#727);
#399=LINE('',#7678,#728);
#400=LINE('',#7679,#729);
#401=LINE('',#7680,#730);
#402=LINE('',#7684,#731);
#403=LINE('',#7685,#732);
#404=LINE('',#7686,#733);
#405=LINE('',#7690,#734);
#406=LINE('',#7691,#735);
#407=LINE('',#7692,#736);
#408=LINE('',#7694,#737);
#409=LINE('',#7696,#738);
#410=LINE('',#7698,#739);
#411=LINE('',#7700,#740);
#412=LINE('',#7703,#741);
#413=LINE('',#7705,#742);
#414=LINE('',#7706,#743);
#415=LINE('',#7710,#744);
#416=LINE('',#7713,#745);
#417=LINE('',#7714,#746);
#418=LINE('',#7718,#747);
#419=LINE('',#7721,#748);
#420=LINE('',#7722,#749);
#421=LINE('',#7726,#750);
#422=LINE('',#7729,#751);
#423=LINE('',#7730,#752);
#424=LINE('',#7735,#753);
#425=LINE('',#7737,#754);
#426=LINE('',#7738,#755);
#427=LINE('',#7742,#756);
#428=LINE('',#7745,#757);
#429=LINE('',#7746,#758);
#430=LINE('',#7750,#759);
#431=LINE('',#7753,#760);
#432=LINE('',#7754,#761);
#433=LINE('',#7758,#762);
#434=LINE('',#7761,#763);
#435=LINE('',#7762,#764);
#436=LINE('',#7767,#765);
#437=LINE('',#7769,#766);
#438=LINE('',#7770,#767);
#439=LINE('',#7774,#768);
#440=LINE('',#7777,#769);
#441=LINE('',#7778,#770);
#442=LINE('',#7782,#771);
#443=LINE('',#7785,#772);
#444=LINE('',#7786,#773);
#445=LINE('',#7790,#774);
#446=LINE('',#7793,#775);
#447=LINE('',#7794,#776);
#448=LINE('',#7799,#777);
#449=LINE('',#7801,#778);
#450=LINE('',#7802,#779);
#451=LINE('',#7806,#780);
#452=LINE('',#7809,#781);
#453=LINE('',#7810,#782);
#454=LINE('',#7814,#783);
#455=LINE('',#7817,#784);
#456=LINE('',#7818,#785);
#457=LINE('',#7822,#786);
#458=LINE('',#7825,#787);
#459=LINE('',#7826,#788);
#460=LINE('',#7831,#789);
#461=LINE('',#7833,#790);
#462=LINE('',#7834,#791);
#463=LINE('',#7838,#792);
#464=LINE('',#7841,#793);
#465=LINE('',#7842,#794);
#466=LINE('',#7846,#795);
#467=LINE('',#7849,#796);
#468=LINE('',#7850,#797);
#469=LINE('',#7854,#798);
#470=LINE('',#7857,#799);
#471=LINE('',#7858,#800);
#472=LINE('',#7863,#801);
#473=LINE('',#7865,#802);
#474=LINE('',#7866,#803);
#475=LINE('',#7870,#804);
#476=LINE('',#7873,#805);
#477=LINE('',#7874,#806);
#478=LINE('',#7878,#807);
#479=LINE('',#7881,#808);
#480=LINE('',#7882,#809);
#481=LINE('',#7886,#810);
#482=LINE('',#7889,#811);
#483=LINE('',#7890,#812);
#484=LINE('',#7895,#813);
#485=LINE('',#7897,#814);
#486=LINE('',#7898,#815);
#487=LINE('',#7902,#816);
#488=LINE('',#7905,#817);
#489=LINE('',#7906,#818);
#490=LINE('',#7910,#819);
#491=LINE('',#7913,#820);
#492=LINE('',#7914,#821);
#493=LINE('',#7918,#822);
#494=LINE('',#7921,#823);
#495=LINE('',#7922,#824);
#496=LINE('',#7927,#825);
#497=LINE('',#7929,#826);
#498=LINE('',#7930,#827);
#499=LINE('',#7934,#828);
#500=LINE('',#7937,#829);
#501=LINE('',#7938,#830);
#502=LINE('',#7942,#831);
#503=LINE('',#7945,#832);
#504=LINE('',#7946,#833);
#505=LINE('',#7950,#834);
#506=LINE('',#7953,#835);
#507=LINE('',#7954,#836);
#508=LINE('',#7959,#837);
#509=LINE('',#7961,#838);
#510=LINE('',#7962,#839);
#511=LINE('',#7966,#840);
#512=LINE('',#7969,#841);
#513=LINE('',#7970,#842);
#514=LINE('',#7974,#843);
#515=LINE('',#7977,#844);
#516=LINE('',#7978,#845);
#517=LINE('',#7982,#846);
#518=LINE('',#7985,#847);
#519=LINE('',#7986,#848);
#520=LINE('',#7992,#849);
#521=LINE('',#7993,#850);
#522=LINE('',#7994,#851);
#523=LINE('',#7997,#852);
#524=LINE('',#7998,#853);
#525=LINE('',#8001,#854);
#526=LINE('',#8002,#855);
#527=LINE('',#8004,#856);
#528=VECTOR('',#4046,10.);
#529=VECTOR('',#4047,10.);
#530=VECTOR('',#4056,10.);
#531=VECTOR('',#4057,10.);
#532=VECTOR('',#4058,10.);
#533=VECTOR('',#4061,10.);
#534=VECTOR('',#4068,10.);
#535=VECTOR('',#4071,10.);
#536=VECTOR('',#4072,10.);
#537=VECTOR('',#4073,10.);
#538=VECTOR('',#4074,10.);
#539=VECTOR('',#4075,10.);
#540=VECTOR('',#4078,10.);
#541=VECTOR('',#4079,10.);
#542=VECTOR('',#4080,10.);
#543=VECTOR('',#4081,10.);
#544=VECTOR('',#4082,10.);
#545=VECTOR('',#4085,10.);
#546=VECTOR('',#4086,10.);
#547=VECTOR('',#4087,10.);
#548=VECTOR('',#4088,10.);
#549=VECTOR('',#4091,10.);
#550=VECTOR('',#4092,10.);
#551=VECTOR('',#4093,10.);
#552=VECTOR('',#4096,10.);
#553=VECTOR('',#4097,10.);
#554=VECTOR('',#4098,10.);
#555=VECTOR('',#4101,10.);
#556=VECTOR('',#4102,10.);
#557=VECTOR('',#4105,10.);
#558=VECTOR('',#4106,10.);
#559=VECTOR('',#4107,10.);
#560=VECTOR('',#4110,10.);
#561=VECTOR('',#4111,10.);
#562=VECTOR('',#4114,10.);
#563=VECTOR('',#4117,10.);
#564=VECTOR('',#4120,10.);
#565=VECTOR('',#4123,10.);
#566=VECTOR('',#4128,10.);
#567=VECTOR('',#4129,10.);
#568=VECTOR('',#4132,10.);
#569=VECTOR('',#4137,10.);
#570=VECTOR('',#4138,10.);
#571=VECTOR('',#4141,10.);
#572=VECTOR('',#4146,10.);
#573=VECTOR('',#4147,10.);
#574=VECTOR('',#4150,10.);
#575=VECTOR('',#4155,10.);
#576=VECTOR('',#4156,10.);
#577=VECTOR('',#4163,10.);
#578=VECTOR('',#4166,10.);
#579=VECTOR('',#4169,10.);
#580=VECTOR('',#4170,10.);
#581=VECTOR('',#4177,10.);
#582=VECTOR('',#4178,10.);
#583=VECTOR('',#4179,10.);
#584=VECTOR('',#4180,10.);
#585=VECTOR('',#4183,10.);
#586=VECTOR('',#4184,10.);
#587=VECTOR('',#4187,10.);
#588=VECTOR('',#4188,10.);
#589=VECTOR('',#4191,10.);
#590=VECTOR('',#4192,10.);
#591=VECTOR('',#4195,10.);
#592=VECTOR('',#4206,1.7);
#593=VECTOR('',#4209,1.45);
#594=VECTOR('',#4224,1.7);
#595=VECTOR('',#4227,1.45);
#596=VECTOR('',#4242,1.7);
#597=VECTOR('',#4245,1.45);
#598=VECTOR('',#4260,1.7);
#599=VECTOR('',#4263,1.45);
#600=VECTOR('',#4270,10.);
#601=VECTOR('',#4271,10.);
#602=VECTOR('',#4276,10.);
#603=VECTOR('',#4281,10.);
#604=VECTOR('',#4282,10.);
#605=VECTOR('',#4291,10.);
#606=VECTOR('',#4292,10.);
#607=VECTOR('',#4297,10.);
#608=VECTOR('',#4298,10.);
#609=VECTOR('',#4303,10.);
#610=VECTOR('',#4306,10.);
#611=VECTOR('',#4307,10.);
#612=VECTOR('',#4312,10.);
#613=VECTOR('',#4313,10.);
#614=VECTOR('',#4318,10.);
#615=VECTOR('',#4321,10.);
#616=VECTOR('',#4322,10.);
#617=VECTOR('',#4327,10.);
#618=VECTOR('',#4328,10.);
#619=VECTOR('',#4333,10.);
#620=VECTOR('',#4336,10.);
#621=VECTOR('',#4337,10.);
#622=VECTOR('',#4342,10.);
#623=VECTOR('',#4343,10.);
#624=VECTOR('',#4348,10.);
#625=VECTOR('',#4351,10.);
#626=VECTOR('',#4352,10.);
#627=VECTOR('',#4357,10.);
#628=VECTOR('',#4358,10.);
#629=VECTOR('',#4363,10.);
#630=VECTOR('',#4366,10.);
#631=VECTOR('',#4367,10.);
#632=VECTOR('',#4372,10.);
#633=VECTOR('',#4373,10.);
#634=VECTOR('',#4378,10.);
#635=VECTOR('',#4381,10.);
#636=VECTOR('',#4382,10.);
#637=VECTOR('',#4387,10.);
#638=VECTOR('',#4388,10.);
#639=VECTOR('',#4393,10.);
#640=VECTOR('',#4396,10.);
#641=VECTOR('',#4397,10.);
#642=VECTOR('',#4402,10.);
#643=VECTOR('',#4403,10.);
#644=VECTOR('',#4408,10.);
#645=VECTOR('',#4409,10.);
#646=VECTOR('',#4412,10.);
#647=VECTOR('',#4417,10.);
#648=VECTOR('',#4418,10.);
#649=VECTOR('',#4419,10.);
#650=VECTOR('',#4422,10.);
#651=VECTOR('',#4427,10.);
#652=VECTOR('',#4428,10.);
#653=VECTOR('',#4431,10.);
#654=VECTOR('',#4432,10.);
#655=VECTOR('',#4435,10.);
#656=VECTOR('',#4436,10.);
#657=VECTOR('',#4437,10.);
#658=VECTOR('',#4440,10.);
#659=VECTOR('',#4441,10.);
#660=VECTOR('',#4444,10.);
#661=VECTOR('',#4445,10.);
#662=VECTOR('',#4446,10.);
#663=VECTOR('',#4449,10.);
#664=VECTOR('',#4450,10.);
#665=VECTOR('',#4451,10.);
#666=VECTOR('',#4454,10.);
#667=VECTOR('',#4455,10.);
#668=VECTOR('',#4456,10.);
#669=VECTOR('',#4459,10.);
#670=VECTOR('',#4462,10.);
#671=VECTOR('',#4465,10.);
#672=VECTOR('',#4466,10.);
#673=VECTOR('',#4467,10.);
#674=VECTOR('',#4468,10.);
#675=VECTOR('',#4469,10.);
#676=VECTOR('',#4470,10.);
#677=VECTOR('',#4471,10.);
#678=VECTOR('',#4472,10.);
#679=VECTOR('',#4473,10.);
#680=VECTOR('',#4476,10.);
#681=VECTOR('',#4479,10.);
#682=VECTOR('',#4482,10.);
#683=VECTOR('',#4485,10.);
#684=VECTOR('',#4488,10.);
#685=VECTOR('',#4491,10.);
#686=VECTOR('',#4494,10.);
#687=VECTOR('',#4497,10.);
#688=VECTOR('',#4500,10.);
#689=VECTOR('',#4503,10.);
#690=VECTOR('',#4506,10.);
#691=VECTOR('',#4509,10.);
#692=VECTOR('',#4512,10.);
#693=VECTOR('',#4515,10.);
#694=VECTOR('',#4518,10.);
#695=VECTOR('',#4521,10.);
#696=VECTOR('',#4524,10.);
#697=VECTOR('',#4527,10.);
#698=VECTOR('',#4530,10.);
#699=VECTOR('',#4533,10.);
#700=VECTOR('',#4536,10.);
#701=VECTOR('',#4539,10.);
#702=VECTOR('',#4542,10.);
#703=VECTOR('',#4545,10.);
#704=VECTOR('',#4548,10.);
#705=VECTOR('',#4551,10.);
#706=VECTOR('',#4554,10.);
#707=VECTOR('',#4557,10.);
#708=VECTOR('',#4560,10.);
#709=VECTOR('',#4563,10.);
#710=VECTOR('',#4566,10.);
#711=VECTOR('',#4569,10.);
#712=VECTOR('',#4572,10.);
#713=VECTOR('',#4575,10.);
#714=VECTOR('',#4578,10.);
#715=VECTOR('',#4583,10.);
#716=VECTOR('',#4586,10.);
#717=VECTOR('',#4587,10.);
#718=VECTOR('',#4590,10.);
#719=VECTOR('',#4595,10.);
#720=VECTOR('',#4596,10.);
#721=VECTOR('',#4601,10.);
#722=VECTOR('',#4604,10.);
#723=VECTOR('',#4605,10.);
#724=VECTOR('',#4606,10.);
#725=VECTOR('',#4607,10.);
#726=VECTOR('',#4612,10.);
#727=VECTOR('',#4615,10.);
#728=VECTOR('',#4618,10.);
#729=VECTOR('',#4619,10.);
#730=VECTOR('',#4620,10.);
#731=VECTOR('',#4623,10.);
#732=VECTOR('',#4624,10.);
#733=VECTOR('',#4625,10.);
#734=VECTOR('',#4628,10.);
#735=VECTOR('',#4629,10.);
#736=VECTOR('',#4630,10.);
#737=VECTOR('',#4633,10.);
#738=VECTOR('',#4636,10.);
#739=VECTOR('',#4639,10.);
#740=VECTOR('',#4642,10.);
#741=VECTOR('',#4645,10.);
#742=VECTOR('',#4646,10.);
#743=VECTOR('',#4647,10.);
#744=VECTOR('',#4652,10.);
#745=VECTOR('',#4655,10.);
#746=VECTOR('',#4656,10.);
#747=VECTOR('',#4661,10.);
#748=VECTOR('',#4664,10.);
#749=VECTOR('',#4665,10.);
#750=VECTOR('',#4670,10.);
#751=VECTOR('',#4673,10.);
#752=VECTOR('',#4674,10.);
#753=VECTOR('',#4681,10.);
#754=VECTOR('',#4682,10.);
#755=VECTOR('',#4683,10.);
#756=VECTOR('',#4688,10.);
#757=VECTOR('',#4691,10.);
#758=VECTOR('',#4692,10.);
#759=VECTOR('',#4697,10.);
#760=VECTOR('',#4700,10.);
#761=VECTOR('',#4701,10.);
#762=VECTOR('',#4706,10.);
#763=VECTOR('',#4709,10.);
#764=VECTOR('',#4710,10.);
#765=VECTOR('',#4717,10.);
#766=VECTOR('',#4718,10.);
#767=VECTOR('',#4719,10.);
#768=VECTOR('',#4724,10.);
#769=VECTOR('',#4727,10.);
#770=VECTOR('',#4728,10.);
#771=VECTOR('',#4733,10.);
#772=VECTOR('',#4736,10.);
#773=VECTOR('',#4737,10.);
#774=VECTOR('',#4742,10.);
#775=VECTOR('',#4745,10.);
#776=VECTOR('',#4746,10.);
#777=VECTOR('',#4753,10.);
#778=VECTOR('',#4754,10.);
#779=VECTOR('',#4755,10.);
#780=VECTOR('',#4760,10.);
#781=VECTOR('',#4763,10.);
#782=VECTOR('',#4764,10.);
#783=VECTOR('',#4769,10.);
#784=VECTOR('',#4772,10.);
#785=VECTOR('',#4773,10.);
#786=VECTOR('',#4778,10.);
#787=VECTOR('',#4781,10.);
#788=VECTOR('',#4782,10.);
#789=VECTOR('',#4789,10.);
#790=VECTOR('',#4790,10.);
#791=VECTOR('',#4791,10.);
#792=VECTOR('',#4796,10.);
#793=VECTOR('',#4799,10.);
#794=VECTOR('',#4800,10.);
#795=VECTOR('',#4805,10.);
#796=VECTOR('',#4808,10.);
#797=VECTOR('',#4809,10.);
#798=VECTOR('',#4814,10.);
#799=VECTOR('',#4817,10.);
#800=VECTOR('',#4818,10.);
#801=VECTOR('',#4825,10.);
#802=VECTOR('',#4826,10.);
#803=VECTOR('',#4827,10.);
#804=VECTOR('',#4832,10.);
#805=VECTOR('',#4835,10.);
#806=VECTOR('',#4836,10.);
#807=VECTOR('',#4841,10.);
#808=VECTOR('',#4844,10.);
#809=VECTOR('',#4845,10.);
#810=VECTOR('',#4850,10.);
#811=VECTOR('',#4853,10.);
#812=VECTOR('',#4854,10.);
#813=VECTOR('',#4861,10.);
#814=VECTOR('',#4862,10.);
#815=VECTOR('',#4863,10.);
#816=VECTOR('',#4868,10.);
#817=VECTOR('',#4871,10.);
#818=VECTOR('',#4872,10.);
#819=VECTOR('',#4877,10.);
#820=VECTOR('',#4880,10.);
#821=VECTOR('',#4881,10.);
#822=VECTOR('',#4886,10.);
#823=VECTOR('',#4889,10.);
#824=VECTOR('',#4890,10.);
#825=VECTOR('',#4897,10.);
#826=VECTOR('',#4898,10.);
#827=VECTOR('',#4899,10.);
#828=VECTOR('',#4904,10.);
#829=VECTOR('',#4907,10.);
#830=VECTOR('',#4908,10.);
#831=VECTOR('',#4913,10.);
#832=VECTOR('',#4916,10.);
#833=VECTOR('',#4917,10.);
#834=VECTOR('',#4922,10.);
#835=VECTOR('',#4925,10.);
#836=VECTOR('',#4926,10.);
#837=VECTOR('',#4933,10.);
#838=VECTOR('',#4934,10.);
#839=VECTOR('',#4935,10.);
#840=VECTOR('',#4940,10.);
#841=VECTOR('',#4943,10.);
#842=VECTOR('',#4944,10.);
#843=VECTOR('',#4949,10.);
#844=VECTOR('',#4952,10.);
#845=VECTOR('',#4953,10.);
#846=VECTOR('',#4958,10.);
#847=VECTOR('',#4961,10.);
#848=VECTOR('',#4962,10.);
#849=VECTOR('',#4969,10.);
#850=VECTOR('',#4970,10.);
#851=VECTOR('',#4971,10.);
#852=VECTOR('',#4974,10.);
#853=VECTOR('',#4975,10.);
#854=VECTOR('',#4978,10.);
#855=VECTOR('',#4979,10.);
#856=VECTOR('',#4982,10.);
#857=CYLINDRICAL_SURFACE('',#3725,1.);
#858=CYLINDRICAL_SURFACE('',#3731,1.00000000000001);
#859=CYLINDRICAL_SURFACE('',#3733,1.);
#860=CYLINDRICAL_SURFACE('',#3760,6.);
#861=CYLINDRICAL_SURFACE('',#3763,6.);
#862=CYLINDRICAL_SURFACE('',#3773,1.7);
#863=CYLINDRICAL_SURFACE('',#3775,1.45);
#864=CYLINDRICAL_SURFACE('',#3781,1.7);
#865=CYLINDRICAL_SURFACE('',#3783,1.45);
#866=CYLINDRICAL_SURFACE('',#3789,1.7);
#867=CYLINDRICAL_SURFACE('',#3791,1.45);
#868=CYLINDRICAL_SURFACE('',#3797,1.7);
#869=CYLINDRICAL_SURFACE('',#3799,1.45);
#870=CYLINDRICAL_SURFACE('',#3804,5.99999999999994);
#871=CYLINDRICAL_SURFACE('',#3807,5.99999999999997);
#872=CYLINDRICAL_SURFACE('',#3920,0.499999999999998);
#873=CYLINDRICAL_SURFACE('',#3923,0.499999999999998);
#874=CYLINDRICAL_SURFACE('',#3926,0.499999999999998);
#875=CYLINDRICAL_SURFACE('',#3929,0.499999999999998);
#876=CYLINDRICAL_SURFACE('',#3932,0.499999999999998);
#877=CYLINDRICAL_SURFACE('',#3935,0.499999999999998);
#878=CYLINDRICAL_SURFACE('',#3938,0.500000000000007);
#879=CYLINDRICAL_SURFACE('',#3941,0.500000000000003);
#880=CYLINDRICAL_SURFACE('',#3944,0.5);
#881=CYLINDRICAL_SURFACE('',#3947,0.499999999999998);
#882=CYLINDRICAL_SURFACE('',#3950,0.499999999999998);
#883=CYLINDRICAL_SURFACE('',#3953,0.499999999999989);
#884=CYLINDRICAL_SURFACE('',#3956,0.499999999999998);
#885=CYLINDRICAL_SURFACE('',#3959,0.499999999999998);
#886=CYLINDRICAL_SURFACE('',#3962,0.499999999999998);
#887=CYLINDRICAL_SURFACE('',#3965,0.499999999999998);
#888=CYLINDRICAL_SURFACE('',#3968,0.500000000000007);
#889=CYLINDRICAL_SURFACE('',#3971,0.500000000000007);
#890=CYLINDRICAL_SURFACE('',#3974,0.499999999999989);
#891=CYLINDRICAL_SURFACE('',#3977,0.500000000000003);
#892=CYLINDRICAL_SURFACE('',#3980,0.499999999999998);
#893=CYLINDRICAL_SURFACE('',#3983,0.499999999999998);
#894=CYLINDRICAL_SURFACE('',#3986,0.500000000000007);
#895=CYLINDRICAL_SURFACE('',#3989,0.499999999999998);
#896=CYLINDRICAL_SURFACE('',#3992,0.5);
#897=CYLINDRICAL_SURFACE('',#3995,0.499999999999998);
#898=CYLINDRICAL_SURFACE('',#3998,0.499999999999998);
#899=CYLINDRICAL_SURFACE('',#4001,0.500000000000003);
#900=CYLINDRICAL_SURFACE('',#4004,0.5);
#901=CYLINDRICAL_SURFACE('',#4007,0.499999999999998);
#902=CYLINDRICAL_SURFACE('',#4010,0.499999999999998);
#903=CYLINDRICAL_SURFACE('',#4013,0.499999999999998);
#904=CYLINDRICAL_SURFACE('',#4016,0.500000000000007);
#905=CYLINDRICAL_SURFACE('',#4019,0.499999999999998);
#906=CYLINDRICAL_SURFACE('',#4022,0.499999999999998);
#907=CYLINDRICAL_SURFACE('',#4025,0.499999999999998);
#908=FACE_OUTER_BOUND('',#1111,.T.);
#909=FACE_OUTER_BOUND('',#1112,.T.);
#910=FACE_OUTER_BOUND('',#1113,.T.);
#911=FACE_OUTER_BOUND('',#1114,.T.);
#912=FACE_OUTER_BOUND('',#1115,.T.);
#913=FACE_OUTER_BOUND('',#1116,.T.);
#914=FACE_OUTER_BOUND('',#1117,.T.);
#915=FACE_OUTER_BOUND('',#1118,.T.);
#916=FACE_OUTER_BOUND('',#1119,.T.);
#917=FACE_OUTER_BOUND('',#1120,.T.);
#918=FACE_OUTER_BOUND('',#1121,.T.);
#919=FACE_OUTER_BOUND('',#1122,.T.);
#920=FACE_OUTER_BOUND('',#1123,.T.);
#921=FACE_OUTER_BOUND('',#1124,.T.);
#922=FACE_OUTER_BOUND('',#1125,.T.);
#923=FACE_OUTER_BOUND('',#1127,.T.);
#924=FACE_OUTER_BOUND('',#1128,.T.);
#925=FACE_OUTER_BOUND('',#1129,.T.);
#926=FACE_OUTER_BOUND('',#1130,.T.);
#927=FACE_OUTER_BOUND('',#1131,.T.);
#928=FACE_OUTER_BOUND('',#1132,.T.);
#929=FACE_OUTER_BOUND('',#1133,.T.);
#930=FACE_OUTER_BOUND('',#1134,.T.);
#931=FACE_OUTER_BOUND('',#1135,.T.);
#932=FACE_OUTER_BOUND('',#1136,.T.);
#933=FACE_OUTER_BOUND('',#1137,.T.);
#934=FACE_OUTER_BOUND('',#1138,.T.);
#935=FACE_OUTER_BOUND('',#1139,.T.);
#936=FACE_OUTER_BOUND('',#1140,.T.);
#937=FACE_OUTER_BOUND('',#1141,.T.);
#938=FACE_OUTER_BOUND('',#1143,.T.);
#939=FACE_OUTER_BOUND('',#1144,.T.);
#940=FACE_OUTER_BOUND('',#1146,.T.);
#941=FACE_OUTER_BOUND('',#1147,.T.);
#942=FACE_OUTER_BOUND('',#1148,.T.);
#943=FACE_OUTER_BOUND('',#1149,.T.);
#944=FACE_OUTER_BOUND('',#1151,.T.);
#945=FACE_OUTER_BOUND('',#1152,.T.);
#946=FACE_OUTER_BOUND('',#1153,.T.);
#947=FACE_OUTER_BOUND('',#1154,.T.);
#948=FACE_OUTER_BOUND('',#1156,.T.);
#949=FACE_OUTER_BOUND('',#1157,.T.);
#950=FACE_OUTER_BOUND('',#1158,.T.);
#951=FACE_OUTER_BOUND('',#1159,.T.);
#952=FACE_OUTER_BOUND('',#1161,.T.);
#953=FACE_OUTER_BOUND('',#1162,.T.);
#954=FACE_OUTER_BOUND('',#1163,.T.);
#955=FACE_OUTER_BOUND('',#1164,.T.);
#956=FACE_OUTER_BOUND('',#1165,.T.);
#957=FACE_OUTER_BOUND('',#1166,.T.);
#958=FACE_OUTER_BOUND('',#1167,.T.);
#959=FACE_OUTER_BOUND('',#1168,.T.);
#960=FACE_OUTER_BOUND('',#1169,.T.);
#961=FACE_OUTER_BOUND('',#1174,.T.);
#962=FACE_OUTER_BOUND('',#1175,.T.);
#963=FACE_OUTER_BOUND('',#1176,.T.);
#964=FACE_OUTER_BOUND('',#1177,.T.);
#965=FACE_OUTER_BOUND('',#1178,.T.);
#966=FACE_OUTER_BOUND('',#1179,.T.);
#967=FACE_OUTER_BOUND('',#1180,.T.);
#968=FACE_OUTER_BOUND('',#1181,.T.);
#969=FACE_OUTER_BOUND('',#1182,.T.);
#970=FACE_OUTER_BOUND('',#1183,.T.);
#971=FACE_OUTER_BOUND('',#1184,.T.);
#972=FACE_OUTER_BOUND('',#1185,.T.);
#973=FACE_OUTER_BOUND('',#1186,.T.);
#974=FACE_OUTER_BOUND('',#1187,.T.);
#975=FACE_OUTER_BOUND('',#1188,.T.);
#976=FACE_OUTER_BOUND('',#1189,.T.);
#977=FACE_OUTER_BOUND('',#1190,.T.);
#978=FACE_OUTER_BOUND('',#1191,.T.);
#979=FACE_OUTER_BOUND('',#1192,.T.);
#980=FACE_OUTER_BOUND('',#1193,.T.);
#981=FACE_OUTER_BOUND('',#1194,.T.);
#982=FACE_OUTER_BOUND('',#1195,.T.);
#983=FACE_OUTER_BOUND('',#1196,.T.);
#984=FACE_OUTER_BOUND('',#1197,.T.);
#985=FACE_OUTER_BOUND('',#1198,.T.);
#986=FACE_OUTER_BOUND('',#1199,.T.);
#987=FACE_OUTER_BOUND('',#1200,.T.);
#988=FACE_OUTER_BOUND('',#1201,.T.);
#989=FACE_OUTER_BOUND('',#1202,.T.);
#990=FACE_OUTER_BOUND('',#1203,.T.);
#991=FACE_OUTER_BOUND('',#1204,.T.);
#992=FACE_OUTER_BOUND('',#1205,.T.);
#993=FACE_OUTER_BOUND('',#1206,.T.);
#994=FACE_OUTER_BOUND('',#1207,.T.);
#995=FACE_OUTER_BOUND('',#1208,.T.);
#996=FACE_OUTER_BOUND('',#1209,.T.);
#997=FACE_OUTER_BOUND('',#1210,.T.);
#998=FACE_OUTER_BOUND('',#1211,.T.);
#999=FACE_OUTER_BOUND('',#1212,.T.);
#1000=FACE_OUTER_BOUND('',#1213,.T.);
#1001=FACE_OUTER_BOUND('',#1214,.T.);
#1002=FACE_OUTER_BOUND('',#1215,.T.);
#1003=FACE_OUTER_BOUND('',#1216,.T.);
#1004=FACE_OUTER_BOUND('',#1217,.T.);
#1005=FACE_OUTER_BOUND('',#1218,.T.);
#1006=FACE_OUTER_BOUND('',#1219,.T.);
#1007=FACE_OUTER_BOUND('',#1220,.T.);
#1008=FACE_OUTER_BOUND('',#1221,.T.);
#1009=FACE_OUTER_BOUND('',#1222,.T.);
#1010=FACE_OUTER_BOUND('',#1223,.T.);
#1011=FACE_OUTER_BOUND('',#1224,.T.);
#1012=FACE_OUTER_BOUND('',#1225,.T.);
#1013=FACE_OUTER_BOUND('',#1226,.T.);
#1014=FACE_OUTER_BOUND('',#1227,.T.);
#1015=FACE_OUTER_BOUND('',#1228,.T.);
#1016=FACE_OUTER_BOUND('',#1240,.T.);
#1017=FACE_OUTER_BOUND('',#1241,.T.);
#1018=FACE_OUTER_BOUND('',#1242,.T.);
#1019=FACE_OUTER_BOUND('',#1243,.T.);
#1020=FACE_OUTER_BOUND('',#1244,.T.);
#1021=FACE_OUTER_BOUND('',#1245,.T.);
#1022=FACE_OUTER_BOUND('',#1246,.T.);
#1023=FACE_OUTER_BOUND('',#1247,.T.);
#1024=FACE_OUTER_BOUND('',#1248,.T.);
#1025=FACE_OUTER_BOUND('',#1249,.T.);
#1026=FACE_OUTER_BOUND('',#1250,.T.);
#1027=FACE_OUTER_BOUND('',#1251,.T.);
#1028=FACE_OUTER_BOUND('',#1252,.T.);
#1029=FACE_OUTER_BOUND('',#1253,.T.);
#1030=FACE_OUTER_BOUND('',#1254,.T.);
#1031=FACE_OUTER_BOUND('',#1255,.T.);
#1032=FACE_OUTER_BOUND('',#1256,.T.);
#1033=FACE_OUTER_BOUND('',#1257,.T.);
#1034=FACE_OUTER_BOUND('',#1258,.T.);
#1035=FACE_OUTER_BOUND('',#1259,.T.);
#1036=FACE_OUTER_BOUND('',#1260,.T.);
#1037=FACE_OUTER_BOUND('',#1261,.T.);
#1038=FACE_OUTER_BOUND('',#1262,.T.);
#1039=FACE_OUTER_BOUND('',#1263,.T.);
#1040=FACE_OUTER_BOUND('',#1264,.T.);
#1041=FACE_OUTER_BOUND('',#1265,.T.);
#1042=FACE_OUTER_BOUND('',#1266,.T.);
#1043=FACE_OUTER_BOUND('',#1267,.T.);
#1044=FACE_OUTER_BOUND('',#1268,.T.);
#1045=FACE_OUTER_BOUND('',#1269,.T.);
#1046=FACE_OUTER_BOUND('',#1270,.T.);
#1047=FACE_OUTER_BOUND('',#1271,.T.);
#1048=FACE_OUTER_BOUND('',#1272,.T.);
#1049=FACE_OUTER_BOUND('',#1273,.T.);
#1050=FACE_OUTER_BOUND('',#1274,.T.);
#1051=FACE_OUTER_BOUND('',#1275,.T.);
#1052=FACE_OUTER_BOUND('',#1276,.T.);
#1053=FACE_OUTER_BOUND('',#1277,.T.);
#1054=FACE_OUTER_BOUND('',#1278,.T.);
#1055=FACE_OUTER_BOUND('',#1279,.T.);
#1056=FACE_OUTER_BOUND('',#1280,.T.);
#1057=FACE_OUTER_BOUND('',#1281,.T.);
#1058=FACE_OUTER_BOUND('',#1282,.T.);
#1059=FACE_OUTER_BOUND('',#1283,.T.);
#1060=FACE_OUTER_BOUND('',#1284,.T.);
#1061=FACE_OUTER_BOUND('',#1285,.T.);
#1062=FACE_OUTER_BOUND('',#1286,.T.);
#1063=FACE_OUTER_BOUND('',#1287,.T.);
#1064=FACE_OUTER_BOUND('',#1288,.T.);
#1065=FACE_OUTER_BOUND('',#1289,.T.);
#1066=FACE_OUTER_BOUND('',#1290,.T.);
#1067=FACE_OUTER_BOUND('',#1291,.T.);
#1068=FACE_OUTER_BOUND('',#1292,.T.);
#1069=FACE_OUTER_BOUND('',#1293,.T.);
#1070=FACE_OUTER_BOUND('',#1294,.T.);
#1071=FACE_OUTER_BOUND('',#1295,.T.);
#1072=FACE_OUTER_BOUND('',#1296,.T.);
#1073=FACE_OUTER_BOUND('',#1297,.T.);
#1074=FACE_OUTER_BOUND('',#1298,.T.);
#1075=FACE_OUTER_BOUND('',#1299,.T.);
#1076=FACE_OUTER_BOUND('',#1300,.T.);
#1077=FACE_OUTER_BOUND('',#1301,.T.);
#1078=FACE_OUTER_BOUND('',#1302,.T.);
#1079=FACE_OUTER_BOUND('',#1303,.T.);
#1080=FACE_OUTER_BOUND('',#1304,.T.);
#1081=FACE_OUTER_BOUND('',#1305,.T.);
#1082=FACE_OUTER_BOUND('',#1306,.T.);
#1083=FACE_OUTER_BOUND('',#1307,.T.);
#1084=FACE_OUTER_BOUND('',#1308,.T.);
#1085=FACE_OUTER_BOUND('',#1309,.T.);
#1086=FACE_OUTER_BOUND('',#1310,.T.);
#1087=FACE_OUTER_BOUND('',#1311,.T.);
#1088=FACE_OUTER_BOUND('',#1312,.T.);
#1089=FACE_OUTER_BOUND('',#1313,.T.);
#1090=FACE_OUTER_BOUND('',#1314,.T.);
#1091=FACE_OUTER_BOUND('',#1315,.T.);
#1092=FACE_OUTER_BOUND('',#1316,.T.);
#1093=FACE_OUTER_BOUND('',#1317,.T.);
#1094=FACE_OUTER_BOUND('',#1318,.T.);
#1095=FACE_OUTER_BOUND('',#1319,.T.);
#1096=FACE_OUTER_BOUND('',#1320,.T.);
#1097=FACE_OUTER_BOUND('',#1321,.T.);
#1098=FACE_OUTER_BOUND('',#1322,.T.);
#1099=FACE_OUTER_BOUND('',#1323,.T.);
#1100=FACE_OUTER_BOUND('',#1324,.T.);
#1101=FACE_OUTER_BOUND('',#1325,.T.);
#1102=FACE_OUTER_BOUND('',#1326,.T.);
#1103=FACE_OUTER_BOUND('',#1327,.T.);
#1104=FACE_OUTER_BOUND('',#1328,.T.);
#1105=FACE_OUTER_BOUND('',#1329,.T.);
#1106=FACE_OUTER_BOUND('',#1330,.T.);
#1107=FACE_OUTER_BOUND('',#1331,.T.);
#1108=FACE_OUTER_BOUND('',#1332,.T.);
#1109=FACE_OUTER_BOUND('',#1333,.T.);
#1110=FACE_OUTER_BOUND('',#1334,.T.);
#1111=EDGE_LOOP('',(#2431,#2432,#2433,#2434));
#1112=EDGE_LOOP('',(#2435,#2436,#2437,#2438));
#1113=EDGE_LOOP('',(#2439,#2440,#2441,#2442));
#1114=EDGE_LOOP('',(#2443,#2444,#2445,#2446));
#1115=EDGE_LOOP('',(#2447,#2448,#2449,#2450));
#1116=EDGE_LOOP('',(#2451,#2452,#2453,#2454));
#1117=EDGE_LOOP('',(#2455,#2456,#2457,#2458,#2459,#2460,#2461,#2462));
#1118=EDGE_LOOP('',(#2463,#2464,#2465,#2466,#2467,#2468,#2469,#2470));
#1119=EDGE_LOOP('',(#2471,#2472,#2473,#2474));
#1120=EDGE_LOOP('',(#2475,#2476,#2477,#2478));
#1121=EDGE_LOOP('',(#2479,#2480,#2481,#2482));
#1122=EDGE_LOOP('',(#2483,#2484,#2485,#2486));
#1123=EDGE_LOOP('',(#2487,#2488,#2489,#2490));
#1124=EDGE_LOOP('',(#2491,#2492,#2493,#2494));
#1125=EDGE_LOOP('',(#2495,#2496,#2497,#2498,#2499,#2500,#2501,#2502));
#1126=EDGE_LOOP('',(#2503,#2504,#2505,#2506));
#1127=EDGE_LOOP('',(#2507,#2508,#2509,#2510));
#1128=EDGE_LOOP('',(#2511,#2512,#2513,#2514));
#1129=EDGE_LOOP('',(#2515,#2516,#2517,#2518));
#1130=EDGE_LOOP('',(#2519,#2520,#2521,#2522));
#1131=EDGE_LOOP('',(#2523,#2524,#2525,#2526));
#1132=EDGE_LOOP('',(#2527,#2528,#2529,#2530));
#1133=EDGE_LOOP('',(#2531,#2532,#2533,#2534));
#1134=EDGE_LOOP('',(#2535,#2536,#2537,#2538));
#1135=EDGE_LOOP('',(#2539,#2540,#2541,#2542));
#1136=EDGE_LOOP('',(#2543,#2544,#2545,#2546));
#1137=EDGE_LOOP('',(#2547,#2548,#2549,#2550));
#1138=EDGE_LOOP('',(#2551,#2552,#2553,#2554));
#1139=EDGE_LOOP('',(#2555,#2556,#2557,#2558));
#1140=EDGE_LOOP('',(#2559,#2560,#2561,#2562));
#1141=EDGE_LOOP('',(#2563,#2564,#2565,#2566));
#1142=EDGE_LOOP('',(#2567,#2568,#2569,#2570));
#1143=EDGE_LOOP('',(#2571,#2572,#2573,#2574));
#1144=EDGE_LOOP('',(#2575));
#1145=EDGE_LOOP('',(#2576));
#1146=EDGE_LOOP('',(#2577,#2578,#2579,#2580));
#1147=EDGE_LOOP('',(#2581,#2582,#2583,#2584));
#1148=EDGE_LOOP('',(#2585));
#1149=EDGE_LOOP('',(#2586));
#1150=EDGE_LOOP('',(#2587));
#1151=EDGE_LOOP('',(#2588,#2589,#2590,#2591));
#1152=EDGE_LOOP('',(#2592,#2593,#2594,#2595));
#1153=EDGE_LOOP('',(#2596));
#1154=EDGE_LOOP('',(#2597));
#1155=EDGE_LOOP('',(#2598));
#1156=EDGE_LOOP('',(#2599,#2600,#2601,#2602));
#1157=EDGE_LOOP('',(#2603,#2604,#2605,#2606));
#1158=EDGE_LOOP('',(#2607));
#1159=EDGE_LOOP('',(#2608));
#1160=EDGE_LOOP('',(#2609));
#1161=EDGE_LOOP('',(#2610,#2611,#2612,#2613));
#1162=EDGE_LOOP('',(#2614,#2615,#2616,#2617));
#1163=EDGE_LOOP('',(#2618));
#1164=EDGE_LOOP('',(#2619,#2620,#2621,#2622));
#1165=EDGE_LOOP('',(#2623,#2624,#2625,#2626));
#1166=EDGE_LOOP('',(#2627,#2628,#2629,#2630));
#1167=EDGE_LOOP('',(#2631,#2632,#2633,#2634));
#1168=EDGE_LOOP('',(#2635,#2636,#2637,#2638));
#1169=EDGE_LOOP('',(#2639,#2640,#2641,#2642,#2643,#2644,#2645,#2646,#2647,
#2648,#2649,#2650,#2651,#2652,#2653,#2654,#2655,#2656));
#1170=EDGE_LOOP('',(#2657));
#1171=EDGE_LOOP('',(#2658));
#1172=EDGE_LOOP('',(#2659));
#1173=EDGE_LOOP('',(#2660));
#1174=EDGE_LOOP('',(#2661,#2662,#2663,#2664));
#1175=EDGE_LOOP('',(#2665,#2666,#2667,#2668));
#1176=EDGE_LOOP('',(#2669,#2670,#2671,#2672));
#1177=EDGE_LOOP('',(#2673,#2674,#2675,#2676));
#1178=EDGE_LOOP('',(#2677,#2678,#2679,#2680));
#1179=EDGE_LOOP('',(#2681,#2682,#2683,#2684));
#1180=EDGE_LOOP('',(#2685,#2686,#2687,#2688));
#1181=EDGE_LOOP('',(#2689,#2690,#2691,#2692));
#1182=EDGE_LOOP('',(#2693,#2694,#2695,#2696));
#1183=EDGE_LOOP('',(#2697,#2698,#2699,#2700));
#1184=EDGE_LOOP('',(#2701,#2702,#2703,#2704));
#1185=EDGE_LOOP('',(#2705,#2706,#2707,#2708));
#1186=EDGE_LOOP('',(#2709,#2710,#2711,#2712));
#1187=EDGE_LOOP('',(#2713,#2714,#2715,#2716));
#1188=EDGE_LOOP('',(#2717,#2718,#2719,#2720));
#1189=EDGE_LOOP('',(#2721,#2722,#2723,#2724));
#1190=EDGE_LOOP('',(#2725,#2726,#2727,#2728));
#1191=EDGE_LOOP('',(#2729,#2730,#2731,#2732));
#1192=EDGE_LOOP('',(#2733,#2734,#2735,#2736));
#1193=EDGE_LOOP('',(#2737,#2738,#2739,#2740));
#1194=EDGE_LOOP('',(#2741,#2742,#2743,#2744));
#1195=EDGE_LOOP('',(#2745,#2746,#2747,#2748));
#1196=EDGE_LOOP('',(#2749,#2750,#2751,#2752));
#1197=EDGE_LOOP('',(#2753,#2754,#2755,#2756));
#1198=EDGE_LOOP('',(#2757,#2758,#2759,#2760));
#1199=EDGE_LOOP('',(#2761,#2762,#2763,#2764));
#1200=EDGE_LOOP('',(#2765,#2766,#2767,#2768));
#1201=EDGE_LOOP('',(#2769,#2770,#2771,#2772));
#1202=EDGE_LOOP('',(#2773,#2774,#2775,#2776));
#1203=EDGE_LOOP('',(#2777,#2778,#2779,#2780));
#1204=EDGE_LOOP('',(#2781,#2782,#2783,#2784));
#1205=EDGE_LOOP('',(#2785,#2786,#2787,#2788));
#1206=EDGE_LOOP('',(#2789,#2790,#2791,#2792));
#1207=EDGE_LOOP('',(#2793,#2794,#2795,#2796));
#1208=EDGE_LOOP('',(#2797,#2798,#2799,#2800));
#1209=EDGE_LOOP('',(#2801,#2802,#2803,#2804));
#1210=EDGE_LOOP('',(#2805,#2806,#2807,#2808));
#1211=EDGE_LOOP('',(#2809,#2810,#2811,#2812));
#1212=EDGE_LOOP('',(#2813,#2814,#2815,#2816));
#1213=EDGE_LOOP('',(#2817,#2818,#2819,#2820));
#1214=EDGE_LOOP('',(#2821,#2822,#2823,#2824));
#1215=EDGE_LOOP('',(#2825,#2826,#2827,#2828));
#1216=EDGE_LOOP('',(#2829,#2830,#2831,#2832,#2833,#2834));
#1217=EDGE_LOOP('',(#2835,#2836,#2837,#2838));
#1218=EDGE_LOOP('',(#2839,#2840,#2841,#2842));
#1219=EDGE_LOOP('',(#2843,#2844,#2845,#2846,#2847,#2848));
#1220=EDGE_LOOP('',(#2849,#2850,#2851,#2852,#2853,#2854));
#1221=EDGE_LOOP('',(#2855,#2856,#2857,#2858,#2859));
#1222=EDGE_LOOP('',(#2860,#2861,#2862,#2863,#2864,#2865));
#1223=EDGE_LOOP('',(#2866,#2867,#2868,#2869,#2870));
#1224=EDGE_LOOP('',(#2871,#2872,#2873,#2874,#2875));
#1225=EDGE_LOOP('',(#2876,#2877,#2878,#2879,#2880));
#1226=EDGE_LOOP('',(#2881,#2882,#2883,#2884,#2885,#2886,#2887,#2888));
#1227=EDGE_LOOP('',(#2889,#2890,#2891,#2892,#2893,#2894,#2895,#2896));
#1228=EDGE_LOOP('',(#2897,#2898,#2899,#2900));
#1229=EDGE_LOOP('',(#2901,#2902,#2903,#2904,#2905,#2906,#2907,#2908,#2909,
#2910,#2911,#2912));
#1230=EDGE_LOOP('',(#2913,#2914,#2915,#2916,#2917,#2918,#2919,#2920));
#1231=EDGE_LOOP('',(#2921,#2922,#2923,#2924,#2925,#2926,#2927,#2928));
#1232=EDGE_LOOP('',(#2929,#2930,#2931,#2932,#2933,#2934,#2935,#2936));
#1233=EDGE_LOOP('',(#2937,#2938,#2939,#2940,#2941,#2942,#2943,#2944));
#1234=EDGE_LOOP('',(#2945,#2946,#2947,#2948,#2949,#2950,#2951,#2952));
#1235=EDGE_LOOP('',(#2953,#2954,#2955,#2956,#2957,#2958,#2959,#2960));
#1236=EDGE_LOOP('',(#2961,#2962,#2963,#2964,#2965,#2966,#2967,#2968));
#1237=EDGE_LOOP('',(#2969,#2970,#2971,#2972,#2973,#2974,#2975,#2976));
#1238=EDGE_LOOP('',(#2977,#2978,#2979,#2980,#2981,#2982,#2983,#2984));
#1239=EDGE_LOOP('',(#2985,#2986,#2987,#2988,#2989,#2990,#2991,#2992,#2993,
#2994,#2995,#2996));
#1240=EDGE_LOOP('',(#2997,#2998,#2999,#3000,#3001,#3002,#3003,#3004));
#1241=EDGE_LOOP('',(#3005,#3006,#3007,#3008,#3009,#3010,#3011,#3012));
#1242=EDGE_LOOP('',(#3013,#3014,#3015,#3016));
#1243=EDGE_LOOP('',(#3017,#3018,#3019,#3020));
#1244=EDGE_LOOP('',(#3021,#3022,#3023,#3024,#3025,#3026));
#1245=EDGE_LOOP('',(#3027,#3028,#3029,#3030));
#1246=EDGE_LOOP('',(#3031,#3032,#3033,#3034,#3035,#3036));
#1247=EDGE_LOOP('',(#3037,#3038,#3039,#3040,#3041));
#1248=EDGE_LOOP('',(#3042,#3043,#3044,#3045));
#1249=EDGE_LOOP('',(#3046,#3047,#3048,#3049,#3050,#3051));
#1250=EDGE_LOOP('',(#3052,#3053,#3054,#3055,#3056,#3057));
#1251=EDGE_LOOP('',(#3058,#3059,#3060,#3061,#3062));
#1252=EDGE_LOOP('',(#3063,#3064,#3065,#3066,#3067));
#1253=EDGE_LOOP('',(#3068,#3069,#3070,#3071,#3072));
#1254=EDGE_LOOP('',(#3073,#3074,#3075,#3076,#3077,#3078,#3079,#3080));
#1255=EDGE_LOOP('',(#3081,#3082,#3083,#3084,#3085,#3086,#3087,#3088));
#1256=EDGE_LOOP('',(#3089,#3090,#3091,#3092,#3093,#3094,#3095,#3096));
#1257=EDGE_LOOP('',(#3097,#3098,#3099,#3100,#3101,#3102,#3103,#3104));
#1258=EDGE_LOOP('',(#3105,#3106,#3107,#3108));
#1259=EDGE_LOOP('',(#3109,#3110,#3111,#3112));
#1260=EDGE_LOOP('',(#3113,#3114,#3115,#3116));
#1261=EDGE_LOOP('',(#3117,#3118,#3119,#3120));
#1262=EDGE_LOOP('',(#3121,#3122,#3123,#3124));
#1263=EDGE_LOOP('',(#3125,#3126,#3127,#3128));
#1264=EDGE_LOOP('',(#3129,#3130,#3131,#3132));
#1265=EDGE_LOOP('',(#3133,#3134,#3135,#3136));
#1266=EDGE_LOOP('',(#3137,#3138,#3139,#3140));
#1267=EDGE_LOOP('',(#3141,#3142,#3143,#3144));
#1268=EDGE_LOOP('',(#3145,#3146,#3147,#3148));
#1269=EDGE_LOOP('',(#3149,#3150,#3151,#3152));
#1270=EDGE_LOOP('',(#3153,#3154,#3155,#3156));
#1271=EDGE_LOOP('',(#3157,#3158,#3159,#3160));
#1272=EDGE_LOOP('',(#3161,#3162,#3163,#3164));
#1273=EDGE_LOOP('',(#3165,#3166,#3167,#3168));
#1274=EDGE_LOOP('',(#3169,#3170,#3171,#3172));
#1275=EDGE_LOOP('',(#3173,#3174,#3175,#3176));
#1276=EDGE_LOOP('',(#3177,#3178,#3179,#3180));
#1277=EDGE_LOOP('',(#3181,#3182,#3183,#3184));
#1278=EDGE_LOOP('',(#3185,#3186,#3187,#3188));
#1279=EDGE_LOOP('',(#3189,#3190,#3191,#3192));
#1280=EDGE_LOOP('',(#3193,#3194,#3195,#3196));
#1281=EDGE_LOOP('',(#3197,#3198,#3199,#3200));
#1282=EDGE_LOOP('',(#3201,#3202,#3203,#3204));
#1283=EDGE_LOOP('',(#3205,#3206,#3207,#3208));
#1284=EDGE_LOOP('',(#3209,#3210,#3211,#3212));
#1285=EDGE_LOOP('',(#3213,#3214,#3215,#3216));
#1286=EDGE_LOOP('',(#3217,#3218,#3219,#3220));
#1287=EDGE_LOOP('',(#3221,#3222,#3223,#3224));
#1288=EDGE_LOOP('',(#3225,#3226,#3227,#3228));
#1289=EDGE_LOOP('',(#3229,#3230,#3231,#3232));
#1290=EDGE_LOOP('',(#3233,#3234,#3235,#3236));
#1291=EDGE_LOOP('',(#3237,#3238,#3239,#3240));
#1292=EDGE_LOOP('',(#3241,#3242,#3243,#3244));
#1293=EDGE_LOOP('',(#3245,#3246,#3247,#3248));
#1294=EDGE_LOOP('',(#3249,#3250,#3251,#3252));
#1295=EDGE_LOOP('',(#3253,#3254,#3255,#3256));
#1296=EDGE_LOOP('',(#3257,#3258,#3259,#3260));
#1297=EDGE_LOOP('',(#3261,#3262,#3263,#3264));
#1298=EDGE_LOOP('',(#3265,#3266,#3267,#3268));
#1299=EDGE_LOOP('',(#3269,#3270,#3271,#3272));
#1300=EDGE_LOOP('',(#3273,#3274,#3275,#3276));
#1301=EDGE_LOOP('',(#3277,#3278,#3279,#3280));
#1302=EDGE_LOOP('',(#3281,#3282,#3283,#3284));
#1303=EDGE_LOOP('',(#3285,#3286,#3287,#3288));
#1304=EDGE_LOOP('',(#3289,#3290,#3291,#3292));
#1305=EDGE_LOOP('',(#3293,#3294,#3295,#3296));
#1306=EDGE_LOOP('',(#3297,#3298,#3299,#3300));
#1307=EDGE_LOOP('',(#3301,#3302,#3303,#3304));
#1308=EDGE_LOOP('',(#3305,#3306,#3307,#3308));
#1309=EDGE_LOOP('',(#3309,#3310,#3311,#3312));
#1310=EDGE_LOOP('',(#3313,#3314,#3315,#3316));
#1311=EDGE_LOOP('',(#3317,#3318,#3319,#3320));
#1312=EDGE_LOOP('',(#3321,#3322,#3323,#3324));
#1313=EDGE_LOOP('',(#3325,#3326,#3327,#3328));
#1314=EDGE_LOOP('',(#3329,#3330,#3331,#3332));
#1315=EDGE_LOOP('',(#3333,#3334,#3335,#3336));
#1316=EDGE_LOOP('',(#3337,#3338,#3339,#3340));
#1317=EDGE_LOOP('',(#3341,#3342,#3343,#3344));
#1318=EDGE_LOOP('',(#3345,#3346,#3347,#3348));
#1319=EDGE_LOOP('',(#3349,#3350,#3351,#3352));
#1320=EDGE_LOOP('',(#3353,#3354,#3355,#3356));
#1321=EDGE_LOOP('',(#3357,#3358,#3359,#3360));
#1322=EDGE_LOOP('',(#3361,#3362,#3363,#3364));
#1323=EDGE_LOOP('',(#3365,#3366,#3367,#3368));
#1324=EDGE_LOOP('',(#3369,#3370,#3371,#3372));
#1325=EDGE_LOOP('',(#3373,#3374,#3375,#3376));
#1326=EDGE_LOOP('',(#3377,#3378,#3379,#3380));
#1327=EDGE_LOOP('',(#3381,#3382,#3383,#3384));
#1328=EDGE_LOOP('',(#3385,#3386,#3387,#3388));
#1329=EDGE_LOOP('',(#3389,#3390,#3391,#3392));
#1330=EDGE_LOOP('',(#3393,#3394,#3395,#3396));
#1331=EDGE_LOOP('',(#3397,#3398,#3399,#3400));
#1332=EDGE_LOOP('',(#3401,#3402,#3403,#3404));
#1333=EDGE_LOOP('',(#3405,#3406,#3407,#3408));
#1334=EDGE_LOOP('',(#3409,#3410,#3411,#3412));
#1335=EDGE_LOOP('',(#3413,#3414,#3415,#3416,#3417,#3418,#3419,#3420));
#1336=EDGE_LOOP('',(#3421,#3422,#3423,#3424,#3425,#3426,#3427,#3428));
#1337=EDGE_LOOP('',(#3429,#3430,#3431,#3432,#3433,#3434,#3435,#3436));
#1338=EDGE_LOOP('',(#3437,#3438,#3439,#3440,#3441,#3442,#3443,#3444));
#1339=EDGE_LOOP('',(#3445,#3446,#3447,#3448,#3449,#3450,#3451,#3452));
#1340=EDGE_LOOP('',(#3453,#3454,#3455,#3456,#3457,#3458,#3459,#3460));
#1341=EDGE_LOOP('',(#3461,#3462,#3463,#3464,#3465,#3466,#3467,#3468));
#1342=EDGE_LOOP('',(#3469,#3470,#3471,#3472,#3473,#3474,#3475,#3476));
#1343=EDGE_LOOP('',(#3477,#3478,#3479,#3480,#3481,#3482,#3483,#3484));
#1344=EDGE_LOOP('',(#3485,#3486,#3487,#3488,#3489,#3490,#3491,#3492));
#1345=EDGE_LOOP('',(#3493,#3494,#3495,#3496,#3497,#3498,#3499,#3500));
#1346=CIRCLE('',#3722,1.00000000000001);
#1347=CIRCLE('',#3723,1.);
#1348=CIRCLE('',#3724,2.00000000000001);
#1349=CIRCLE('',#3726,0.999999999999998);
#1350=CIRCLE('',#3728,2.);
#1351=CIRCLE('',#3729,1.);
#1352=CIRCLE('',#3732,1.00000000000001);
#1353=CIRCLE('',#3734,1.);
#1354=CIRCLE('',#3744,4.5);
#1355=CIRCLE('',#3745,4.5);
#1356=CIRCLE('',#3746,4.49999999999997);
#1357=CIRCLE('',#3747,4.49999999999995);
#1358=CIRCLE('',#3750,5.99999999999994);
#1359=CIRCLE('',#3753,5.99999999999997);
#1360=CIRCLE('',#3756,6.);
#1361=CIRCLE('',#3759,6.);
#1362=CIRCLE('',#3761,6.);
#1363=CIRCLE('',#3764,6.);
#1364=CIRCLE('',#3771,1.7);
#1365=CIRCLE('',#3772,1.45);
#1366=CIRCLE('',#3774,1.7);
#1367=CIRCLE('',#3776,1.45);
#1368=CIRCLE('',#3779,1.7);
#1369=CIRCLE('',#3780,1.45);
#1370=CIRCLE('',#3782,1.7);
#1371=CIRCLE('',#3784,1.45);
#1372=CIRCLE('',#3787,1.7);
#1373=CIRCLE('',#3788,1.45);
#1374=CIRCLE('',#3790,1.7);
#1375=CIRCLE('',#3792,1.45);
#1376=CIRCLE('',#3795,1.7);
#1377=CIRCLE('',#3796,1.45);
#1378=CIRCLE('',#3798,1.7);
#1379=CIRCLE('',#3800,1.45);
#1380=CIRCLE('',#3805,5.99999999999994);
#1381=CIRCLE('',#3808,5.99999999999997);
#1382=CIRCLE('',#3810,0.749962247149449);
#1383=CIRCLE('',#3811,0.749962247149449);
#1384=CIRCLE('',#3812,0.249962247149442);
#1385=CIRCLE('',#3813,0.249962247149442);
#1386=CIRCLE('',#3814,0.249962247149446);
#1387=CIRCLE('',#3815,0.74996224714944);
#1388=CIRCLE('',#3816,0.74996224714944);
#1389=CIRCLE('',#3817,0.249962247149451);
#1390=CIRCLE('',#3818,0.249962247149451);
#1391=CIRCLE('',#3819,0.249962247149446);
#1392=CIRCLE('',#3820,0.249962247149446);
#1393=CIRCLE('',#3821,0.249962247149446);
#1394=CIRCLE('',#3822,0.749962247149447);
#1395=CIRCLE('',#3823,0.749962247149447);
#1396=CIRCLE('',#3824,0.249962247149442);
#1397=CIRCLE('',#3825,0.749962247149423);
#1398=CIRCLE('',#3826,0.749962247149423);
#1399=CIRCLE('',#3827,0.249962247149442);
#1400=CIRCLE('',#3828,0.249962247149442);
#1401=CIRCLE('',#3829,0.249962247149443);
#1402=CIRCLE('',#3830,0.74996224714944);
#1403=CIRCLE('',#3831,0.74996224714944);
#1404=CIRCLE('',#3832,0.249962247149442);
#1405=CIRCLE('',#3833,0.249962247149442);
#1406=CIRCLE('',#3834,0.249962247149446);
#1407=CIRCLE('',#3835,0.74996224714944);
#1408=CIRCLE('',#3836,0.74996224714944);
#1409=CIRCLE('',#3837,0.249962247149442);
#1410=CIRCLE('',#3838,0.249962247149442);
#1411=CIRCLE('',#3839,0.249962247149442);
#1412=CIRCLE('',#3840,0.749962247149458);
#1413=CIRCLE('',#3841,0.749962247149458);
#1414=CIRCLE('',#3842,0.249962247149451);
#1415=CIRCLE('',#3843,0.249962247149451);
#1416=CIRCLE('',#3844,0.249962247149447);
#1417=CIRCLE('',#3845,0.749962247149458);
#1418=CIRCLE('',#3846,0.749962247149458);
#1419=CIRCLE('',#3847,0.249962247149451);
#1420=CIRCLE('',#3848,0.249962247149451);
#1421=CIRCLE('',#3849,0.249962247149447);
#1422=CIRCLE('',#3850,0.249962247149447);
#1423=CIRCLE('',#3851,0.249962247149447);
#1424=CIRCLE('',#3853,0.249962247149442);
#1425=CIRCLE('',#3854,0.249962247149446);
#1426=CIRCLE('',#3865,0.499999999999998);
#1427=CIRCLE('',#3866,0.499999999999998);
#1428=CIRCLE('',#3867,0.500000000000007);
#1429=CIRCLE('',#3868,0.499999999999998);
#1430=CIRCLE('',#3869,0.499999999999998);
#1431=CIRCLE('',#3870,0.499999999999998);
#1432=CIRCLE('',#3871,0.5);
#1433=CIRCLE('',#3872,0.499999999999998);
#1434=CIRCLE('',#3873,0.499999999999998);
#1435=CIRCLE('',#3874,0.500000000000003);
#1436=CIRCLE('',#3875,0.5);
#1437=CIRCLE('',#3876,0.499999999999998);
#1438=CIRCLE('',#3877,0.500000000000007);
#1439=CIRCLE('',#3878,0.499999999999998);
#1440=CIRCLE('',#3879,0.499999999999998);
#1441=CIRCLE('',#3880,0.499999999999998);
#1442=CIRCLE('',#3881,0.499999999999989);
#1443=CIRCLE('',#3882,0.500000000000003);
#1444=CIRCLE('',#3883,0.500000000000007);
#1445=CIRCLE('',#3884,0.500000000000007);
#1446=CIRCLE('',#3885,0.499999999999998);
#1447=CIRCLE('',#3886,0.499999999999998);
#1448=CIRCLE('',#3887,0.499999999999998);
#1449=CIRCLE('',#3888,0.499999999999998);
#1450=CIRCLE('',#3889,0.499999999999998);
#1451=CIRCLE('',#3890,0.499999999999989);
#1452=CIRCLE('',#3891,0.5);
#1453=CIRCLE('',#3892,0.499999999999998);
#1454=CIRCLE('',#3893,0.500000000000007);
#1455=CIRCLE('',#3894,0.500000000000003);
#1456=CIRCLE('',#3895,0.499999999999998);
#1457=CIRCLE('',#3896,0.499999999999998);
#1458=CIRCLE('',#3897,0.499999999999998);
#1459=CIRCLE('',#3898,0.499999999999998);
#1460=CIRCLE('',#3899,0.499999999999998);
#1461=CIRCLE('',#3900,0.499999999999998);
#1462=CIRCLE('',#3903,0.249962247149443);
#1463=CIRCLE('',#3904,0.249962247149442);
#1464=CIRCLE('',#3906,0.249962247149446);
#1465=CIRCLE('',#3909,0.249962247149446);
#1466=CIRCLE('',#3921,0.499999999999998);
#1467=CIRCLE('',#3924,0.499999999999998);
#1468=CIRCLE('',#3927,0.499999999999998);
#1469=CIRCLE('',#3930,0.499999999999998);
#1470=CIRCLE('',#3933,0.499999999999998);
#1471=CIRCLE('',#3936,0.499999999999998);
#1472=CIRCLE('',#3939,0.500000000000007);
#1473=CIRCLE('',#3942,0.500000000000003);
#1474=CIRCLE('',#3945,0.5);
#1475=CIRCLE('',#3948,0.499999999999998);
#1476=CIRCLE('',#3951,0.499999999999998);
#1477=CIRCLE('',#3954,0.499999999999989);
#1478=CIRCLE('',#3957,0.499999999999998);
#1479=CIRCLE('',#3960,0.499999999999998);
#1480=CIRCLE('',#3963,0.499999999999998);
#1481=CIRCLE('',#3966,0.499999999999998);
#1482=CIRCLE('',#3969,0.500000000000007);
#1483=CIRCLE('',#3972,0.500000000000007);
#1484=CIRCLE('',#3975,0.499999999999989);
#1485=CIRCLE('',#3978,0.500000000000003);
#1486=CIRCLE('',#3981,0.499999999999998);
#1487=CIRCLE('',#3984,0.499999999999998);
#1488=CIRCLE('',#3987,0.500000000000007);
#1489=CIRCLE('',#3990,0.499999999999998);
#1490=CIRCLE('',#3993,0.5);
#1491=CIRCLE('',#3996,0.499999999999998);
#1492=CIRCLE('',#3999,0.499999999999998);
#1493=CIRCLE('',#4002,0.500000000000003);
#1494=CIRCLE('',#4005,0.5);
#1495=CIRCLE('',#4008,0.499999999999998);
#1496=CIRCLE('',#4011,0.499999999999998);
#1497=CIRCLE('',#4014,0.499999999999998);
#1498=CIRCLE('',#4017,0.500000000000007);
#1499=CIRCLE('',#4020,0.499999999999998);
#1500=CIRCLE('',#4023,0.499999999999998);
#1501=CIRCLE('',#4026,0.499999999999998);
#1502=B_SPLINE_CURVE_WITH_KNOTS('',3,(#4989,#4990,#4991,#4992,#4993,#4994,
#4995,#4996,#4997,#4998),.UNSPECIFIED.,.F.,.F.,(4,2,2,2,4),(0.148985312750033,
0.187030877367265,0.225276946265377,0.262969383335411,0.299409354600897),
 .UNSPECIFIED.);
#1503=B_SPLINE_CURVE_WITH_KNOTS('',3,(#5013,#5014,#5015,#5016,#5017,#5018,
#5019,#5020,#5021,#5022),.UNSPECIFIED.,.F.,.F.,(4,2,2,2,4),(0.299409354600897,
0.335849325866382,0.373541762936417,0.411787831834528,0.44983339645176),
 .UNSPECIFIED.);
#1504=B_SPLINE_CURVE_WITH_KNOTS('',3,(#5282,#5283,#5284,#5285,#5286,#5287),
 .UNSPECIFIED.,.F.,.F.,(4,1,1,4),(0.,0.333333333333333,0.666666666666667,
1.),.UNSPECIFIED.);
#1505=B_SPLINE_CURVE_WITH_KNOTS('',3,(#5289,#5290,#5291,#5292,#5293,#5294),
 .UNSPECIFIED.,.F.,.F.,(4,1,1,4),(0.,0.333333333333333,0.666666666666667,
1.),.UNSPECIFIED.);
#1506=B_SPLINE_CURVE_WITH_KNOTS('',3,(#5335,#5336,#5337,#5338,#5339,#5340),
 .UNSPECIFIED.,.F.,.F.,(4,1,1,4),(0.,0.333333333333333,0.666666666666667,
1.),.UNSPECIFIED.);
#1507=B_SPLINE_CURVE_WITH_KNOTS('',3,(#5381,#5382,#5383,#5384,#5385,#5386),
 .UNSPECIFIED.,.F.,.F.,(4,1,1,4),(0.,0.333333333333333,0.666666666666667,
1.),.UNSPECIFIED.);
#1508=B_SPLINE_CURVE_WITH_KNOTS('',3,(#5427,#5428,#5429,#5430,#5431,#5432),
 .UNSPECIFIED.,.F.,.F.,(4,1,1,4),(0.,0.333333333333333,0.666666666666667,
1.),.UNSPECIFIED.);
#1509=B_SPLINE_CURVE_WITH_KNOTS('',3,(#5473,#5474,#5475,#5476,#5477,#5478),
 .UNSPECIFIED.,.F.,.F.,(4,1,1,4),(0.,0.333333333333333,0.666666666666667,
1.),.UNSPECIFIED.);
#1510=B_SPLINE_CURVE_WITH_KNOTS('',3,(#5520,#5521,#5522,#5523,#5524,#5525),
 .UNSPECIFIED.,.F.,.F.,(4,1,1,4),(0.,0.333333333333333,0.666666666666667,
1.),.UNSPECIFIED.);
#1511=B_SPLINE_CURVE_WITH_KNOTS('',3,(#5527,#5528,#5529,#5530,#5531,#5532),
 .UNSPECIFIED.,.F.,.F.,(4,1,1,4),(0.,0.333333333333333,0.666666666666667,
1.),.UNSPECIFIED.);
#1512=B_SPLINE_CURVE_WITH_KNOTS('',3,(#5573,#5574,#5575,#5576,#5577,#5578),
 .UNSPECIFIED.,.F.,.F.,(4,1,1,4),(0.,0.333333333333333,0.666666666666667,
1.),.UNSPECIFIED.);
#1513=B_SPLINE_CURVE_WITH_KNOTS('',3,(#5619,#5620,#5621,#5622,#5623,#5624),
 .UNSPECIFIED.,.F.,.F.,(4,1,1,4),(0.,0.333333333333333,0.666666666666667,
1.),.UNSPECIFIED.);
#1514=B_SPLINE_CURVE_WITH_KNOTS('',3,(#5665,#5666,#5667,#5668,#5669,#5670),
 .UNSPECIFIED.,.F.,.F.,(4,1,1,4),(0.,0.333333333333333,0.666666666666667,
1.),.UNSPECIFIED.);
#1515=B_SPLINE_CURVE_WITH_KNOTS('',3,(#5711,#5712,#5713,#5714,#5715,#5716),
 .UNSPECIFIED.,.F.,.F.,(4,1,1,4),(0.,0.333333333333333,0.666666666666667,
1.),.UNSPECIFIED.);
#1516=B_SPLINE_CURVE_WITH_KNOTS('',3,(#5758,#5759,#5760,#5761,#5762,#5763),
 .UNSPECIFIED.,.F.,.F.,(4,1,1,4),(0.,0.333333333333333,0.666666666666667,
1.),.UNSPECIFIED.);
#1517=B_SPLINE_CURVE_WITH_KNOTS('',3,(#5765,#5766,#5767,#5768,#5769,#5770),
 .UNSPECIFIED.,.F.,.F.,(4,1,1,4),(0.,0.333333333333333,0.666666666666667,
1.),.UNSPECIFIED.);
#1518=B_SPLINE_CURVE_WITH_KNOTS('',3,(#5811,#5812,#5813,#5814,#5815,#5816),
 .UNSPECIFIED.,.F.,.F.,(4,1,1,4),(0.,0.333333333333333,0.666666666666667,
1.),.UNSPECIFIED.);
#1519=B_SPLINE_CURVE_WITH_KNOTS('',3,(#5857,#5858,#5859,#5860,#5861,#5862),
 .UNSPECIFIED.,.F.,.F.,(4,1,1,4),(0.,0.333333333333333,0.666666666666667,
1.),.UNSPECIFIED.);
#1520=B_SPLINE_CURVE_WITH_KNOTS('',3,(#5903,#5904,#5905,#5906,#5907,#5908),
 .UNSPECIFIED.,.F.,.F.,(4,1,1,4),(0.,0.333333333333333,0.666666666666667,
1.),.UNSPECIFIED.);
#1521=B_SPLINE_CURVE_WITH_KNOTS('',3,(#5949,#5950,#5951,#5952,#5953,#5954),
 .UNSPECIFIED.,.F.,.F.,(4,1,1,4),(0.,0.333333333333333,0.666666666666667,
1.),.UNSPECIFIED.);
#1522=B_SPLINE_CURVE_WITH_KNOTS('',3,(#5996,#5997,#5998,#5999,#6000,#6001),
 .UNSPECIFIED.,.F.,.F.,(4,1,1,4),(0.,0.333333333333333,0.666666666666667,
1.),.UNSPECIFIED.);
#1523=B_SPLINE_CURVE_WITH_KNOTS('',3,(#6003,#6004,#6005,#6006,#6007,#6008),
 .UNSPECIFIED.,.F.,.F.,(4,1,1,4),(0.,0.333333333333333,0.666666666666667,
1.),.UNSPECIFIED.);
#1524=B_SPLINE_CURVE_WITH_KNOTS('',3,(#6049,#6050,#6051,#6052,#6053,#6054),
 .UNSPECIFIED.,.F.,.F.,(4,1,1,4),(0.,0.333333333333333,0.666666666666667,
1.),.UNSPECIFIED.);
#1525=B_SPLINE_CURVE_WITH_KNOTS('',3,(#6095,#6096,#6097,#6098,#6099,#6100),
 .UNSPECIFIED.,.F.,.F.,(4,1,1,4),(0.,0.333333333333333,0.666666666666667,
1.),.UNSPECIFIED.);
#1526=B_SPLINE_CURVE_WITH_KNOTS('',3,(#6141,#6142,#6143,#6144,#6145,#6146),
 .UNSPECIFIED.,.F.,.F.,(4,1,1,4),(0.,0.333333333333333,0.666666666666667,
1.),.UNSPECIFIED.);
#1527=B_SPLINE_CURVE_WITH_KNOTS('',3,(#6187,#6188,#6189,#6190,#6191,#6192),
 .UNSPECIFIED.,.F.,.F.,(4,1,1,4),(0.,0.333333333333333,0.666666666666667,
1.),.UNSPECIFIED.);
#1528=B_SPLINE_CURVE_WITH_KNOTS('',3,(#6234,#6235,#6236,#6237,#6238,#6239),
 .UNSPECIFIED.,.F.,.F.,(4,1,1,4),(0.,0.333333333333333,0.666666666666667,
1.),.UNSPECIFIED.);
#1529=B_SPLINE_CURVE_WITH_KNOTS('',3,(#6241,#6242,#6243,#6244,#6245,#6246),
 .UNSPECIFIED.,.F.,.F.,(4,1,1,4),(0.,0.333333333333333,0.666666666666667,
1.),.UNSPECIFIED.);
#1530=B_SPLINE_CURVE_WITH_KNOTS('',3,(#6287,#6288,#6289,#6290,#6291,#6292),
 .UNSPECIFIED.,.F.,.F.,(4,1,1,4),(0.,0.333333333333333,0.666666666666667,
1.),.UNSPECIFIED.);
#1531=B_SPLINE_CURVE_WITH_KNOTS('',3,(#6333,#6334,#6335,#6336,#6337,#6338),
 .UNSPECIFIED.,.F.,.F.,(4,1,1,4),(0.,0.333333333333333,0.666666666666667,
1.),.UNSPECIFIED.);
#1532=B_SPLINE_CURVE_WITH_KNOTS('',3,(#6379,#6380,#6381,#6382,#6383,#6384),
 .UNSPECIFIED.,.F.,.F.,(4,1,1,4),(0.,0.333333333333333,0.666666666666667,
1.),.UNSPECIFIED.);
#1533=B_SPLINE_CURVE_WITH_KNOTS('',3,(#6425,#6426,#6427,#6428,#6429,#6430),
 .UNSPECIFIED.,.F.,.F.,(4,1,1,4),(0.,0.333333333333333,0.666666666666667,
1.),.UNSPECIFIED.);
#1534=B_SPLINE_CURVE_WITH_KNOTS('',3,(#6472,#6473,#6474,#6475,#6476,#6477),
 .UNSPECIFIED.,.F.,.F.,(4,1,1,4),(0.,0.333333333333333,0.666666666666667,
1.),.UNSPECIFIED.);
#1535=B_SPLINE_CURVE_WITH_KNOTS('',3,(#6479,#6480,#6481,#6482,#6483,#6484),
 .UNSPECIFIED.,.F.,.F.,(4,1,1,4),(0.,0.333333333333333,0.666666666666667,
1.),.UNSPECIFIED.);
#1536=B_SPLINE_CURVE_WITH_KNOTS('',3,(#6525,#6526,#6527,#6528,#6529,#6530),
 .UNSPECIFIED.,.F.,.F.,(4,1,1,4),(0.,0.333333333333333,0.666666666666667,
1.),.UNSPECIFIED.);
#1537=B_SPLINE_CURVE_WITH_KNOTS('',3,(#6571,#6572,#6573,#6574,#6575,#6576),
 .UNSPECIFIED.,.F.,.F.,(4,1,1,4),(0.,0.333333333333333,0.666666666666667,
1.),.UNSPECIFIED.);
#1538=B_SPLINE_CURVE_WITH_KNOTS('',3,(#6617,#6618,#6619,#6620,#6621,#6622),
 .UNSPECIFIED.,.F.,.F.,(4,1,1,4),(0.,0.333333333333333,0.666666666666667,
1.),.UNSPECIFIED.);
#1539=B_SPLINE_CURVE_WITH_KNOTS('',3,(#6663,#6664,#6665,#6666,#6667,#6668),
 .UNSPECIFIED.,.F.,.F.,(4,1,1,4),(0.,0.333333333333333,0.666666666666667,
1.),.UNSPECIFIED.);
#1540=B_SPLINE_CURVE_WITH_KNOTS('',3,(#6710,#6711,#6712,#6713,#6714,#6715),
 .UNSPECIFIED.,.F.,.F.,(4,1,1,4),(0.,0.333333333333333,0.666666666666667,
1.),.UNSPECIFIED.);
#1541=B_SPLINE_CURVE_WITH_KNOTS('',3,(#6717,#6718,#6719,#6720,#6721,#6722),
 .UNSPECIFIED.,.F.,.F.,(4,1,1,4),(0.,0.333333333333333,0.666666666666667,
1.),.UNSPECIFIED.);
#1542=B_SPLINE_CURVE_WITH_KNOTS('',3,(#6763,#6764,#6765,#6766,#6767,#6768),
 .UNSPECIFIED.,.F.,.F.,(4,1,1,4),(0.,0.333333333333333,0.666666666666667,
1.),.UNSPECIFIED.);
#1543=B_SPLINE_CURVE_WITH_KNOTS('',3,(#6809,#6810,#6811,#6812,#6813,#6814),
 .UNSPECIFIED.,.F.,.F.,(4,1,1,4),(0.,0.333333333333333,0.666666666666667,
1.),.UNSPECIFIED.);
#1544=B_SPLINE_CURVE_WITH_KNOTS('',3,(#6855,#6856,#6857,#6858,#6859,#6860),
 .UNSPECIFIED.,.F.,.F.,(4,1,1,4),(0.,0.333333333333333,0.666666666666667,
1.),.UNSPECIFIED.);
#1545=B_SPLINE_CURVE_WITH_KNOTS('',3,(#6901,#6902,#6903,#6904,#6905,#6906),
 .UNSPECIFIED.,.F.,.F.,(4,1,1,4),(0.,0.333333333333333,0.666666666666667,
1.),.UNSPECIFIED.);
#1546=B_SPLINE_CURVE_WITH_KNOTS('',3,(#6948,#6949,#6950,#6951,#6952,#6953),
 .UNSPECIFIED.,.F.,.F.,(4,1,1,4),(0.,0.333333333333333,0.666666666666667,
1.),.UNSPECIFIED.);
#1547=B_SPLINE_CURVE_WITH_KNOTS('',3,(#6955,#6956,#6957,#6958,#6959,#6960),
 .UNSPECIFIED.,.F.,.F.,(4,1,1,4),(0.,0.333333333333333,0.666666666666667,
1.),.UNSPECIFIED.);
#1548=B_SPLINE_CURVE_WITH_KNOTS('',3,(#7001,#7002,#7003,#7004,#7005,#7006),
 .UNSPECIFIED.,.F.,.F.,(4,1,1,4),(0.,0.333333333333333,0.666666666666667,
1.),.UNSPECIFIED.);
#1549=B_SPLINE_CURVE_WITH_KNOTS('',3,(#7047,#7048,#7049,#7050,#7051,#7052),
 .UNSPECIFIED.,.F.,.F.,(4,1,1,4),(0.,0.333333333333333,0.666666666666667,
1.),.UNSPECIFIED.);
#1550=B_SPLINE_CURVE_WITH_KNOTS('',3,(#7093,#7094,#7095,#7096,#7097,#7098),
 .UNSPECIFIED.,.F.,.F.,(4,1,1,4),(0.,0.333333333333333,0.666666666666667,
1.),.UNSPECIFIED.);
#1551=B_SPLINE_CURVE_WITH_KNOTS('',3,(#7139,#7140,#7141,#7142,#7143,#7144),
 .UNSPECIFIED.,.F.,.F.,(4,1,1,4),(0.,0.333333333333333,0.666666666666667,
1.),.UNSPECIFIED.);
#1552=VERTEX_POINT('',#4987);
#1553=VERTEX_POINT('',#4988);
#1554=VERTEX_POINT('',#4999);
#1555=VERTEX_POINT('',#5001);
#1556=VERTEX_POINT('',#5005);
#1557=VERTEX_POINT('',#5006);
#1558=VERTEX_POINT('',#5011);
#1559=VERTEX_POINT('',#5012);
#1560=VERTEX_POINT('',#5026);
#1561=VERTEX_POINT('',#5028);
#1562=VERTEX_POINT('',#5032);
#1563=VERTEX_POINT('',#5036);
#1564=VERTEX_POINT('',#5040);
#1565=VERTEX_POINT('',#5042);
#1566=VERTEX_POINT('',#5044);
#1567=VERTEX_POINT('',#5046);
#1568=VERTEX_POINT('',#5050);
#1569=VERTEX_POINT('',#5052);
#1570=VERTEX_POINT('',#5054);
#1571=VERTEX_POINT('',#5056);
#1572=VERTEX_POINT('',#5060);
#1573=VERTEX_POINT('',#5061);
#1574=VERTEX_POINT('',#5063);
#1575=VERTEX_POINT('',#5065);
#1576=VERTEX_POINT('',#5069);
#1577=VERTEX_POINT('',#5071);
#1578=VERTEX_POINT('',#5075);
#1579=VERTEX_POINT('',#5077);
#1580=VERTEX_POINT('',#5084);
#1581=VERTEX_POINT('',#5086);
#1582=VERTEX_POINT('',#5090);
#1583=VERTEX_POINT('',#5094);
#1584=VERTEX_POINT('',#5095);
#1585=VERTEX_POINT('',#5097);
#1586=VERTEX_POINT('',#5099);
#1587=VERTEX_POINT('',#5101);
#1588=VERTEX_POINT('',#5103);
#1589=VERTEX_POINT('',#5105);
#1590=VERTEX_POINT('',#5107);
#1591=VERTEX_POINT('',#5114);
#1592=VERTEX_POINT('',#5118);
#1593=VERTEX_POINT('',#5122);
#1594=VERTEX_POINT('',#5126);
#1595=VERTEX_POINT('',#5130);
#1596=VERTEX_POINT('',#5134);
#1597=VERTEX_POINT('',#5140);
#1598=VERTEX_POINT('',#5142);
#1599=VERTEX_POINT('',#5146);
#1600=VERTEX_POINT('',#5152);
#1601=VERTEX_POINT('',#5153);
#1602=VERTEX_POINT('',#5155);
#1603=VERTEX_POINT('',#5157);
#1604=VERTEX_POINT('',#5167);
#1605=VERTEX_POINT('',#5173);
#1606=VERTEX_POINT('',#5175);
#1607=VERTEX_POINT('',#5178);
#1608=VERTEX_POINT('',#5182);
#1609=VERTEX_POINT('',#5187);
#1610=VERTEX_POINT('',#5189);
#1611=VERTEX_POINT('',#5192);
#1612=VERTEX_POINT('',#5196);
#1613=VERTEX_POINT('',#5201);
#1614=VERTEX_POINT('',#5203);
#1615=VERTEX_POINT('',#5206);
#1616=VERTEX_POINT('',#5210);
#1617=VERTEX_POINT('',#5215);
#1618=VERTEX_POINT('',#5217);
#1619=VERTEX_POINT('',#5220);
#1620=VERTEX_POINT('',#5224);
#1621=VERTEX_POINT('',#5229);
#1622=VERTEX_POINT('',#5234);
#1623=VERTEX_POINT('',#5238);
#1624=VERTEX_POINT('',#5280);
#1625=VERTEX_POINT('',#5281);
#1626=VERTEX_POINT('',#5288);
#1627=VERTEX_POINT('',#5295);
#1628=VERTEX_POINT('',#5334);
#1629=VERTEX_POINT('',#5341);
#1630=VERTEX_POINT('',#5380);
#1631=VERTEX_POINT('',#5387);
#1632=VERTEX_POINT('',#5426);
#1633=VERTEX_POINT('',#5433);
#1634=VERTEX_POINT('',#5472);
#1635=VERTEX_POINT('',#5479);
#1636=VERTEX_POINT('',#5518);
#1637=VERTEX_POINT('',#5519);
#1638=VERTEX_POINT('',#5526);
#1639=VERTEX_POINT('',#5533);
#1640=VERTEX_POINT('',#5572);
#1641=VERTEX_POINT('',#5579);
#1642=VERTEX_POINT('',#5618);
#1643=VERTEX_POINT('',#5625);
#1644=VERTEX_POINT('',#5664);
#1645=VERTEX_POINT('',#5671);
#1646=VERTEX_POINT('',#5710);
#1647=VERTEX_POINT('',#5717);
#1648=VERTEX_POINT('',#5756);
#1649=VERTEX_POINT('',#5757);
#1650=VERTEX_POINT('',#5764);
#1651=VERTEX_POINT('',#5771);
#1652=VERTEX_POINT('',#5810);
#1653=VERTEX_POINT('',#5817);
#1654=VERTEX_POINT('',#5856);
#1655=VERTEX_POINT('',#5863);
#1656=VERTEX_POINT('',#5902);
#1657=VERTEX_POINT('',#5909);
#1658=VERTEX_POINT('',#5948);
#1659=VERTEX_POINT('',#5955);
#1660=VERTEX_POINT('',#5994);
#1661=VERTEX_POINT('',#5995);
#1662=VERTEX_POINT('',#6002);
#1663=VERTEX_POINT('',#6009);
#1664=VERTEX_POINT('',#6048);
#1665=VERTEX_POINT('',#6055);
#1666=VERTEX_POINT('',#6094);
#1667=VERTEX_POINT('',#6101);
#1668=VERTEX_POINT('',#6140);
#1669=VERTEX_POINT('',#6147);
#1670=VERTEX_POINT('',#6186);
#1671=VERTEX_POINT('',#6193);
#1672=VERTEX_POINT('',#6232);
#1673=VERTEX_POINT('',#6233);
#1674=VERTEX_POINT('',#6240);
#1675=VERTEX_POINT('',#6247);
#1676=VERTEX_POINT('',#6286);
#1677=VERTEX_POINT('',#6293);
#1678=VERTEX_POINT('',#6332);
#1679=VERTEX_POINT('',#6339);
#1680=VERTEX_POINT('',#6378);
#1681=VERTEX_POINT('',#6385);
#1682=VERTEX_POINT('',#6424);
#1683=VERTEX_POINT('',#6431);
#1684=VERTEX_POINT('',#6470);
#1685=VERTEX_POINT('',#6471);
#1686=VERTEX_POINT('',#6478);
#1687=VERTEX_POINT('',#6485);
#1688=VERTEX_POINT('',#6524);
#1689=VERTEX_POINT('',#6531);
#1690=VERTEX_POINT('',#6570);
#1691=VERTEX_POINT('',#6577);
#1692=VERTEX_POINT('',#6616);
#1693=VERTEX_POINT('',#6623);
#1694=VERTEX_POINT('',#6662);
#1695=VERTEX_POINT('',#6669);
#1696=VERTEX_POINT('',#6708);
#1697=VERTEX_POINT('',#6709);
#1698=VERTEX_POINT('',#6716);
#1699=VERTEX_POINT('',#6723);
#1700=VERTEX_POINT('',#6762);
#1701=VERTEX_POINT('',#6769);
#1702=VERTEX_POINT('',#6808);
#1703=VERTEX_POINT('',#6815);
#1704=VERTEX_POINT('',#6854);
#1705=VERTEX_POINT('',#6861);
#1706=VERTEX_POINT('',#6900);
#1707=VERTEX_POINT('',#6907);
#1708=VERTEX_POINT('',#6946);
#1709=VERTEX_POINT('',#6947);
#1710=VERTEX_POINT('',#6954);
#1711=VERTEX_POINT('',#6961);
#1712=VERTEX_POINT('',#7000);
#1713=VERTEX_POINT('',#7007);
#1714=VERTEX_POINT('',#7046);
#1715=VERTEX_POINT('',#7053);
#1716=VERTEX_POINT('',#7092);
#1717=VERTEX_POINT('',#7099);
#1718=VERTEX_POINT('',#7138);
#1719=VERTEX_POINT('',#7145);
#1720=VERTEX_POINT('',#7184);
#1721=VERTEX_POINT('',#7223);
#1722=VERTEX_POINT('',#7265);
#1723=VERTEX_POINT('',#7304);
#1724=VERTEX_POINT('',#7314);
#1725=VERTEX_POINT('',#7315);
#1726=VERTEX_POINT('',#7323);
#1727=VERTEX_POINT('',#7324);
#1728=VERTEX_POINT('',#7329);
#1729=VERTEX_POINT('',#7330);
#1730=VERTEX_POINT('',#7335);
#1731=VERTEX_POINT('',#7336);
#1732=VERTEX_POINT('',#7345);
#1733=VERTEX_POINT('',#7346);
#1734=VERTEX_POINT('',#7348);
#1735=VERTEX_POINT('',#7350);
#1736=VERTEX_POINT('',#7357);
#1737=VERTEX_POINT('',#7358);
#1738=VERTEX_POINT('',#7360);
#1739=VERTEX_POINT('',#7362);
#1740=VERTEX_POINT('',#7364);
#1741=VERTEX_POINT('',#7366);
#1742=VERTEX_POINT('',#7368);
#1743=VERTEX_POINT('',#7370);
#1744=VERTEX_POINT('',#7373);
#1745=VERTEX_POINT('',#7374);
#1746=VERTEX_POINT('',#7376);
#1747=VERTEX_POINT('',#7378);
#1748=VERTEX_POINT('',#7380);
#1749=VERTEX_POINT('',#7382);
#1750=VERTEX_POINT('',#7384);
#1751=VERTEX_POINT('',#7386);
#1752=VERTEX_POINT('',#7389);
#1753=VERTEX_POINT('',#7390);
#1754=VERTEX_POINT('',#7392);
#1755=VERTEX_POINT('',#7394);
#1756=VERTEX_POINT('',#7396);
#1757=VERTEX_POINT('',#7398);
#1758=VERTEX_POINT('',#7400);
#1759=VERTEX_POINT('',#7402);
#1760=VERTEX_POINT('',#7405);
#1761=VERTEX_POINT('',#7406);
#1762=VERTEX_POINT('',#7408);
#1763=VERTEX_POINT('',#7410);
#1764=VERTEX_POINT('',#7412);
#1765=VERTEX_POINT('',#7414);
#1766=VERTEX_POINT('',#7416);
#1767=VERTEX_POINT('',#7418);
#1768=VERTEX_POINT('',#7421);
#1769=VERTEX_POINT('',#7422);
#1770=VERTEX_POINT('',#7424);
#1771=VERTEX_POINT('',#7426);
#1772=VERTEX_POINT('',#7428);
#1773=VERTEX_POINT('',#7430);
#1774=VERTEX_POINT('',#7432);
#1775=VERTEX_POINT('',#7434);
#1776=VERTEX_POINT('',#7437);
#1777=VERTEX_POINT('',#7438);
#1778=VERTEX_POINT('',#7440);
#1779=VERTEX_POINT('',#7442);
#1780=VERTEX_POINT('',#7444);
#1781=VERTEX_POINT('',#7446);
#1782=VERTEX_POINT('',#7448);
#1783=VERTEX_POINT('',#7450);
#1784=VERTEX_POINT('',#7453);
#1785=VERTEX_POINT('',#7454);
#1786=VERTEX_POINT('',#7456);
#1787=VERTEX_POINT('',#7458);
#1788=VERTEX_POINT('',#7460);
#1789=VERTEX_POINT('',#7462);
#1790=VERTEX_POINT('',#7464);
#1791=VERTEX_POINT('',#7466);
#1792=VERTEX_POINT('',#7469);
#1793=VERTEX_POINT('',#7470);
#1794=VERTEX_POINT('',#7472);
#1795=VERTEX_POINT('',#7474);
#1796=VERTEX_POINT('',#7476);
#1797=VERTEX_POINT('',#7478);
#1798=VERTEX_POINT('',#7480);
#1799=VERTEX_POINT('',#7482);
#1800=VERTEX_POINT('',#7485);
#1801=VERTEX_POINT('',#7486);
#1802=VERTEX_POINT('',#7488);
#1803=VERTEX_POINT('',#7490);
#1804=VERTEX_POINT('',#7492);
#1805=VERTEX_POINT('',#7494);
#1806=VERTEX_POINT('',#7496);
#1807=VERTEX_POINT('',#7498);
#1808=VERTEX_POINT('',#7541);
#1809=VERTEX_POINT('',#7580);
#1810=VERTEX_POINT('',#7621);
#1811=VERTEX_POINT('',#7627);
#1812=VERTEX_POINT('',#7628);
#1813=VERTEX_POINT('',#7668);
#1814=VERTEX_POINT('',#7676);
#1815=VERTEX_POINT('',#7677);
#1816=VERTEX_POINT('',#7682);
#1817=VERTEX_POINT('',#7683);
#1818=VERTEX_POINT('',#7688);
#1819=VERTEX_POINT('',#7689);
#1820=VERTEX_POINT('',#7702);
#1821=VERTEX_POINT('',#7704);
#1822=VERTEX_POINT('',#7708);
#1823=VERTEX_POINT('',#7712);
#1824=VERTEX_POINT('',#7716);
#1825=VERTEX_POINT('',#7720);
#1826=VERTEX_POINT('',#7724);
#1827=VERTEX_POINT('',#7728);
#1828=VERTEX_POINT('',#7734);
#1829=VERTEX_POINT('',#7736);
#1830=VERTEX_POINT('',#7740);
#1831=VERTEX_POINT('',#7744);
#1832=VERTEX_POINT('',#7748);
#1833=VERTEX_POINT('',#7752);
#1834=VERTEX_POINT('',#7756);
#1835=VERTEX_POINT('',#7760);
#1836=VERTEX_POINT('',#7766);
#1837=VERTEX_POINT('',#7768);
#1838=VERTEX_POINT('',#7772);
#1839=VERTEX_POINT('',#7776);
#1840=VERTEX_POINT('',#7780);
#1841=VERTEX_POINT('',#7784);
#1842=VERTEX_POINT('',#7788);
#1843=VERTEX_POINT('',#7792);
#1844=VERTEX_POINT('',#7798);
#1845=VERTEX_POINT('',#7800);
#1846=VERTEX_POINT('',#7804);
#1847=VERTEX_POINT('',#7808);
#1848=VERTEX_POINT('',#7812);
#1849=VERTEX_POINT('',#7816);
#1850=VERTEX_POINT('',#7820);
#1851=VERTEX_POINT('',#7824);
#1852=VERTEX_POINT('',#7830);
#1853=VERTEX_POINT('',#7832);
#1854=VERTEX_POINT('',#7836);
#1855=VERTEX_POINT('',#7840);
#1856=VERTEX_POINT('',#7844);
#1857=VERTEX_POINT('',#7848);
#1858=VERTEX_POINT('',#7852);
#1859=VERTEX_POINT('',#7856);
#1860=VERTEX_POINT('',#7862);
#1861=VERTEX_POINT('',#7864);
#1862=VERTEX_POINT('',#7868);
#1863=VERTEX_POINT('',#7872);
#1864=VERTEX_POINT('',#7876);
#1865=VERTEX_POINT('',#7880);
#1866=VERTEX_POINT('',#7884);
#1867=VERTEX_POINT('',#7888);
#1868=VERTEX_POINT('',#7894);
#1869=VERTEX_POINT('',#7896);
#1870=VERTEX_POINT('',#7900);
#1871=VERTEX_POINT('',#7904);
#1872=VERTEX_POINT('',#7908);
#1873=VERTEX_POINT('',#7912);
#1874=VERTEX_POINT('',#7916);
#1875=VERTEX_POINT('',#7920);
#1876=VERTEX_POINT('',#7926);
#1877=VERTEX_POINT('',#7928);
#1878=VERTEX_POINT('',#7932);
#1879=VERTEX_POINT('',#7936);
#1880=VERTEX_POINT('',#7940);
#1881=VERTEX_POINT('',#7944);
#1882=VERTEX_POINT('',#7948);
#1883=VERTEX_POINT('',#7952);
#1884=VERTEX_POINT('',#7958);
#1885=VERTEX_POINT('',#7960);
#1886=VERTEX_POINT('',#7964);
#1887=VERTEX_POINT('',#7968);
#1888=VERTEX_POINT('',#7972);
#1889=VERTEX_POINT('',#7976);
#1890=VERTEX_POINT('',#7980);
#1891=VERTEX_POINT('',#7984);
#1892=VERTEX_POINT('',#7990);
#1893=VERTEX_POINT('',#7991);
#1894=VERTEX_POINT('',#7996);
#1895=VERTEX_POINT('',#8000);
#1896=EDGE_CURVE('',#1552,#1553,#1502,.T.);
#1897=EDGE_CURVE('',#1553,#1554,#1346,.T.);
#1898=EDGE_CURVE('',#1554,#1555,#1347,.T.);
#1899=EDGE_CURVE('',#1555,#1552,#1348,.T.);
#1900=EDGE_CURVE('',#1556,#1557,#1349,.T.);
#1901=EDGE_CURVE('',#1557,#1555,#199,.T.);
#1902=EDGE_CURVE('',#1554,#1556,#200,.T.);
#1903=EDGE_CURVE('',#1558,#1559,#1503,.T.);
#1904=EDGE_CURVE('',#1559,#1557,#1350,.T.);
#1905=EDGE_CURVE('',#1556,#1558,#1351,.T.);
#1906=EDGE_CURVE('',#1554,#1560,#201,.T.);
#1907=EDGE_CURVE('',#1561,#1560,#202,.T.);
#1908=EDGE_CURVE('',#1556,#1561,#203,.T.);
#1909=EDGE_CURVE('',#1562,#1553,#204,.T.);
#1910=EDGE_CURVE('',#1560,#1562,#1352,.T.);
#1911=EDGE_CURVE('',#1563,#1561,#1353,.T.);
#1912=EDGE_CURVE('',#1558,#1563,#205,.T.);
#1913=EDGE_CURVE('',#1564,#1559,#206,.T.);
#1914=EDGE_CURVE('',#1564,#1565,#207,.T.);
#1915=EDGE_CURVE('',#1566,#1565,#208,.T.);
#1916=EDGE_CURVE('',#1567,#1566,#209,.T.);
#1917=EDGE_CURVE('',#1552,#1567,#210,.T.);
#1918=EDGE_CURVE('',#1568,#1562,#211,.T.);
#1919=EDGE_CURVE('',#1568,#1569,#212,.T.);
#1920=EDGE_CURVE('',#1569,#1570,#213,.T.);
#1921=EDGE_CURVE('',#1571,#1570,#214,.T.);
#1922=EDGE_CURVE('',#1563,#1571,#215,.T.);
#1923=EDGE_CURVE('',#1572,#1573,#216,.T.);
#1924=EDGE_CURVE('',#1573,#1574,#217,.T.);
#1925=EDGE_CURVE('',#1574,#1575,#218,.T.);
#1926=EDGE_CURVE('',#1572,#1575,#219,.T.);
#1927=EDGE_CURVE('',#1576,#1574,#220,.T.);
#1928=EDGE_CURVE('',#1573,#1577,#221,.T.);
#1929=EDGE_CURVE('',#1577,#1576,#222,.T.);
#1930=EDGE_CURVE('',#1578,#1576,#223,.T.);
#1931=EDGE_CURVE('',#1577,#1579,#224,.T.);
#1932=EDGE_CURVE('',#1579,#1578,#225,.T.);
#1933=EDGE_CURVE('',#1575,#1578,#226,.T.);
#1934=EDGE_CURVE('',#1579,#1572,#227,.T.);
#1935=EDGE_CURVE('',#1575,#1580,#228,.T.);
#1936=EDGE_CURVE('',#1580,#1581,#229,.T.);
#1937=EDGE_CURVE('',#1578,#1581,#230,.T.);
#1938=EDGE_CURVE('',#1574,#1582,#231,.F.);
#1939=EDGE_CURVE('',#1582,#1580,#232,.T.);
#1940=EDGE_CURVE('',#1583,#1584,#233,.T.);
#1941=EDGE_CURVE('',#1585,#1583,#1354,.T.);
#1942=EDGE_CURVE('',#1586,#1585,#234,.T.);
#1943=EDGE_CURVE('',#1587,#1586,#1355,.T.);
#1944=EDGE_CURVE('',#1588,#1587,#235,.T.);
#1945=EDGE_CURVE('',#1589,#1588,#1356,.T.);
#1946=EDGE_CURVE('',#1590,#1589,#236,.T.);
#1947=EDGE_CURVE('',#1584,#1590,#1357,.T.);
#1948=EDGE_CURVE('',#1584,#1566,#237,.T.);
#1949=EDGE_CURVE('',#1565,#1583,#238,.T.);
#1950=EDGE_CURVE('',#1590,#1591,#239,.T.);
#1951=EDGE_CURVE('',#1591,#1566,#1358,.T.);
#1952=EDGE_CURVE('',#1589,#1592,#240,.T.);
#1953=EDGE_CURVE('',#1592,#1591,#241,.T.);
#1954=EDGE_CURVE('',#1588,#1593,#242,.T.);
#1955=EDGE_CURVE('',#1593,#1592,#1359,.T.);
#1956=EDGE_CURVE('',#1587,#1594,#243,.T.);
#1957=EDGE_CURVE('',#1594,#1593,#244,.T.);
#1958=EDGE_CURVE('',#1586,#1595,#245,.T.);
#1959=EDGE_CURVE('',#1595,#1594,#1360,.T.);
#1960=EDGE_CURVE('',#1585,#1596,#246,.T.);
#1961=EDGE_CURVE('',#1596,#1595,#247,.T.);
#1962=EDGE_CURVE('',#1565,#1596,#1361,.T.);
#1963=EDGE_CURVE('',#1597,#1595,#248,.T.);
#1964=EDGE_CURVE('',#1597,#1598,#1362,.T.);
#1965=EDGE_CURVE('',#1598,#1594,#249,.T.);
#1966=EDGE_CURVE('',#1599,#1596,#250,.T.);
#1967=EDGE_CURVE('',#1599,#1597,#251,.T.);
#1968=EDGE_CURVE('',#1564,#1599,#1363,.T.);
#1969=EDGE_CURVE('',#1600,#1601,#252,.T.);
#1970=EDGE_CURVE('',#1600,#1602,#253,.T.);
#1971=EDGE_CURVE('',#1602,#1603,#254,.T.);
#1972=EDGE_CURVE('',#1601,#1603,#255,.T.);
#1973=EDGE_CURVE('',#1571,#1600,#256,.T.);
#1974=EDGE_CURVE('',#1570,#1602,#257,.T.);
#1975=EDGE_CURVE('',#1601,#1568,#258,.T.);
#1976=EDGE_CURVE('',#1603,#1569,#259,.T.);
#1977=EDGE_CURVE('',#1604,#1582,#260,.T.);
#1978=EDGE_CURVE('',#1581,#1604,#261,.T.);
#1979=EDGE_CURVE('',#1576,#1604,#262,.T.);
#1980=EDGE_CURVE('',#1605,#1605,#1364,.T.);
#1981=EDGE_CURVE('',#1606,#1606,#1365,.T.);
#1982=EDGE_CURVE('',#1607,#1607,#1366,.T.);
#1983=EDGE_CURVE('',#1607,#1605,#263,.T.);
#1984=EDGE_CURVE('',#1606,#1608,#264,.T.);
#1985=EDGE_CURVE('',#1608,#1608,#1367,.T.);
#1986=EDGE_CURVE('',#1609,#1609,#1368,.T.);
#1987=EDGE_CURVE('',#1610,#1610,#1369,.T.);
#1988=EDGE_CURVE('',#1611,#1611,#1370,.T.);
#1989=EDGE_CURVE('',#1611,#1609,#265,.T.);
#1990=EDGE_CURVE('',#1610,#1612,#266,.T.);
#1991=EDGE_CURVE('',#1612,#1612,#1371,.T.);
#1992=EDGE_CURVE('',#1613,#1613,#1372,.T.);
#1993=EDGE_CURVE('',#1614,#1614,#1373,.T.);
#1994=EDGE_CURVE('',#1615,#1615,#1374,.T.);
#1995=EDGE_CURVE('',#1615,#1613,#267,.T.);
#1996=EDGE_CURVE('',#1614,#1616,#268,.T.);
#1997=EDGE_CURVE('',#1616,#1616,#1375,.T.);
#1998=EDGE_CURVE('',#1617,#1617,#1376,.T.);
#1999=EDGE_CURVE('',#1618,#1618,#1377,.T.);
#2000=EDGE_CURVE('',#1619,#1619,#1378,.T.);
#2001=EDGE_CURVE('',#1619,#1617,#269,.T.);
#2002=EDGE_CURVE('',#1618,#1620,#270,.T.);
#2003=EDGE_CURVE('',#1620,#1620,#1379,.T.);
#2004=EDGE_CURVE('',#1598,#1621,#271,.T.);
#2005=EDGE_CURVE('',#1621,#1593,#272,.T.);
#2006=EDGE_CURVE('',#1622,#1591,#273,.T.);
#2007=EDGE_CURVE('',#1622,#1567,#1380,.T.);
#2008=EDGE_CURVE('',#1623,#1592,#274,.T.);
#2009=EDGE_CURVE('',#1622,#1623,#275,.T.);
#2010=EDGE_CURVE('',#1621,#1623,#1381,.T.);
#2011=EDGE_CURVE('',#1624,#1625,#1504,.T.);
#2012=EDGE_CURVE('',#1624,#1626,#1505,.T.);
#2013=EDGE_CURVE('',#1626,#1627,#1382,.T.);
#2014=EDGE_CURVE('',#1625,#1627,#276,.T.);
#2015=EDGE_CURVE('',#1624,#1628,#1506,.T.);
#2016=EDGE_CURVE('',#1629,#1628,#277,.T.);
#2017=EDGE_CURVE('',#1629,#1626,#1383,.T.);
#2018=EDGE_CURVE('',#1624,#1630,#1507,.T.);
#2019=EDGE_CURVE('',#1630,#1631,#1384,.T.);
#2020=EDGE_CURVE('',#1628,#1631,#278,.T.);
#2021=EDGE_CURVE('',#1624,#1632,#1508,.T.);
#2022=EDGE_CURVE('',#1633,#1632,#279,.T.);
#2023=EDGE_CURVE('',#1633,#1630,#1385,.T.);
#2024=EDGE_CURVE('',#1624,#1634,#1509,.T.);
#2025=EDGE_CURVE('',#1634,#1635,#1386,.T.);
#2026=EDGE_CURVE('',#1632,#1635,#280,.T.);
#2027=EDGE_CURVE('',#1636,#1637,#1510,.T.);
#2028=EDGE_CURVE('',#1636,#1638,#1511,.T.);
#2029=EDGE_CURVE('',#1638,#1639,#1387,.T.);
#2030=EDGE_CURVE('',#1637,#1639,#281,.T.);
#2031=EDGE_CURVE('',#1636,#1640,#1512,.T.);
#2032=EDGE_CURVE('',#1641,#1640,#282,.T.);
#2033=EDGE_CURVE('',#1641,#1638,#1388,.T.);
#2034=EDGE_CURVE('',#1636,#1642,#1513,.T.);
#2035=EDGE_CURVE('',#1642,#1643,#1389,.T.);
#2036=EDGE_CURVE('',#1640,#1643,#283,.T.);
#2037=EDGE_CURVE('',#1636,#1644,#1514,.T.);
#2038=EDGE_CURVE('',#1645,#1644,#284,.T.);
#2039=EDGE_CURVE('',#1645,#1642,#1390,.T.);
#2040=EDGE_CURVE('',#1636,#1646,#1515,.T.);
#2041=EDGE_CURVE('',#1646,#1647,#1391,.T.);
#2042=EDGE_CURVE('',#1644,#1647,#285,.T.);
#2043=EDGE_CURVE('',#1648,#1649,#1516,.T.);
#2044=EDGE_CURVE('',#1648,#1650,#1517,.T.);
#2045=EDGE_CURVE('',#1650,#1651,#1392,.T.);
#2046=EDGE_CURVE('',#1649,#1651,#286,.T.);
#2047=EDGE_CURVE('',#1648,#1652,#1518,.T.);
#2048=EDGE_CURVE('',#1653,#1652,#287,.T.);
#2049=EDGE_CURVE('',#1653,#1650,#1393,.T.);
#2050=EDGE_CURVE('',#1648,#1654,#1519,.T.);
#2051=EDGE_CURVE('',#1654,#1655,#1394,.T.);
#2052=EDGE_CURVE('',#1652,#1655,#288,.T.);
#2053=EDGE_CURVE('',#1648,#1656,#1520,.T.);
#2054=EDGE_CURVE('',#1657,#1656,#289,.T.);
#2055=EDGE_CURVE('',#1657,#1654,#1395,.T.);
#2056=EDGE_CURVE('',#1648,#1658,#1521,.T.);
#2057=EDGE_CURVE('',#1658,#1659,#1396,.T.);
#2058=EDGE_CURVE('',#1656,#1659,#290,.T.);
#2059=EDGE_CURVE('',#1660,#1661,#1522,.T.);
#2060=EDGE_CURVE('',#1660,#1662,#1523,.T.);
#2061=EDGE_CURVE('',#1662,#1663,#1397,.T.);
#2062=EDGE_CURVE('',#1661,#1663,#291,.T.);
#2063=EDGE_CURVE('',#1660,#1664,#1524,.T.);
#2064=EDGE_CURVE('',#1665,#1664,#292,.T.);
#2065=EDGE_CURVE('',#1665,#1662,#1398,.T.);
#2066=EDGE_CURVE('',#1660,#1666,#1525,.T.);
#2067=EDGE_CURVE('',#1666,#1667,#1399,.T.);
#2068=EDGE_CURVE('',#1664,#1667,#293,.T.);
#2069=EDGE_CURVE('',#1660,#1668,#1526,.T.);
#2070=EDGE_CURVE('',#1669,#1668,#294,.T.);
#2071=EDGE_CURVE('',#1669,#1666,#1400,.T.);
#2072=EDGE_CURVE('',#1660,#1670,#1527,.T.);
#2073=EDGE_CURVE('',#1670,#1671,#1401,.T.);
#2074=EDGE_CURVE('',#1668,#1671,#295,.T.);
#2075=EDGE_CURVE('',#1672,#1673,#1528,.T.);
#2076=EDGE_CURVE('',#1672,#1674,#1529,.T.);
#2077=EDGE_CURVE('',#1674,#1675,#1402,.T.);
#2078=EDGE_CURVE('',#1673,#1675,#296,.T.);
#2079=EDGE_CURVE('',#1672,#1676,#1530,.T.);
#2080=EDGE_CURVE('',#1677,#1676,#297,.T.);
#2081=EDGE_CURVE('',#1677,#1674,#1403,.T.);
#2082=EDGE_CURVE('',#1672,#1678,#1531,.T.);
#2083=EDGE_CURVE('',#1678,#1679,#1404,.T.);
#2084=EDGE_CURVE('',#1676,#1679,#298,.T.);
#2085=EDGE_CURVE('',#1672,#1680,#1532,.T.);
#2086=EDGE_CURVE('',#1681,#1680,#299,.T.);
#2087=EDGE_CURVE('',#1681,#1678,#1405,.T.);
#2088=EDGE_CURVE('',#1672,#1682,#1533,.T.);
#2089=EDGE_CURVE('',#1682,#1683,#1406,.T.);
#2090=EDGE_CURVE('',#1680,#1683,#300,.T.);
#2091=EDGE_CURVE('',#1684,#1685,#1534,.T.);
#2092=EDGE_CURVE('',#1684,#1686,#1535,.T.);
#2093=EDGE_CURVE('',#1686,#1687,#1407,.T.);
#2094=EDGE_CURVE('',#1685,#1687,#301,.T.);
#2095=EDGE_CURVE('',#1684,#1688,#1536,.T.);
#2096=EDGE_CURVE('',#1689,#1688,#302,.T.);
#2097=EDGE_CURVE('',#1689,#1686,#1408,.T.);
#2098=EDGE_CURVE('',#1684,#1690,#1537,.T.);
#2099=EDGE_CURVE('',#1690,#1691,#1409,.T.);
#2100=EDGE_CURVE('',#1688,#1691,#303,.T.);
#2101=EDGE_CURVE('',#1684,#1692,#1538,.T.);
#2102=EDGE_CURVE('',#1693,#1692,#304,.T.);
#2103=EDGE_CURVE('',#1693,#1690,#1410,.T.);
#2104=EDGE_CURVE('',#1684,#1694,#1539,.T.);
#2105=EDGE_CURVE('',#1694,#1695,#1411,.T.);
#2106=EDGE_CURVE('',#1692,#1695,#305,.T.);
#2107=EDGE_CURVE('',#1696,#1697,#1540,.T.);
#2108=EDGE_CURVE('',#1696,#1698,#1541,.T.);
#2109=EDGE_CURVE('',#1698,#1699,#1412,.T.);
#2110=EDGE_CURVE('',#1697,#1699,#306,.T.);
#2111=EDGE_CURVE('',#1696,#1700,#1542,.T.);
#2112=EDGE_CURVE('',#1701,#1700,#307,.T.);
#2113=EDGE_CURVE('',#1701,#1698,#1413,.T.);
#2114=EDGE_CURVE('',#1696,#1702,#1543,.T.);
#2115=EDGE_CURVE('',#1702,#1703,#1414,.T.);
#2116=EDGE_CURVE('',#1700,#1703,#308,.T.);
#2117=EDGE_CURVE('',#1696,#1704,#1544,.T.);
#2118=EDGE_CURVE('',#1705,#1704,#309,.T.);
#2119=EDGE_CURVE('',#1705,#1702,#1415,.T.);
#2120=EDGE_CURVE('',#1696,#1706,#1545,.T.);
#2121=EDGE_CURVE('',#1706,#1707,#1416,.T.);
#2122=EDGE_CURVE('',#1704,#1707,#310,.T.);
#2123=EDGE_CURVE('',#1708,#1709,#1546,.T.);
#2124=EDGE_CURVE('',#1708,#1710,#1547,.T.);
#2125=EDGE_CURVE('',#1710,#1711,#1417,.T.);
#2126=EDGE_CURVE('',#1709,#1711,#311,.T.);
#2127=EDGE_CURVE('',#1708,#1712,#1548,.T.);
#2128=EDGE_CURVE('',#1713,#1712,#312,.T.);
#2129=EDGE_CURVE('',#1713,#1710,#1418,.T.);
#2130=EDGE_CURVE('',#1708,#1714,#1549,.T.);
#2131=EDGE_CURVE('',#1714,#1715,#1419,.T.);
#2132=EDGE_CURVE('',#1712,#1715,#313,.T.);
#2133=EDGE_CURVE('',#1708,#1716,#1550,.T.);
#2134=EDGE_CURVE('',#1717,#1716,#314,.T.);
#2135=EDGE_CURVE('',#1717,#1714,#1420,.T.);
#2136=EDGE_CURVE('',#1708,#1718,#1551,.T.);
#2137=EDGE_CURVE('',#1718,#1719,#1421,.T.);
#2138=EDGE_CURVE('',#1716,#1719,#315,.T.);
#2139=EDGE_CURVE('',#1720,#1709,#316,.T.);
#2140=EDGE_CURVE('',#1720,#1718,#1422,.T.);
#2141=EDGE_CURVE('',#1721,#1697,#317,.T.);
#2142=EDGE_CURVE('',#1721,#1706,#1423,.T.);
#2143=EDGE_CURVE('',#1703,#1720,#318,.T.);
#2144=EDGE_CURVE('',#1711,#1701,#319,.T.);
#2145=EDGE_CURVE('',#1722,#1685,#320,.T.);
#2146=EDGE_CURVE('',#1722,#1694,#1424,.T.);
#2147=EDGE_CURVE('',#1723,#1673,#321,.T.);
#2148=EDGE_CURVE('',#1723,#1682,#1425,.T.);
#2149=EDGE_CURVE('',#1699,#1677,#322,.T.);
#2150=EDGE_CURVE('',#1679,#1721,#323,.T.);
#2151=EDGE_CURVE('',#1691,#1723,#324,.T.);
#2152=EDGE_CURVE('',#1675,#1689,#325,.T.);
#2153=EDGE_CURVE('',#1724,#1725,#326,.T.);
#2154=EDGE_CURVE('',#1725,#1681,#327,.T.);
#2155=EDGE_CURVE('',#1683,#1724,#328,.T.);
#2156=EDGE_CURVE('',#1687,#1713,#329,.T.);
#2157=EDGE_CURVE('',#1715,#1722,#330,.T.);
#2158=EDGE_CURVE('',#1726,#1727,#331,.T.);
#2159=EDGE_CURVE('',#1727,#1693,#332,.T.);
#2160=EDGE_CURVE('',#1695,#1726,#333,.T.);
#2161=EDGE_CURVE('',#1728,#1729,#334,.T.);
#2162=EDGE_CURVE('',#1729,#1705,#335,.T.);
#2163=EDGE_CURVE('',#1707,#1728,#336,.T.);
#2164=EDGE_CURVE('',#1730,#1731,#337,.T.);
#2165=EDGE_CURVE('',#1731,#1717,#338,.T.);
#2166=EDGE_CURVE('',#1719,#1730,#339,.T.);
#2167=EDGE_CURVE('',#1727,#1724,#340,.T.);
#2168=EDGE_CURVE('',#1726,#1731,#341,.T.);
#2169=EDGE_CURVE('',#1732,#1733,#342,.T.);
#2170=EDGE_CURVE('',#1733,#1734,#343,.T.);
#2171=EDGE_CURVE('',#1734,#1735,#344,.T.);
#2172=EDGE_CURVE('',#1735,#1732,#345,.T.);
#2173=EDGE_CURVE('',#1655,#1629,#346,.T.);
#2174=EDGE_CURVE('',#1663,#1657,#347,.T.);
#2175=EDGE_CURVE('',#1639,#1665,#348,.T.);
#2176=EDGE_CURVE('',#1627,#1641,#349,.T.);
#2177=EDGE_CURVE('',#1736,#1737,#350,.T.);
#2178=EDGE_CURVE('',#1737,#1738,#1426,.T.);
#2179=EDGE_CURVE('',#1738,#1739,#351,.T.);
#2180=EDGE_CURVE('',#1739,#1740,#1427,.T.);
#2181=EDGE_CURVE('',#1740,#1741,#352,.T.);
#2182=EDGE_CURVE('',#1741,#1742,#1428,.T.);
#2183=EDGE_CURVE('',#1742,#1743,#353,.T.);
#2184=EDGE_CURVE('',#1743,#1736,#1429,.T.);
#2185=EDGE_CURVE('',#1744,#1745,#354,.T.);
#2186=EDGE_CURVE('',#1745,#1746,#1430,.T.);
#2187=EDGE_CURVE('',#1746,#1747,#355,.T.);
#2188=EDGE_CURVE('',#1747,#1748,#1431,.T.);
#2189=EDGE_CURVE('',#1748,#1749,#356,.T.);
#2190=EDGE_CURVE('',#1749,#1750,#1432,.T.);
#2191=EDGE_CURVE('',#1750,#1751,#357,.T.);
#2192=EDGE_CURVE('',#1751,#1744,#1433,.T.);
#2193=EDGE_CURVE('',#1752,#1753,#358,.T.);
#2194=EDGE_CURVE('',#1753,#1754,#1434,.T.);
#2195=EDGE_CURVE('',#1754,#1755,#359,.T.);
#2196=EDGE_CURVE('',#1755,#1756,#1435,.T.);
#2197=EDGE_CURVE('',#1756,#1757,#360,.T.);
#2198=EDGE_CURVE('',#1757,#1758,#1436,.T.);
#2199=EDGE_CURVE('',#1758,#1759,#361,.T.);
#2200=EDGE_CURVE('',#1759,#1752,#1437,.T.);
#2201=EDGE_CURVE('',#1760,#1761,#362,.T.);
#2202=EDGE_CURVE('',#1761,#1762,#1438,.T.);
#2203=EDGE_CURVE('',#1762,#1763,#363,.T.);
#2204=EDGE_CURVE('',#1763,#1764,#1439,.T.);
#2205=EDGE_CURVE('',#1764,#1765,#364,.T.);
#2206=EDGE_CURVE('',#1765,#1766,#1440,.T.);
#2207=EDGE_CURVE('',#1766,#1767,#365,.T.);
#2208=EDGE_CURVE('',#1767,#1760,#1441,.T.);
#2209=EDGE_CURVE('',#1768,#1769,#366,.T.);
#2210=EDGE_CURVE('',#1769,#1770,#1442,.T.);
#2211=EDGE_CURVE('',#1770,#1771,#367,.T.);
#2212=EDGE_CURVE('',#1771,#1772,#1443,.T.);
#2213=EDGE_CURVE('',#1772,#1773,#368,.T.);
#2214=EDGE_CURVE('',#1773,#1774,#1444,.T.);
#2215=EDGE_CURVE('',#1774,#1775,#369,.T.);
#2216=EDGE_CURVE('',#1775,#1768,#1445,.T.);
#2217=EDGE_CURVE('',#1776,#1777,#370,.T.);
#2218=EDGE_CURVE('',#1777,#1778,#1446,.T.);
#2219=EDGE_CURVE('',#1778,#1779,#371,.T.);
#2220=EDGE_CURVE('',#1779,#1780,#1447,.T.);
#2221=EDGE_CURVE('',#1780,#1781,#372,.T.);
#2222=EDGE_CURVE('',#1781,#1782,#1448,.T.);
#2223=EDGE_CURVE('',#1782,#1783,#373,.T.);
#2224=EDGE_CURVE('',#1783,#1776,#1449,.T.);
#2225=EDGE_CURVE('',#1784,#1785,#374,.T.);
#2226=EDGE_CURVE('',#1785,#1786,#1450,.T.);
#2227=EDGE_CURVE('',#1786,#1787,#375,.T.);
#2228=EDGE_CURVE('',#1787,#1788,#1451,.T.);
#2229=EDGE_CURVE('',#1788,#1789,#376,.T.);
#2230=EDGE_CURVE('',#1789,#1790,#1452,.T.);
#2231=EDGE_CURVE('',#1790,#1791,#377,.T.);
#2232=EDGE_CURVE('',#1791,#1784,#1453,.T.);
#2233=EDGE_CURVE('',#1792,#1793,#378,.T.);
#2234=EDGE_CURVE('',#1793,#1794,#1454,.T.);
#2235=EDGE_CURVE('',#1794,#1795,#379,.T.);
#2236=EDGE_CURVE('',#1795,#1796,#1455,.T.);
#2237=EDGE_CURVE('',#1796,#1797,#380,.T.);
#2238=EDGE_CURVE('',#1797,#1798,#1456,.T.);
#2239=EDGE_CURVE('',#1798,#1799,#381,.T.);
#2240=EDGE_CURVE('',#1799,#1792,#1457,.T.);
#2241=EDGE_CURVE('',#1800,#1801,#382,.T.);
#2242=EDGE_CURVE('',#1801,#1802,#1458,.T.);
#2243=EDGE_CURVE('',#1802,#1803,#383,.T.);
#2244=EDGE_CURVE('',#1803,#1804,#1459,.T.);
#2245=EDGE_CURVE('',#1804,#1805,#384,.T.);
#2246=EDGE_CURVE('',#1805,#1806,#1460,.T.);
#2247=EDGE_CURVE('',#1806,#1807,#385,.T.);
#2248=EDGE_CURVE('',#1807,#1800,#1461,.T.);
#2249=EDGE_CURVE('',#1729,#1730,#386,.T.);
#2250=EDGE_CURVE('',#1728,#1725,#387,.T.);
#2251=EDGE_CURVE('',#1808,#1661,#388,.T.);
#2252=EDGE_CURVE('',#1808,#1670,#1462,.T.);
#2253=EDGE_CURVE('',#1809,#1649,#389,.T.);
#2254=EDGE_CURVE('',#1809,#1658,#1463,.T.);
#2255=EDGE_CURVE('',#1659,#1808,#390,.T.);
#2256=EDGE_CURVE('',#1810,#1637,#391,.T.);
#2257=EDGE_CURVE('',#1810,#1646,#1464,.T.);
#2258=EDGE_CURVE('',#1667,#1810,#392,.T.);
#2259=EDGE_CURVE('',#1811,#1812,#393,.T.);
#2260=EDGE_CURVE('',#1812,#1645,#394,.T.);
#2261=EDGE_CURVE('',#1647,#1811,#395,.T.);
#2262=EDGE_CURVE('',#1813,#1625,#396,.T.);
#2263=EDGE_CURVE('',#1813,#1634,#1465,.T.);
#2264=EDGE_CURVE('',#1631,#1653,#397,.T.);
#2265=EDGE_CURVE('',#1643,#1813,#398,.T.);
#2266=EDGE_CURVE('',#1814,#1815,#399,.T.);
#2267=EDGE_CURVE('',#1815,#1633,#400,.T.);
#2268=EDGE_CURVE('',#1635,#1814,#401,.T.);
#2269=EDGE_CURVE('',#1816,#1817,#402,.T.);
#2270=EDGE_CURVE('',#1817,#1809,#403,.T.);
#2271=EDGE_CURVE('',#1651,#1816,#404,.T.);
#2272=EDGE_CURVE('',#1818,#1819,#405,.T.);
#2273=EDGE_CURVE('',#1819,#1669,#406,.T.);
#2274=EDGE_CURVE('',#1671,#1818,#407,.T.);
#2275=EDGE_CURVE('',#1812,#1814,#408,.T.);
#2276=EDGE_CURVE('',#1819,#1811,#409,.T.);
#2277=EDGE_CURVE('',#1815,#1816,#410,.T.);
#2278=EDGE_CURVE('',#1817,#1818,#411,.T.);
#2279=EDGE_CURVE('',#1820,#1804,#412,.T.);
#2280=EDGE_CURVE('',#1821,#1820,#413,.T.);
#2281=EDGE_CURVE('',#1821,#1805,#414,.T.);
#2282=EDGE_CURVE('',#1822,#1821,#1466,.T.);
#2283=EDGE_CURVE('',#1822,#1806,#415,.T.);
#2284=EDGE_CURVE('',#1823,#1822,#416,.T.);
#2285=EDGE_CURVE('',#1823,#1807,#417,.T.);
#2286=EDGE_CURVE('',#1824,#1823,#1467,.T.);
#2287=EDGE_CURVE('',#1824,#1800,#418,.T.);
#2288=EDGE_CURVE('',#1825,#1824,#419,.T.);
#2289=EDGE_CURVE('',#1825,#1801,#420,.T.);
#2290=EDGE_CURVE('',#1826,#1825,#1468,.T.);
#2291=EDGE_CURVE('',#1826,#1802,#421,.T.);
#2292=EDGE_CURVE('',#1827,#1826,#422,.T.);
#2293=EDGE_CURVE('',#1827,#1803,#423,.T.);
#2294=EDGE_CURVE('',#1820,#1827,#1469,.T.);
#2295=EDGE_CURVE('',#1828,#1796,#424,.T.);
#2296=EDGE_CURVE('',#1829,#1828,#425,.T.);
#2297=EDGE_CURVE('',#1829,#1797,#426,.T.);
#2298=EDGE_CURVE('',#1830,#1829,#1470,.T.);
#2299=EDGE_CURVE('',#1830,#1798,#427,.T.);
#2300=EDGE_CURVE('',#1831,#1830,#428,.T.);
#2301=EDGE_CURVE('',#1831,#1799,#429,.T.);
#2302=EDGE_CURVE('',#1832,#1831,#1471,.T.);
#2303=EDGE_CURVE('',#1832,#1792,#430,.T.);
#2304=EDGE_CURVE('',#1833,#1832,#431,.T.);
#2305=EDGE_CURVE('',#1833,#1793,#432,.T.);
#2306=EDGE_CURVE('',#1834,#1833,#1472,.T.);
#2307=EDGE_CURVE('',#1834,#1794,#433,.T.);
#2308=EDGE_CURVE('',#1835,#1834,#434,.T.);
#2309=EDGE_CURVE('',#1835,#1795,#435,.T.);
#2310=EDGE_CURVE('',#1828,#1835,#1473,.T.);
#2311=EDGE_CURVE('',#1836,#1788,#436,.T.);
#2312=EDGE_CURVE('',#1837,#1836,#437,.T.);
#2313=EDGE_CURVE('',#1837,#1789,#438,.T.);
#2314=EDGE_CURVE('',#1838,#1837,#1474,.T.);
#2315=EDGE_CURVE('',#1838,#1790,#439,.T.);
#2316=EDGE_CURVE('',#1839,#1838,#440,.T.);
#2317=EDGE_CURVE('',#1839,#1791,#441,.T.);
#2318=EDGE_CURVE('',#1840,#1839,#1475,.T.);
#2319=EDGE_CURVE('',#1840,#1784,#442,.T.);
#2320=EDGE_CURVE('',#1841,#1840,#443,.T.);
#2321=EDGE_CURVE('',#1841,#1785,#444,.T.);
#2322=EDGE_CURVE('',#1842,#1841,#1476,.T.);
#2323=EDGE_CURVE('',#1842,#1786,#445,.T.);
#2324=EDGE_CURVE('',#1843,#1842,#446,.T.);
#2325=EDGE_CURVE('',#1843,#1787,#447,.T.);
#2326=EDGE_CURVE('',#1836,#1843,#1477,.T.);
#2327=EDGE_CURVE('',#1844,#1780,#448,.T.);
#2328=EDGE_CURVE('',#1845,#1844,#449,.T.);
#2329=EDGE_CURVE('',#1845,#1781,#450,.T.);
#2330=EDGE_CURVE('',#1846,#1845,#1478,.T.);
#2331=EDGE_CURVE('',#1846,#1782,#451,.T.);
#2332=EDGE_CURVE('',#1847,#1846,#452,.T.);
#2333=EDGE_CURVE('',#1847,#1783,#453,.T.);
#2334=EDGE_CURVE('',#1848,#1847,#1479,.T.);
#2335=EDGE_CURVE('',#1848,#1776,#454,.T.);
#2336=EDGE_CURVE('',#1849,#1848,#455,.T.);
#2337=EDGE_CURVE('',#1849,#1777,#456,.T.);
#2338=EDGE_CURVE('',#1850,#1849,#1480,.T.);
#2339=EDGE_CURVE('',#1850,#1778,#457,.T.);
#2340=EDGE_CURVE('',#1851,#1850,#458,.T.);
#2341=EDGE_CURVE('',#1851,#1779,#459,.T.);
#2342=EDGE_CURVE('',#1844,#1851,#1481,.T.);
#2343=EDGE_CURVE('',#1852,#1772,#460,.T.);
#2344=EDGE_CURVE('',#1853,#1852,#461,.T.);
#2345=EDGE_CURVE('',#1853,#1773,#462,.T.);
#2346=EDGE_CURVE('',#1854,#1853,#1482,.T.);
#2347=EDGE_CURVE('',#1854,#1774,#463,.T.);
#2348=EDGE_CURVE('',#1855,#1854,#464,.T.);
#2349=EDGE_CURVE('',#1855,#1775,#465,.T.);
#2350=EDGE_CURVE('',#1856,#1855,#1483,.T.);
#2351=EDGE_CURVE('',#1856,#1768,#466,.T.);
#2352=EDGE_CURVE('',#1857,#1856,#467,.T.);
#2353=EDGE_CURVE('',#1857,#1769,#468,.T.);
#2354=EDGE_CURVE('',#1858,#1857,#1484,.T.);
#2355=EDGE_CURVE('',#1858,#1770,#469,.T.);
#2356=EDGE_CURVE('',#1859,#1858,#470,.T.);
#2357=EDGE_CURVE('',#1859,#1771,#471,.T.);
#2358=EDGE_CURVE('',#1852,#1859,#1485,.T.);
#2359=EDGE_CURVE('',#1860,#1764,#472,.T.);
#2360=EDGE_CURVE('',#1861,#1860,#473,.T.);
#2361=EDGE_CURVE('',#1861,#1765,#474,.T.);
#2362=EDGE_CURVE('',#1862,#1861,#1486,.T.);
#2363=EDGE_CURVE('',#1862,#1766,#475,.T.);
#2364=EDGE_CURVE('',#1863,#1862,#476,.T.);
#2365=EDGE_CURVE('',#1863,#1767,#477,.T.);
#2366=EDGE_CURVE('',#1864,#1863,#1487,.T.);
#2367=EDGE_CURVE('',#1864,#1760,#478,.T.);
#2368=EDGE_CURVE('',#1865,#1864,#479,.T.);
#2369=EDGE_CURVE('',#1865,#1761,#480,.T.);
#2370=EDGE_CURVE('',#1866,#1865,#1488,.T.);
#2371=EDGE_CURVE('',#1866,#1762,#481,.T.);
#2372=EDGE_CURVE('',#1867,#1866,#482,.T.);
#2373=EDGE_CURVE('',#1867,#1763,#483,.T.);
#2374=EDGE_CURVE('',#1860,#1867,#1489,.T.);
#2375=EDGE_CURVE('',#1868,#1756,#484,.T.);
#2376=EDGE_CURVE('',#1869,#1868,#485,.T.);
#2377=EDGE_CURVE('',#1869,#1757,#486,.T.);
#2378=EDGE_CURVE('',#1870,#1869,#1490,.T.);
#2379=EDGE_CURVE('',#1870,#1758,#487,.T.);
#2380=EDGE_CURVE('',#1871,#1870,#488,.T.);
#2381=EDGE_CURVE('',#1871,#1759,#489,.T.);
#2382=EDGE_CURVE('',#1872,#1871,#1491,.T.);
#2383=EDGE_CURVE('',#1872,#1752,#490,.T.);
#2384=EDGE_CURVE('',#1873,#1872,#491,.T.);
#2385=EDGE_CURVE('',#1873,#1753,#492,.T.);
#2386=EDGE_CURVE('',#1874,#1873,#1492,.T.);
#2387=EDGE_CURVE('',#1874,#1754,#493,.T.);
#2388=EDGE_CURVE('',#1875,#1874,#494,.T.);
#2389=EDGE_CURVE('',#1875,#1755,#495,.T.);
#2390=EDGE_CURVE('',#1868,#1875,#1493,.T.);
#2391=EDGE_CURVE('',#1876,#1748,#496,.T.);
#2392=EDGE_CURVE('',#1877,#1876,#497,.T.);
#2393=EDGE_CURVE('',#1877,#1749,#498,.T.);
#2394=EDGE_CURVE('',#1878,#1877,#1494,.T.);
#2395=EDGE_CURVE('',#1878,#1750,#499,.T.);
#2396=EDGE_CURVE('',#1879,#1878,#500,.T.);
#2397=EDGE_CURVE('',#1879,#1751,#501,.T.);
#2398=EDGE_CURVE('',#1880,#1879,#1495,.T.);
#2399=EDGE_CURVE('',#1880,#1744,#502,.T.);
#2400=EDGE_CURVE('',#1881,#1880,#503,.T.);
#2401=EDGE_CURVE('',#1881,#1745,#504,.T.);
#2402=EDGE_CURVE('',#1882,#1881,#1496,.T.);
#2403=EDGE_CURVE('',#1882,#1746,#505,.T.);
#2404=EDGE_CURVE('',#1883,#1882,#506,.T.);
#2405=EDGE_CURVE('',#1883,#1747,#507,.T.);
#2406=EDGE_CURVE('',#1876,#1883,#1497,.T.);
#2407=EDGE_CURVE('',#1884,#1740,#508,.T.);
#2408=EDGE_CURVE('',#1885,#1884,#509,.T.);
#2409=EDGE_CURVE('',#1885,#1741,#510,.T.);
#2410=EDGE_CURVE('',#1886,#1885,#1498,.T.);
#2411=EDGE_CURVE('',#1886,#1742,#511,.T.);
#2412=EDGE_CURVE('',#1887,#1886,#512,.T.);
#2413=EDGE_CURVE('',#1887,#1743,#513,.T.);
#2414=EDGE_CURVE('',#1888,#1887,#1499,.T.);
#2415=EDGE_CURVE('',#1888,#1736,#514,.T.);
#2416=EDGE_CURVE('',#1889,#1888,#515,.T.);
#2417=EDGE_CURVE('',#1889,#1737,#516,.T.);
#2418=EDGE_CURVE('',#1890,#1889,#1500,.T.);
#2419=EDGE_CURVE('',#1890,#1738,#517,.T.);
#2420=EDGE_CURVE('',#1891,#1890,#518,.T.);
#2421=EDGE_CURVE('',#1891,#1739,#519,.T.);
#2422=EDGE_CURVE('',#1884,#1891,#1501,.T.);
#2423=EDGE_CURVE('',#1892,#1893,#520,.T.);
#2424=EDGE_CURVE('',#1892,#1732,#521,.T.);
#2425=EDGE_CURVE('',#1893,#1735,#522,.T.);
#2426=EDGE_CURVE('',#1893,#1894,#523,.T.);
#2427=EDGE_CURVE('',#1894,#1734,#524,.T.);
#2428=EDGE_CURVE('',#1894,#1895,#525,.T.);
#2429=EDGE_CURVE('',#1895,#1733,#526,.T.);
#2430=EDGE_CURVE('',#1895,#1892,#527,.T.);
#2431=ORIENTED_EDGE('',*,*,#1896,.T.);
#2432=ORIENTED_EDGE('',*,*,#1897,.T.);
#2433=ORIENTED_EDGE('',*,*,#1898,.T.);
#2434=ORIENTED_EDGE('',*,*,#1899,.T.);
#2435=ORIENTED_EDGE('',*,*,#1900,.T.);
#2436=ORIENTED_EDGE('',*,*,#1901,.T.);
#2437=ORIENTED_EDGE('',*,*,#1898,.F.);
#2438=ORIENTED_EDGE('',*,*,#1902,.T.);
#2439=ORIENTED_EDGE('',*,*,#1903,.T.);
#2440=ORIENTED_EDGE('',*,*,#1904,.T.);
#2441=ORIENTED_EDGE('',*,*,#1900,.F.);
#2442=ORIENTED_EDGE('',*,*,#1905,.T.);
#2443=ORIENTED_EDGE('',*,*,#1902,.F.);
#2444=ORIENTED_EDGE('',*,*,#1906,.T.);
#2445=ORIENTED_EDGE('',*,*,#1907,.F.);
#2446=ORIENTED_EDGE('',*,*,#1908,.F.);
#2447=ORIENTED_EDGE('',*,*,#1897,.F.);
#2448=ORIENTED_EDGE('',*,*,#1909,.F.);
#2449=ORIENTED_EDGE('',*,*,#1910,.F.);
#2450=ORIENTED_EDGE('',*,*,#1906,.F.);
#2451=ORIENTED_EDGE('',*,*,#1905,.F.);
#2452=ORIENTED_EDGE('',*,*,#1908,.T.);
#2453=ORIENTED_EDGE('',*,*,#1911,.F.);
#2454=ORIENTED_EDGE('',*,*,#1912,.F.);
#2455=ORIENTED_EDGE('',*,*,#1904,.F.);
#2456=ORIENTED_EDGE('',*,*,#1913,.F.);
#2457=ORIENTED_EDGE('',*,*,#1914,.T.);
#2458=ORIENTED_EDGE('',*,*,#1915,.F.);
#2459=ORIENTED_EDGE('',*,*,#1916,.F.);
#2460=ORIENTED_EDGE('',*,*,#1917,.F.);
#2461=ORIENTED_EDGE('',*,*,#1899,.F.);
#2462=ORIENTED_EDGE('',*,*,#1901,.F.);
#2463=ORIENTED_EDGE('',*,*,#1911,.T.);
#2464=ORIENTED_EDGE('',*,*,#1907,.T.);
#2465=ORIENTED_EDGE('',*,*,#1910,.T.);
#2466=ORIENTED_EDGE('',*,*,#1918,.F.);
#2467=ORIENTED_EDGE('',*,*,#1919,.T.);
#2468=ORIENTED_EDGE('',*,*,#1920,.T.);
#2469=ORIENTED_EDGE('',*,*,#1921,.F.);
#2470=ORIENTED_EDGE('',*,*,#1922,.F.);
#2471=ORIENTED_EDGE('',*,*,#1923,.T.);
#2472=ORIENTED_EDGE('',*,*,#1924,.T.);
#2473=ORIENTED_EDGE('',*,*,#1925,.T.);
#2474=ORIENTED_EDGE('',*,*,#1926,.F.);
#2475=ORIENTED_EDGE('',*,*,#1927,.T.);
#2476=ORIENTED_EDGE('',*,*,#1924,.F.);
#2477=ORIENTED_EDGE('',*,*,#1928,.T.);
#2478=ORIENTED_EDGE('',*,*,#1929,.T.);
#2479=ORIENTED_EDGE('',*,*,#1930,.T.);
#2480=ORIENTED_EDGE('',*,*,#1929,.F.);
#2481=ORIENTED_EDGE('',*,*,#1931,.T.);
#2482=ORIENTED_EDGE('',*,*,#1932,.T.);
#2483=ORIENTED_EDGE('',*,*,#1933,.T.);
#2484=ORIENTED_EDGE('',*,*,#1932,.F.);
#2485=ORIENTED_EDGE('',*,*,#1934,.T.);
#2486=ORIENTED_EDGE('',*,*,#1926,.T.);
#2487=ORIENTED_EDGE('',*,*,#1933,.F.);
#2488=ORIENTED_EDGE('',*,*,#1935,.T.);
#2489=ORIENTED_EDGE('',*,*,#1936,.T.);
#2490=ORIENTED_EDGE('',*,*,#1937,.F.);
#2491=ORIENTED_EDGE('',*,*,#1925,.F.);
#2492=ORIENTED_EDGE('',*,*,#1938,.T.);
#2493=ORIENTED_EDGE('',*,*,#1939,.T.);
#2494=ORIENTED_EDGE('',*,*,#1935,.F.);
#2495=ORIENTED_EDGE('',*,*,#1940,.F.);
#2496=ORIENTED_EDGE('',*,*,#1941,.F.);
#2497=ORIENTED_EDGE('',*,*,#1942,.F.);
#2498=ORIENTED_EDGE('',*,*,#1943,.F.);
#2499=ORIENTED_EDGE('',*,*,#1944,.F.);
#2500=ORIENTED_EDGE('',*,*,#1945,.F.);
#2501=ORIENTED_EDGE('',*,*,#1946,.F.);
#2502=ORIENTED_EDGE('',*,*,#1947,.F.);
#2503=ORIENTED_EDGE('',*,*,#1923,.F.);
#2504=ORIENTED_EDGE('',*,*,#1934,.F.);
#2505=ORIENTED_EDGE('',*,*,#1931,.F.);
#2506=ORIENTED_EDGE('',*,*,#1928,.F.);
#2507=ORIENTED_EDGE('',*,*,#1948,.T.);
#2508=ORIENTED_EDGE('',*,*,#1915,.T.);
#2509=ORIENTED_EDGE('',*,*,#1949,.T.);
#2510=ORIENTED_EDGE('',*,*,#1940,.T.);
#2511=ORIENTED_EDGE('',*,*,#1950,.T.);
#2512=ORIENTED_EDGE('',*,*,#1951,.T.);
#2513=ORIENTED_EDGE('',*,*,#1948,.F.);
#2514=ORIENTED_EDGE('',*,*,#1947,.T.);
#2515=ORIENTED_EDGE('',*,*,#1952,.T.);
#2516=ORIENTED_EDGE('',*,*,#1953,.T.);
#2517=ORIENTED_EDGE('',*,*,#1950,.F.);
#2518=ORIENTED_EDGE('',*,*,#1946,.T.);
#2519=ORIENTED_EDGE('',*,*,#1954,.T.);
#2520=ORIENTED_EDGE('',*,*,#1955,.T.);
#2521=ORIENTED_EDGE('',*,*,#1952,.F.);
#2522=ORIENTED_EDGE('',*,*,#1945,.T.);
#2523=ORIENTED_EDGE('',*,*,#1956,.T.);
#2524=ORIENTED_EDGE('',*,*,#1957,.T.);
#2525=ORIENTED_EDGE('',*,*,#1954,.F.);
#2526=ORIENTED_EDGE('',*,*,#1944,.T.);
#2527=ORIENTED_EDGE('',*,*,#1958,.T.);
#2528=ORIENTED_EDGE('',*,*,#1959,.T.);
#2529=ORIENTED_EDGE('',*,*,#1956,.F.);
#2530=ORIENTED_EDGE('',*,*,#1943,.T.);
#2531=ORIENTED_EDGE('',*,*,#1960,.T.);
#2532=ORIENTED_EDGE('',*,*,#1961,.T.);
#2533=ORIENTED_EDGE('',*,*,#1958,.F.);
#2534=ORIENTED_EDGE('',*,*,#1942,.T.);
#2535=ORIENTED_EDGE('',*,*,#1949,.F.);
#2536=ORIENTED_EDGE('',*,*,#1962,.T.);
#2537=ORIENTED_EDGE('',*,*,#1960,.F.);
#2538=ORIENTED_EDGE('',*,*,#1941,.T.);
#2539=ORIENTED_EDGE('',*,*,#1959,.F.);
#2540=ORIENTED_EDGE('',*,*,#1963,.F.);
#2541=ORIENTED_EDGE('',*,*,#1964,.T.);
#2542=ORIENTED_EDGE('',*,*,#1965,.T.);
#2543=ORIENTED_EDGE('',*,*,#1961,.F.);
#2544=ORIENTED_EDGE('',*,*,#1966,.F.);
#2545=ORIENTED_EDGE('',*,*,#1967,.T.);
#2546=ORIENTED_EDGE('',*,*,#1963,.T.);
#2547=ORIENTED_EDGE('',*,*,#1962,.F.);
#2548=ORIENTED_EDGE('',*,*,#1914,.F.);
#2549=ORIENTED_EDGE('',*,*,#1968,.T.);
#2550=ORIENTED_EDGE('',*,*,#1966,.T.);
#2551=ORIENTED_EDGE('',*,*,#1969,.F.);
#2552=ORIENTED_EDGE('',*,*,#1970,.T.);
#2553=ORIENTED_EDGE('',*,*,#1971,.T.);
#2554=ORIENTED_EDGE('',*,*,#1972,.F.);
#2555=ORIENTED_EDGE('',*,*,#1973,.F.);
#2556=ORIENTED_EDGE('',*,*,#1921,.T.);
#2557=ORIENTED_EDGE('',*,*,#1974,.T.);
#2558=ORIENTED_EDGE('',*,*,#1970,.F.);
#2559=ORIENTED_EDGE('',*,*,#1975,.F.);
#2560=ORIENTED_EDGE('',*,*,#1972,.T.);
#2561=ORIENTED_EDGE('',*,*,#1976,.T.);
#2562=ORIENTED_EDGE('',*,*,#1919,.F.);
#2563=ORIENTED_EDGE('',*,*,#1976,.F.);
#2564=ORIENTED_EDGE('',*,*,#1971,.F.);
#2565=ORIENTED_EDGE('',*,*,#1974,.F.);
#2566=ORIENTED_EDGE('',*,*,#1920,.F.);
#2567=ORIENTED_EDGE('',*,*,#1936,.F.);
#2568=ORIENTED_EDGE('',*,*,#1939,.F.);
#2569=ORIENTED_EDGE('',*,*,#1977,.F.);
#2570=ORIENTED_EDGE('',*,*,#1978,.F.);
#2571=ORIENTED_EDGE('',*,*,#1927,.F.);
#2572=ORIENTED_EDGE('',*,*,#1979,.T.);
#2573=ORIENTED_EDGE('',*,*,#1977,.T.);
#2574=ORIENTED_EDGE('',*,*,#1938,.F.);
#2575=ORIENTED_EDGE('',*,*,#1980,.F.);
#2576=ORIENTED_EDGE('',*,*,#1981,.T.);
#2577=ORIENTED_EDGE('',*,*,#1982,.F.);
#2578=ORIENTED_EDGE('',*,*,#1983,.T.);
#2579=ORIENTED_EDGE('',*,*,#1980,.T.);
#2580=ORIENTED_EDGE('',*,*,#1983,.F.);
#2581=ORIENTED_EDGE('',*,*,#1981,.F.);
#2582=ORIENTED_EDGE('',*,*,#1984,.T.);
#2583=ORIENTED_EDGE('',*,*,#1985,.T.);
#2584=ORIENTED_EDGE('',*,*,#1984,.F.);
#2585=ORIENTED_EDGE('',*,*,#1985,.F.);
#2586=ORIENTED_EDGE('',*,*,#1986,.F.);
#2587=ORIENTED_EDGE('',*,*,#1987,.T.);
#2588=ORIENTED_EDGE('',*,*,#1988,.F.);
#2589=ORIENTED_EDGE('',*,*,#1989,.T.);
#2590=ORIENTED_EDGE('',*,*,#1986,.T.);
#2591=ORIENTED_EDGE('',*,*,#1989,.F.);
#2592=ORIENTED_EDGE('',*,*,#1987,.F.);
#2593=ORIENTED_EDGE('',*,*,#1990,.T.);
#2594=ORIENTED_EDGE('',*,*,#1991,.T.);
#2595=ORIENTED_EDGE('',*,*,#1990,.F.);
#2596=ORIENTED_EDGE('',*,*,#1991,.F.);
#2597=ORIENTED_EDGE('',*,*,#1992,.F.);
#2598=ORIENTED_EDGE('',*,*,#1993,.T.);
#2599=ORIENTED_EDGE('',*,*,#1994,.F.);
#2600=ORIENTED_EDGE('',*,*,#1995,.T.);
#2601=ORIENTED_EDGE('',*,*,#1992,.T.);
#2602=ORIENTED_EDGE('',*,*,#1995,.F.);
#2603=ORIENTED_EDGE('',*,*,#1993,.F.);
#2604=ORIENTED_EDGE('',*,*,#1996,.T.);
#2605=ORIENTED_EDGE('',*,*,#1997,.T.);
#2606=ORIENTED_EDGE('',*,*,#1996,.F.);
#2607=ORIENTED_EDGE('',*,*,#1997,.F.);
#2608=ORIENTED_EDGE('',*,*,#1998,.F.);
#2609=ORIENTED_EDGE('',*,*,#1999,.T.);
#2610=ORIENTED_EDGE('',*,*,#2000,.F.);
#2611=ORIENTED_EDGE('',*,*,#2001,.T.);
#2612=ORIENTED_EDGE('',*,*,#1998,.T.);
#2613=ORIENTED_EDGE('',*,*,#2001,.F.);
#2614=ORIENTED_EDGE('',*,*,#1999,.F.);
#2615=ORIENTED_EDGE('',*,*,#2002,.T.);
#2616=ORIENTED_EDGE('',*,*,#2003,.T.);
#2617=ORIENTED_EDGE('',*,*,#2002,.F.);
#2618=ORIENTED_EDGE('',*,*,#2003,.F.);
#2619=ORIENTED_EDGE('',*,*,#1957,.F.);
#2620=ORIENTED_EDGE('',*,*,#1965,.F.);
#2621=ORIENTED_EDGE('',*,*,#2004,.T.);
#2622=ORIENTED_EDGE('',*,*,#2005,.T.);
#2623=ORIENTED_EDGE('',*,*,#1930,.F.);
#2624=ORIENTED_EDGE('',*,*,#1937,.T.);
#2625=ORIENTED_EDGE('',*,*,#1978,.T.);
#2626=ORIENTED_EDGE('',*,*,#1979,.F.);
#2627=ORIENTED_EDGE('',*,*,#1951,.F.);
#2628=ORIENTED_EDGE('',*,*,#2006,.F.);
#2629=ORIENTED_EDGE('',*,*,#2007,.T.);
#2630=ORIENTED_EDGE('',*,*,#1916,.T.);
#2631=ORIENTED_EDGE('',*,*,#1953,.F.);
#2632=ORIENTED_EDGE('',*,*,#2008,.F.);
#2633=ORIENTED_EDGE('',*,*,#2009,.F.);
#2634=ORIENTED_EDGE('',*,*,#2006,.T.);
#2635=ORIENTED_EDGE('',*,*,#1955,.F.);
#2636=ORIENTED_EDGE('',*,*,#2005,.F.);
#2637=ORIENTED_EDGE('',*,*,#2010,.T.);
#2638=ORIENTED_EDGE('',*,*,#2008,.T.);
#2639=ORIENTED_EDGE('',*,*,#1903,.F.);
#2640=ORIENTED_EDGE('',*,*,#1912,.T.);
#2641=ORIENTED_EDGE('',*,*,#1922,.T.);
#2642=ORIENTED_EDGE('',*,*,#1973,.T.);
#2643=ORIENTED_EDGE('',*,*,#1969,.T.);
#2644=ORIENTED_EDGE('',*,*,#1975,.T.);
#2645=ORIENTED_EDGE('',*,*,#1918,.T.);
#2646=ORIENTED_EDGE('',*,*,#1909,.T.);
#2647=ORIENTED_EDGE('',*,*,#1896,.F.);
#2648=ORIENTED_EDGE('',*,*,#1917,.T.);
#2649=ORIENTED_EDGE('',*,*,#2007,.F.);
#2650=ORIENTED_EDGE('',*,*,#2009,.T.);
#2651=ORIENTED_EDGE('',*,*,#2010,.F.);
#2652=ORIENTED_EDGE('',*,*,#2004,.F.);
#2653=ORIENTED_EDGE('',*,*,#1964,.F.);
#2654=ORIENTED_EDGE('',*,*,#1967,.F.);
#2655=ORIENTED_EDGE('',*,*,#1968,.F.);
#2656=ORIENTED_EDGE('',*,*,#1913,.T.);
#2657=ORIENTED_EDGE('',*,*,#2000,.T.);
#2658=ORIENTED_EDGE('',*,*,#1994,.T.);
#2659=ORIENTED_EDGE('',*,*,#1988,.T.);
#2660=ORIENTED_EDGE('',*,*,#1982,.T.);
#2661=ORIENTED_EDGE('',*,*,#2011,.F.);
#2662=ORIENTED_EDGE('',*,*,#2012,.T.);
#2663=ORIENTED_EDGE('',*,*,#2013,.T.);
#2664=ORIENTED_EDGE('',*,*,#2014,.F.);
#2665=ORIENTED_EDGE('',*,*,#2012,.F.);
#2666=ORIENTED_EDGE('',*,*,#2015,.T.);
#2667=ORIENTED_EDGE('',*,*,#2016,.F.);
#2668=ORIENTED_EDGE('',*,*,#2017,.T.);
#2669=ORIENTED_EDGE('',*,*,#2015,.F.);
#2670=ORIENTED_EDGE('',*,*,#2018,.T.);
#2671=ORIENTED_EDGE('',*,*,#2019,.T.);
#2672=ORIENTED_EDGE('',*,*,#2020,.F.);
#2673=ORIENTED_EDGE('',*,*,#2018,.F.);
#2674=ORIENTED_EDGE('',*,*,#2021,.T.);
#2675=ORIENTED_EDGE('',*,*,#2022,.F.);
#2676=ORIENTED_EDGE('',*,*,#2023,.T.);
#2677=ORIENTED_EDGE('',*,*,#2021,.F.);
#2678=ORIENTED_EDGE('',*,*,#2024,.T.);
#2679=ORIENTED_EDGE('',*,*,#2025,.T.);
#2680=ORIENTED_EDGE('',*,*,#2026,.F.);
#2681=ORIENTED_EDGE('',*,*,#2027,.F.);
#2682=ORIENTED_EDGE('',*,*,#2028,.T.);
#2683=ORIENTED_EDGE('',*,*,#2029,.T.);
#2684=ORIENTED_EDGE('',*,*,#2030,.F.);
#2685=ORIENTED_EDGE('',*,*,#2028,.F.);
#2686=ORIENTED_EDGE('',*,*,#2031,.T.);
#2687=ORIENTED_EDGE('',*,*,#2032,.F.);
#2688=ORIENTED_EDGE('',*,*,#2033,.T.);
#2689=ORIENTED_EDGE('',*,*,#2031,.F.);
#2690=ORIENTED_EDGE('',*,*,#2034,.T.);
#2691=ORIENTED_EDGE('',*,*,#2035,.T.);
#2692=ORIENTED_EDGE('',*,*,#2036,.F.);
#2693=ORIENTED_EDGE('',*,*,#2034,.F.);
#2694=ORIENTED_EDGE('',*,*,#2037,.T.);
#2695=ORIENTED_EDGE('',*,*,#2038,.F.);
#2696=ORIENTED_EDGE('',*,*,#2039,.T.);
#2697=ORIENTED_EDGE('',*,*,#2037,.F.);
#2698=ORIENTED_EDGE('',*,*,#2040,.T.);
#2699=ORIENTED_EDGE('',*,*,#2041,.T.);
#2700=ORIENTED_EDGE('',*,*,#2042,.F.);
#2701=ORIENTED_EDGE('',*,*,#2043,.F.);
#2702=ORIENTED_EDGE('',*,*,#2044,.T.);
#2703=ORIENTED_EDGE('',*,*,#2045,.T.);
#2704=ORIENTED_EDGE('',*,*,#2046,.F.);
#2705=ORIENTED_EDGE('',*,*,#2044,.F.);
#2706=ORIENTED_EDGE('',*,*,#2047,.T.);
#2707=ORIENTED_EDGE('',*,*,#2048,.F.);
#2708=ORIENTED_EDGE('',*,*,#2049,.T.);
#2709=ORIENTED_EDGE('',*,*,#2047,.F.);
#2710=ORIENTED_EDGE('',*,*,#2050,.T.);
#2711=ORIENTED_EDGE('',*,*,#2051,.T.);
#2712=ORIENTED_EDGE('',*,*,#2052,.F.);
#2713=ORIENTED_EDGE('',*,*,#2050,.F.);
#2714=ORIENTED_EDGE('',*,*,#2053,.T.);
#2715=ORIENTED_EDGE('',*,*,#2054,.F.);
#2716=ORIENTED_EDGE('',*,*,#2055,.T.);
#2717=ORIENTED_EDGE('',*,*,#2053,.F.);
#2718=ORIENTED_EDGE('',*,*,#2056,.T.);
#2719=ORIENTED_EDGE('',*,*,#2057,.T.);
#2720=ORIENTED_EDGE('',*,*,#2058,.F.);
#2721=ORIENTED_EDGE('',*,*,#2059,.F.);
#2722=ORIENTED_EDGE('',*,*,#2060,.T.);
#2723=ORIENTED_EDGE('',*,*,#2061,.T.);
#2724=ORIENTED_EDGE('',*,*,#2062,.F.);
#2725=ORIENTED_EDGE('',*,*,#2060,.F.);
#2726=ORIENTED_EDGE('',*,*,#2063,.T.);
#2727=ORIENTED_EDGE('',*,*,#2064,.F.);
#2728=ORIENTED_EDGE('',*,*,#2065,.T.);
#2729=ORIENTED_EDGE('',*,*,#2063,.F.);
#2730=ORIENTED_EDGE('',*,*,#2066,.T.);
#2731=ORIENTED_EDGE('',*,*,#2067,.T.);
#2732=ORIENTED_EDGE('',*,*,#2068,.F.);
#2733=ORIENTED_EDGE('',*,*,#2066,.F.);
#2734=ORIENTED_EDGE('',*,*,#2069,.T.);
#2735=ORIENTED_EDGE('',*,*,#2070,.F.);
#2736=ORIENTED_EDGE('',*,*,#2071,.T.);
#2737=ORIENTED_EDGE('',*,*,#2069,.F.);
#2738=ORIENTED_EDGE('',*,*,#2072,.T.);
#2739=ORIENTED_EDGE('',*,*,#2073,.T.);
#2740=ORIENTED_EDGE('',*,*,#2074,.F.);
#2741=ORIENTED_EDGE('',*,*,#2075,.F.);
#2742=ORIENTED_EDGE('',*,*,#2076,.T.);
#2743=ORIENTED_EDGE('',*,*,#2077,.T.);
#2744=ORIENTED_EDGE('',*,*,#2078,.F.);
#2745=ORIENTED_EDGE('',*,*,#2076,.F.);
#2746=ORIENTED_EDGE('',*,*,#2079,.T.);
#2747=ORIENTED_EDGE('',*,*,#2080,.F.);
#2748=ORIENTED_EDGE('',*,*,#2081,.T.);
#2749=ORIENTED_EDGE('',*,*,#2079,.F.);
#2750=ORIENTED_EDGE('',*,*,#2082,.T.);
#2751=ORIENTED_EDGE('',*,*,#2083,.T.);
#2752=ORIENTED_EDGE('',*,*,#2084,.F.);
#2753=ORIENTED_EDGE('',*,*,#2082,.F.);
#2754=ORIENTED_EDGE('',*,*,#2085,.T.);
#2755=ORIENTED_EDGE('',*,*,#2086,.F.);
#2756=ORIENTED_EDGE('',*,*,#2087,.T.);
#2757=ORIENTED_EDGE('',*,*,#2085,.F.);
#2758=ORIENTED_EDGE('',*,*,#2088,.T.);
#2759=ORIENTED_EDGE('',*,*,#2089,.T.);
#2760=ORIENTED_EDGE('',*,*,#2090,.F.);
#2761=ORIENTED_EDGE('',*,*,#2091,.F.);
#2762=ORIENTED_EDGE('',*,*,#2092,.T.);
#2763=ORIENTED_EDGE('',*,*,#2093,.T.);
#2764=ORIENTED_EDGE('',*,*,#2094,.F.);
#2765=ORIENTED_EDGE('',*,*,#2092,.F.);
#2766=ORIENTED_EDGE('',*,*,#2095,.T.);
#2767=ORIENTED_EDGE('',*,*,#2096,.F.);
#2768=ORIENTED_EDGE('',*,*,#2097,.T.);
#2769=ORIENTED_EDGE('',*,*,#2095,.F.);
#2770=ORIENTED_EDGE('',*,*,#2098,.T.);
#2771=ORIENTED_EDGE('',*,*,#2099,.T.);
#2772=ORIENTED_EDGE('',*,*,#2100,.F.);
#2773=ORIENTED_EDGE('',*,*,#2098,.F.);
#2774=ORIENTED_EDGE('',*,*,#2101,.T.);
#2775=ORIENTED_EDGE('',*,*,#2102,.F.);
#2776=ORIENTED_EDGE('',*,*,#2103,.T.);
#2777=ORIENTED_EDGE('',*,*,#2101,.F.);
#2778=ORIENTED_EDGE('',*,*,#2104,.T.);
#2779=ORIENTED_EDGE('',*,*,#2105,.T.);
#2780=ORIENTED_EDGE('',*,*,#2106,.F.);
#2781=ORIENTED_EDGE('',*,*,#2107,.F.);
#2782=ORIENTED_EDGE('',*,*,#2108,.T.);
#2783=ORIENTED_EDGE('',*,*,#2109,.T.);
#2784=ORIENTED_EDGE('',*,*,#2110,.F.);
#2785=ORIENTED_EDGE('',*,*,#2108,.F.);
#2786=ORIENTED_EDGE('',*,*,#2111,.T.);
#2787=ORIENTED_EDGE('',*,*,#2112,.F.);
#2788=ORIENTED_EDGE('',*,*,#2113,.T.);
#2789=ORIENTED_EDGE('',*,*,#2111,.F.);
#2790=ORIENTED_EDGE('',*,*,#2114,.T.);
#2791=ORIENTED_EDGE('',*,*,#2115,.T.);
#2792=ORIENTED_EDGE('',*,*,#2116,.F.);
#2793=ORIENTED_EDGE('',*,*,#2114,.F.);
#2794=ORIENTED_EDGE('',*,*,#2117,.T.);
#2795=ORIENTED_EDGE('',*,*,#2118,.F.);
#2796=ORIENTED_EDGE('',*,*,#2119,.T.);
#2797=ORIENTED_EDGE('',*,*,#2117,.F.);
#2798=ORIENTED_EDGE('',*,*,#2120,.T.);
#2799=ORIENTED_EDGE('',*,*,#2121,.T.);
#2800=ORIENTED_EDGE('',*,*,#2122,.F.);
#2801=ORIENTED_EDGE('',*,*,#2123,.F.);
#2802=ORIENTED_EDGE('',*,*,#2124,.T.);
#2803=ORIENTED_EDGE('',*,*,#2125,.T.);
#2804=ORIENTED_EDGE('',*,*,#2126,.F.);
#2805=ORIENTED_EDGE('',*,*,#2124,.F.);
#2806=ORIENTED_EDGE('',*,*,#2127,.T.);
#2807=ORIENTED_EDGE('',*,*,#2128,.F.);
#2808=ORIENTED_EDGE('',*,*,#2129,.T.);
#2809=ORIENTED_EDGE('',*,*,#2127,.F.);
#2810=ORIENTED_EDGE('',*,*,#2130,.T.);
#2811=ORIENTED_EDGE('',*,*,#2131,.T.);
#2812=ORIENTED_EDGE('',*,*,#2132,.F.);
#2813=ORIENTED_EDGE('',*,*,#2130,.F.);
#2814=ORIENTED_EDGE('',*,*,#2133,.T.);
#2815=ORIENTED_EDGE('',*,*,#2134,.F.);
#2816=ORIENTED_EDGE('',*,*,#2135,.T.);
#2817=ORIENTED_EDGE('',*,*,#2133,.F.);
#2818=ORIENTED_EDGE('',*,*,#2136,.T.);
#2819=ORIENTED_EDGE('',*,*,#2137,.T.);
#2820=ORIENTED_EDGE('',*,*,#2138,.F.);
#2821=ORIENTED_EDGE('',*,*,#2123,.T.);
#2822=ORIENTED_EDGE('',*,*,#2139,.F.);
#2823=ORIENTED_EDGE('',*,*,#2140,.T.);
#2824=ORIENTED_EDGE('',*,*,#2136,.F.);
#2825=ORIENTED_EDGE('',*,*,#2107,.T.);
#2826=ORIENTED_EDGE('',*,*,#2141,.F.);
#2827=ORIENTED_EDGE('',*,*,#2142,.T.);
#2828=ORIENTED_EDGE('',*,*,#2120,.F.);
#2829=ORIENTED_EDGE('',*,*,#2112,.T.);
#2830=ORIENTED_EDGE('',*,*,#2116,.T.);
#2831=ORIENTED_EDGE('',*,*,#2143,.T.);
#2832=ORIENTED_EDGE('',*,*,#2139,.T.);
#2833=ORIENTED_EDGE('',*,*,#2126,.T.);
#2834=ORIENTED_EDGE('',*,*,#2144,.T.);
#2835=ORIENTED_EDGE('',*,*,#2091,.T.);
#2836=ORIENTED_EDGE('',*,*,#2145,.F.);
#2837=ORIENTED_EDGE('',*,*,#2146,.T.);
#2838=ORIENTED_EDGE('',*,*,#2104,.F.);
#2839=ORIENTED_EDGE('',*,*,#2075,.T.);
#2840=ORIENTED_EDGE('',*,*,#2147,.F.);
#2841=ORIENTED_EDGE('',*,*,#2148,.T.);
#2842=ORIENTED_EDGE('',*,*,#2088,.F.);
#2843=ORIENTED_EDGE('',*,*,#2141,.T.);
#2844=ORIENTED_EDGE('',*,*,#2110,.T.);
#2845=ORIENTED_EDGE('',*,*,#2149,.T.);
#2846=ORIENTED_EDGE('',*,*,#2080,.T.);
#2847=ORIENTED_EDGE('',*,*,#2084,.T.);
#2848=ORIENTED_EDGE('',*,*,#2150,.T.);
#2849=ORIENTED_EDGE('',*,*,#2096,.T.);
#2850=ORIENTED_EDGE('',*,*,#2100,.T.);
#2851=ORIENTED_EDGE('',*,*,#2151,.T.);
#2852=ORIENTED_EDGE('',*,*,#2147,.T.);
#2853=ORIENTED_EDGE('',*,*,#2078,.T.);
#2854=ORIENTED_EDGE('',*,*,#2152,.T.);
#2855=ORIENTED_EDGE('',*,*,#2153,.T.);
#2856=ORIENTED_EDGE('',*,*,#2154,.T.);
#2857=ORIENTED_EDGE('',*,*,#2086,.T.);
#2858=ORIENTED_EDGE('',*,*,#2090,.T.);
#2859=ORIENTED_EDGE('',*,*,#2155,.T.);
#2860=ORIENTED_EDGE('',*,*,#2145,.T.);
#2861=ORIENTED_EDGE('',*,*,#2094,.T.);
#2862=ORIENTED_EDGE('',*,*,#2156,.T.);
#2863=ORIENTED_EDGE('',*,*,#2128,.T.);
#2864=ORIENTED_EDGE('',*,*,#2132,.T.);
#2865=ORIENTED_EDGE('',*,*,#2157,.T.);
#2866=ORIENTED_EDGE('',*,*,#2158,.T.);
#2867=ORIENTED_EDGE('',*,*,#2159,.T.);
#2868=ORIENTED_EDGE('',*,*,#2102,.T.);
#2869=ORIENTED_EDGE('',*,*,#2106,.T.);
#2870=ORIENTED_EDGE('',*,*,#2160,.T.);
#2871=ORIENTED_EDGE('',*,*,#2161,.T.);
#2872=ORIENTED_EDGE('',*,*,#2162,.T.);
#2873=ORIENTED_EDGE('',*,*,#2118,.T.);
#2874=ORIENTED_EDGE('',*,*,#2122,.T.);
#2875=ORIENTED_EDGE('',*,*,#2163,.T.);
#2876=ORIENTED_EDGE('',*,*,#2164,.T.);
#2877=ORIENTED_EDGE('',*,*,#2165,.T.);
#2878=ORIENTED_EDGE('',*,*,#2134,.T.);
#2879=ORIENTED_EDGE('',*,*,#2138,.T.);
#2880=ORIENTED_EDGE('',*,*,#2166,.T.);
#2881=ORIENTED_EDGE('',*,*,#2155,.F.);
#2882=ORIENTED_EDGE('',*,*,#2089,.F.);
#2883=ORIENTED_EDGE('',*,*,#2148,.F.);
#2884=ORIENTED_EDGE('',*,*,#2151,.F.);
#2885=ORIENTED_EDGE('',*,*,#2099,.F.);
#2886=ORIENTED_EDGE('',*,*,#2103,.F.);
#2887=ORIENTED_EDGE('',*,*,#2159,.F.);
#2888=ORIENTED_EDGE('',*,*,#2167,.T.);
#2889=ORIENTED_EDGE('',*,*,#2160,.F.);
#2890=ORIENTED_EDGE('',*,*,#2105,.F.);
#2891=ORIENTED_EDGE('',*,*,#2146,.F.);
#2892=ORIENTED_EDGE('',*,*,#2157,.F.);
#2893=ORIENTED_EDGE('',*,*,#2131,.F.);
#2894=ORIENTED_EDGE('',*,*,#2135,.F.);
#2895=ORIENTED_EDGE('',*,*,#2165,.F.);
#2896=ORIENTED_EDGE('',*,*,#2168,.F.);
#2897=ORIENTED_EDGE('',*,*,#2169,.T.);
#2898=ORIENTED_EDGE('',*,*,#2170,.T.);
#2899=ORIENTED_EDGE('',*,*,#2171,.T.);
#2900=ORIENTED_EDGE('',*,*,#2172,.T.);
#2901=ORIENTED_EDGE('',*,*,#2017,.F.);
#2902=ORIENTED_EDGE('',*,*,#2173,.F.);
#2903=ORIENTED_EDGE('',*,*,#2051,.F.);
#2904=ORIENTED_EDGE('',*,*,#2055,.F.);
#2905=ORIENTED_EDGE('',*,*,#2174,.F.);
#2906=ORIENTED_EDGE('',*,*,#2061,.F.);
#2907=ORIENTED_EDGE('',*,*,#2065,.F.);
#2908=ORIENTED_EDGE('',*,*,#2175,.F.);
#2909=ORIENTED_EDGE('',*,*,#2029,.F.);
#2910=ORIENTED_EDGE('',*,*,#2033,.F.);
#2911=ORIENTED_EDGE('',*,*,#2176,.F.);
#2912=ORIENTED_EDGE('',*,*,#2013,.F.);
#2913=ORIENTED_EDGE('',*,*,#2177,.T.);
#2914=ORIENTED_EDGE('',*,*,#2178,.T.);
#2915=ORIENTED_EDGE('',*,*,#2179,.T.);
#2916=ORIENTED_EDGE('',*,*,#2180,.T.);
#2917=ORIENTED_EDGE('',*,*,#2181,.T.);
#2918=ORIENTED_EDGE('',*,*,#2182,.T.);
#2919=ORIENTED_EDGE('',*,*,#2183,.T.);
#2920=ORIENTED_EDGE('',*,*,#2184,.T.);
#2921=ORIENTED_EDGE('',*,*,#2185,.T.);
#2922=ORIENTED_EDGE('',*,*,#2186,.T.);
#2923=ORIENTED_EDGE('',*,*,#2187,.T.);
#2924=ORIENTED_EDGE('',*,*,#2188,.T.);
#2925=ORIENTED_EDGE('',*,*,#2189,.T.);
#2926=ORIENTED_EDGE('',*,*,#2190,.T.);
#2927=ORIENTED_EDGE('',*,*,#2191,.T.);
#2928=ORIENTED_EDGE('',*,*,#2192,.T.);
#2929=ORIENTED_EDGE('',*,*,#2193,.T.);
#2930=ORIENTED_EDGE('',*,*,#2194,.T.);
#2931=ORIENTED_EDGE('',*,*,#2195,.T.);
#2932=ORIENTED_EDGE('',*,*,#2196,.T.);
#2933=ORIENTED_EDGE('',*,*,#2197,.T.);
#2934=ORIENTED_EDGE('',*,*,#2198,.T.);
#2935=ORIENTED_EDGE('',*,*,#2199,.T.);
#2936=ORIENTED_EDGE('',*,*,#2200,.T.);
#2937=ORIENTED_EDGE('',*,*,#2201,.T.);
#2938=ORIENTED_EDGE('',*,*,#2202,.T.);
#2939=ORIENTED_EDGE('',*,*,#2203,.T.);
#2940=ORIENTED_EDGE('',*,*,#2204,.T.);
#2941=ORIENTED_EDGE('',*,*,#2205,.T.);
#2942=ORIENTED_EDGE('',*,*,#2206,.T.);
#2943=ORIENTED_EDGE('',*,*,#2207,.T.);
#2944=ORIENTED_EDGE('',*,*,#2208,.T.);
#2945=ORIENTED_EDGE('',*,*,#2209,.T.);
#2946=ORIENTED_EDGE('',*,*,#2210,.T.);
#2947=ORIENTED_EDGE('',*,*,#2211,.T.);
#2948=ORIENTED_EDGE('',*,*,#2212,.T.);
#2949=ORIENTED_EDGE('',*,*,#2213,.T.);
#2950=ORIENTED_EDGE('',*,*,#2214,.T.);
#2951=ORIENTED_EDGE('',*,*,#2215,.T.);
#2952=ORIENTED_EDGE('',*,*,#2216,.T.);
#2953=ORIENTED_EDGE('',*,*,#2217,.T.);
#2954=ORIENTED_EDGE('',*,*,#2218,.T.);
#2955=ORIENTED_EDGE('',*,*,#2219,.T.);
#2956=ORIENTED_EDGE('',*,*,#2220,.T.);
#2957=ORIENTED_EDGE('',*,*,#2221,.T.);
#2958=ORIENTED_EDGE('',*,*,#2222,.T.);
#2959=ORIENTED_EDGE('',*,*,#2223,.T.);
#2960=ORIENTED_EDGE('',*,*,#2224,.T.);
#2961=ORIENTED_EDGE('',*,*,#2225,.T.);
#2962=ORIENTED_EDGE('',*,*,#2226,.T.);
#2963=ORIENTED_EDGE('',*,*,#2227,.T.);
#2964=ORIENTED_EDGE('',*,*,#2228,.T.);
#2965=ORIENTED_EDGE('',*,*,#2229,.T.);
#2966=ORIENTED_EDGE('',*,*,#2230,.T.);
#2967=ORIENTED_EDGE('',*,*,#2231,.T.);
#2968=ORIENTED_EDGE('',*,*,#2232,.T.);
#2969=ORIENTED_EDGE('',*,*,#2233,.T.);
#2970=ORIENTED_EDGE('',*,*,#2234,.T.);
#2971=ORIENTED_EDGE('',*,*,#2235,.T.);
#2972=ORIENTED_EDGE('',*,*,#2236,.T.);
#2973=ORIENTED_EDGE('',*,*,#2237,.T.);
#2974=ORIENTED_EDGE('',*,*,#2238,.T.);
#2975=ORIENTED_EDGE('',*,*,#2239,.T.);
#2976=ORIENTED_EDGE('',*,*,#2240,.T.);
#2977=ORIENTED_EDGE('',*,*,#2241,.T.);
#2978=ORIENTED_EDGE('',*,*,#2242,.T.);
#2979=ORIENTED_EDGE('',*,*,#2243,.T.);
#2980=ORIENTED_EDGE('',*,*,#2244,.T.);
#2981=ORIENTED_EDGE('',*,*,#2245,.T.);
#2982=ORIENTED_EDGE('',*,*,#2246,.T.);
#2983=ORIENTED_EDGE('',*,*,#2247,.T.);
#2984=ORIENTED_EDGE('',*,*,#2248,.T.);
#2985=ORIENTED_EDGE('',*,*,#2081,.F.);
#2986=ORIENTED_EDGE('',*,*,#2149,.F.);
#2987=ORIENTED_EDGE('',*,*,#2109,.F.);
#2988=ORIENTED_EDGE('',*,*,#2113,.F.);
#2989=ORIENTED_EDGE('',*,*,#2144,.F.);
#2990=ORIENTED_EDGE('',*,*,#2125,.F.);
#2991=ORIENTED_EDGE('',*,*,#2129,.F.);
#2992=ORIENTED_EDGE('',*,*,#2156,.F.);
#2993=ORIENTED_EDGE('',*,*,#2093,.F.);
#2994=ORIENTED_EDGE('',*,*,#2097,.F.);
#2995=ORIENTED_EDGE('',*,*,#2152,.F.);
#2996=ORIENTED_EDGE('',*,*,#2077,.F.);
#2997=ORIENTED_EDGE('',*,*,#2162,.F.);
#2998=ORIENTED_EDGE('',*,*,#2249,.T.);
#2999=ORIENTED_EDGE('',*,*,#2166,.F.);
#3000=ORIENTED_EDGE('',*,*,#2137,.F.);
#3001=ORIENTED_EDGE('',*,*,#2140,.F.);
#3002=ORIENTED_EDGE('',*,*,#2143,.F.);
#3003=ORIENTED_EDGE('',*,*,#2115,.F.);
#3004=ORIENTED_EDGE('',*,*,#2119,.F.);
#3005=ORIENTED_EDGE('',*,*,#2154,.F.);
#3006=ORIENTED_EDGE('',*,*,#2250,.F.);
#3007=ORIENTED_EDGE('',*,*,#2163,.F.);
#3008=ORIENTED_EDGE('',*,*,#2121,.F.);
#3009=ORIENTED_EDGE('',*,*,#2142,.F.);
#3010=ORIENTED_EDGE('',*,*,#2150,.F.);
#3011=ORIENTED_EDGE('',*,*,#2083,.F.);
#3012=ORIENTED_EDGE('',*,*,#2087,.F.);
#3013=ORIENTED_EDGE('',*,*,#2059,.T.);
#3014=ORIENTED_EDGE('',*,*,#2251,.F.);
#3015=ORIENTED_EDGE('',*,*,#2252,.T.);
#3016=ORIENTED_EDGE('',*,*,#2072,.F.);
#3017=ORIENTED_EDGE('',*,*,#2043,.T.);
#3018=ORIENTED_EDGE('',*,*,#2253,.F.);
#3019=ORIENTED_EDGE('',*,*,#2254,.T.);
#3020=ORIENTED_EDGE('',*,*,#2056,.F.);
#3021=ORIENTED_EDGE('',*,*,#2054,.T.);
#3022=ORIENTED_EDGE('',*,*,#2058,.T.);
#3023=ORIENTED_EDGE('',*,*,#2255,.T.);
#3024=ORIENTED_EDGE('',*,*,#2251,.T.);
#3025=ORIENTED_EDGE('',*,*,#2062,.T.);
#3026=ORIENTED_EDGE('',*,*,#2174,.T.);
#3027=ORIENTED_EDGE('',*,*,#2027,.T.);
#3028=ORIENTED_EDGE('',*,*,#2256,.F.);
#3029=ORIENTED_EDGE('',*,*,#2257,.T.);
#3030=ORIENTED_EDGE('',*,*,#2040,.F.);
#3031=ORIENTED_EDGE('',*,*,#2064,.T.);
#3032=ORIENTED_EDGE('',*,*,#2068,.T.);
#3033=ORIENTED_EDGE('',*,*,#2258,.T.);
#3034=ORIENTED_EDGE('',*,*,#2256,.T.);
#3035=ORIENTED_EDGE('',*,*,#2030,.T.);
#3036=ORIENTED_EDGE('',*,*,#2175,.T.);
#3037=ORIENTED_EDGE('',*,*,#2259,.T.);
#3038=ORIENTED_EDGE('',*,*,#2260,.T.);
#3039=ORIENTED_EDGE('',*,*,#2038,.T.);
#3040=ORIENTED_EDGE('',*,*,#2042,.T.);
#3041=ORIENTED_EDGE('',*,*,#2261,.T.);
#3042=ORIENTED_EDGE('',*,*,#2011,.T.);
#3043=ORIENTED_EDGE('',*,*,#2262,.F.);
#3044=ORIENTED_EDGE('',*,*,#2263,.T.);
#3045=ORIENTED_EDGE('',*,*,#2024,.F.);
#3046=ORIENTED_EDGE('',*,*,#2016,.T.);
#3047=ORIENTED_EDGE('',*,*,#2020,.T.);
#3048=ORIENTED_EDGE('',*,*,#2264,.T.);
#3049=ORIENTED_EDGE('',*,*,#2048,.T.);
#3050=ORIENTED_EDGE('',*,*,#2052,.T.);
#3051=ORIENTED_EDGE('',*,*,#2173,.T.);
#3052=ORIENTED_EDGE('',*,*,#2032,.T.);
#3053=ORIENTED_EDGE('',*,*,#2036,.T.);
#3054=ORIENTED_EDGE('',*,*,#2265,.T.);
#3055=ORIENTED_EDGE('',*,*,#2262,.T.);
#3056=ORIENTED_EDGE('',*,*,#2014,.T.);
#3057=ORIENTED_EDGE('',*,*,#2176,.T.);
#3058=ORIENTED_EDGE('',*,*,#2266,.T.);
#3059=ORIENTED_EDGE('',*,*,#2267,.T.);
#3060=ORIENTED_EDGE('',*,*,#2022,.T.);
#3061=ORIENTED_EDGE('',*,*,#2026,.T.);
#3062=ORIENTED_EDGE('',*,*,#2268,.T.);
#3063=ORIENTED_EDGE('',*,*,#2269,.T.);
#3064=ORIENTED_EDGE('',*,*,#2270,.T.);
#3065=ORIENTED_EDGE('',*,*,#2253,.T.);
#3066=ORIENTED_EDGE('',*,*,#2046,.T.);
#3067=ORIENTED_EDGE('',*,*,#2271,.T.);
#3068=ORIENTED_EDGE('',*,*,#2272,.T.);
#3069=ORIENTED_EDGE('',*,*,#2273,.T.);
#3070=ORIENTED_EDGE('',*,*,#2070,.T.);
#3071=ORIENTED_EDGE('',*,*,#2074,.T.);
#3072=ORIENTED_EDGE('',*,*,#2274,.T.);
#3073=ORIENTED_EDGE('',*,*,#2268,.F.);
#3074=ORIENTED_EDGE('',*,*,#2025,.F.);
#3075=ORIENTED_EDGE('',*,*,#2263,.F.);
#3076=ORIENTED_EDGE('',*,*,#2265,.F.);
#3077=ORIENTED_EDGE('',*,*,#2035,.F.);
#3078=ORIENTED_EDGE('',*,*,#2039,.F.);
#3079=ORIENTED_EDGE('',*,*,#2260,.F.);
#3080=ORIENTED_EDGE('',*,*,#2275,.T.);
#3081=ORIENTED_EDGE('',*,*,#2261,.F.);
#3082=ORIENTED_EDGE('',*,*,#2041,.F.);
#3083=ORIENTED_EDGE('',*,*,#2257,.F.);
#3084=ORIENTED_EDGE('',*,*,#2258,.F.);
#3085=ORIENTED_EDGE('',*,*,#2067,.F.);
#3086=ORIENTED_EDGE('',*,*,#2071,.F.);
#3087=ORIENTED_EDGE('',*,*,#2273,.F.);
#3088=ORIENTED_EDGE('',*,*,#2276,.T.);
#3089=ORIENTED_EDGE('',*,*,#2267,.F.);
#3090=ORIENTED_EDGE('',*,*,#2277,.T.);
#3091=ORIENTED_EDGE('',*,*,#2271,.F.);
#3092=ORIENTED_EDGE('',*,*,#2045,.F.);
#3093=ORIENTED_EDGE('',*,*,#2049,.F.);
#3094=ORIENTED_EDGE('',*,*,#2264,.F.);
#3095=ORIENTED_EDGE('',*,*,#2019,.F.);
#3096=ORIENTED_EDGE('',*,*,#2023,.F.);
#3097=ORIENTED_EDGE('',*,*,#2270,.F.);
#3098=ORIENTED_EDGE('',*,*,#2278,.T.);
#3099=ORIENTED_EDGE('',*,*,#2274,.F.);
#3100=ORIENTED_EDGE('',*,*,#2073,.F.);
#3101=ORIENTED_EDGE('',*,*,#2252,.F.);
#3102=ORIENTED_EDGE('',*,*,#2255,.F.);
#3103=ORIENTED_EDGE('',*,*,#2057,.F.);
#3104=ORIENTED_EDGE('',*,*,#2254,.F.);
#3105=ORIENTED_EDGE('',*,*,#2245,.F.);
#3106=ORIENTED_EDGE('',*,*,#2279,.F.);
#3107=ORIENTED_EDGE('',*,*,#2280,.F.);
#3108=ORIENTED_EDGE('',*,*,#2281,.T.);
#3109=ORIENTED_EDGE('',*,*,#2246,.F.);
#3110=ORIENTED_EDGE('',*,*,#2281,.F.);
#3111=ORIENTED_EDGE('',*,*,#2282,.F.);
#3112=ORIENTED_EDGE('',*,*,#2283,.T.);
#3113=ORIENTED_EDGE('',*,*,#2247,.F.);
#3114=ORIENTED_EDGE('',*,*,#2283,.F.);
#3115=ORIENTED_EDGE('',*,*,#2284,.F.);
#3116=ORIENTED_EDGE('',*,*,#2285,.T.);
#3117=ORIENTED_EDGE('',*,*,#2248,.F.);
#3118=ORIENTED_EDGE('',*,*,#2285,.F.);
#3119=ORIENTED_EDGE('',*,*,#2286,.F.);
#3120=ORIENTED_EDGE('',*,*,#2287,.T.);
#3121=ORIENTED_EDGE('',*,*,#2241,.F.);
#3122=ORIENTED_EDGE('',*,*,#2287,.F.);
#3123=ORIENTED_EDGE('',*,*,#2288,.F.);
#3124=ORIENTED_EDGE('',*,*,#2289,.T.);
#3125=ORIENTED_EDGE('',*,*,#2242,.F.);
#3126=ORIENTED_EDGE('',*,*,#2289,.F.);
#3127=ORIENTED_EDGE('',*,*,#2290,.F.);
#3128=ORIENTED_EDGE('',*,*,#2291,.T.);
#3129=ORIENTED_EDGE('',*,*,#2243,.F.);
#3130=ORIENTED_EDGE('',*,*,#2291,.F.);
#3131=ORIENTED_EDGE('',*,*,#2292,.F.);
#3132=ORIENTED_EDGE('',*,*,#2293,.T.);
#3133=ORIENTED_EDGE('',*,*,#2244,.F.);
#3134=ORIENTED_EDGE('',*,*,#2293,.F.);
#3135=ORIENTED_EDGE('',*,*,#2294,.F.);
#3136=ORIENTED_EDGE('',*,*,#2279,.T.);
#3137=ORIENTED_EDGE('',*,*,#2237,.F.);
#3138=ORIENTED_EDGE('',*,*,#2295,.F.);
#3139=ORIENTED_EDGE('',*,*,#2296,.F.);
#3140=ORIENTED_EDGE('',*,*,#2297,.T.);
#3141=ORIENTED_EDGE('',*,*,#2238,.F.);
#3142=ORIENTED_EDGE('',*,*,#2297,.F.);
#3143=ORIENTED_EDGE('',*,*,#2298,.F.);
#3144=ORIENTED_EDGE('',*,*,#2299,.T.);
#3145=ORIENTED_EDGE('',*,*,#2239,.F.);
#3146=ORIENTED_EDGE('',*,*,#2299,.F.);
#3147=ORIENTED_EDGE('',*,*,#2300,.F.);
#3148=ORIENTED_EDGE('',*,*,#2301,.T.);
#3149=ORIENTED_EDGE('',*,*,#2240,.F.);
#3150=ORIENTED_EDGE('',*,*,#2301,.F.);
#3151=ORIENTED_EDGE('',*,*,#2302,.F.);
#3152=ORIENTED_EDGE('',*,*,#2303,.T.);
#3153=ORIENTED_EDGE('',*,*,#2233,.F.);
#3154=ORIENTED_EDGE('',*,*,#2303,.F.);
#3155=ORIENTED_EDGE('',*,*,#2304,.F.);
#3156=ORIENTED_EDGE('',*,*,#2305,.T.);
#3157=ORIENTED_EDGE('',*,*,#2234,.F.);
#3158=ORIENTED_EDGE('',*,*,#2305,.F.);
#3159=ORIENTED_EDGE('',*,*,#2306,.F.);
#3160=ORIENTED_EDGE('',*,*,#2307,.T.);
#3161=ORIENTED_EDGE('',*,*,#2235,.F.);
#3162=ORIENTED_EDGE('',*,*,#2307,.F.);
#3163=ORIENTED_EDGE('',*,*,#2308,.F.);
#3164=ORIENTED_EDGE('',*,*,#2309,.T.);
#3165=ORIENTED_EDGE('',*,*,#2236,.F.);
#3166=ORIENTED_EDGE('',*,*,#2309,.F.);
#3167=ORIENTED_EDGE('',*,*,#2310,.F.);
#3168=ORIENTED_EDGE('',*,*,#2295,.T.);
#3169=ORIENTED_EDGE('',*,*,#2229,.F.);
#3170=ORIENTED_EDGE('',*,*,#2311,.F.);
#3171=ORIENTED_EDGE('',*,*,#2312,.F.);
#3172=ORIENTED_EDGE('',*,*,#2313,.T.);
#3173=ORIENTED_EDGE('',*,*,#2230,.F.);
#3174=ORIENTED_EDGE('',*,*,#2313,.F.);
#3175=ORIENTED_EDGE('',*,*,#2314,.F.);
#3176=ORIENTED_EDGE('',*,*,#2315,.T.);
#3177=ORIENTED_EDGE('',*,*,#2231,.F.);
#3178=ORIENTED_EDGE('',*,*,#2315,.F.);
#3179=ORIENTED_EDGE('',*,*,#2316,.F.);
#3180=ORIENTED_EDGE('',*,*,#2317,.T.);
#3181=ORIENTED_EDGE('',*,*,#2232,.F.);
#3182=ORIENTED_EDGE('',*,*,#2317,.F.);
#3183=ORIENTED_EDGE('',*,*,#2318,.F.);
#3184=ORIENTED_EDGE('',*,*,#2319,.T.);
#3185=ORIENTED_EDGE('',*,*,#2225,.F.);
#3186=ORIENTED_EDGE('',*,*,#2319,.F.);
#3187=ORIENTED_EDGE('',*,*,#2320,.F.);
#3188=ORIENTED_EDGE('',*,*,#2321,.T.);
#3189=ORIENTED_EDGE('',*,*,#2226,.F.);
#3190=ORIENTED_EDGE('',*,*,#2321,.F.);
#3191=ORIENTED_EDGE('',*,*,#2322,.F.);
#3192=ORIENTED_EDGE('',*,*,#2323,.T.);
#3193=ORIENTED_EDGE('',*,*,#2227,.F.);
#3194=ORIENTED_EDGE('',*,*,#2323,.F.);
#3195=ORIENTED_EDGE('',*,*,#2324,.F.);
#3196=ORIENTED_EDGE('',*,*,#2325,.T.);
#3197=ORIENTED_EDGE('',*,*,#2228,.F.);
#3198=ORIENTED_EDGE('',*,*,#2325,.F.);
#3199=ORIENTED_EDGE('',*,*,#2326,.F.);
#3200=ORIENTED_EDGE('',*,*,#2311,.T.);
#3201=ORIENTED_EDGE('',*,*,#2221,.F.);
#3202=ORIENTED_EDGE('',*,*,#2327,.F.);
#3203=ORIENTED_EDGE('',*,*,#2328,.F.);
#3204=ORIENTED_EDGE('',*,*,#2329,.T.);
#3205=ORIENTED_EDGE('',*,*,#2222,.F.);
#3206=ORIENTED_EDGE('',*,*,#2329,.F.);
#3207=ORIENTED_EDGE('',*,*,#2330,.F.);
#3208=ORIENTED_EDGE('',*,*,#2331,.T.);
#3209=ORIENTED_EDGE('',*,*,#2223,.F.);
#3210=ORIENTED_EDGE('',*,*,#2331,.F.);
#3211=ORIENTED_EDGE('',*,*,#2332,.F.);
#3212=ORIENTED_EDGE('',*,*,#2333,.T.);
#3213=ORIENTED_EDGE('',*,*,#2224,.F.);
#3214=ORIENTED_EDGE('',*,*,#2333,.F.);
#3215=ORIENTED_EDGE('',*,*,#2334,.F.);
#3216=ORIENTED_EDGE('',*,*,#2335,.T.);
#3217=ORIENTED_EDGE('',*,*,#2217,.F.);
#3218=ORIENTED_EDGE('',*,*,#2335,.F.);
#3219=ORIENTED_EDGE('',*,*,#2336,.F.);
#3220=ORIENTED_EDGE('',*,*,#2337,.T.);
#3221=ORIENTED_EDGE('',*,*,#2218,.F.);
#3222=ORIENTED_EDGE('',*,*,#2337,.F.);
#3223=ORIENTED_EDGE('',*,*,#2338,.F.);
#3224=ORIENTED_EDGE('',*,*,#2339,.T.);
#3225=ORIENTED_EDGE('',*,*,#2219,.F.);
#3226=ORIENTED_EDGE('',*,*,#2339,.F.);
#3227=ORIENTED_EDGE('',*,*,#2340,.F.);
#3228=ORIENTED_EDGE('',*,*,#2341,.T.);
#3229=ORIENTED_EDGE('',*,*,#2220,.F.);
#3230=ORIENTED_EDGE('',*,*,#2341,.F.);
#3231=ORIENTED_EDGE('',*,*,#2342,.F.);
#3232=ORIENTED_EDGE('',*,*,#2327,.T.);
#3233=ORIENTED_EDGE('',*,*,#2213,.F.);
#3234=ORIENTED_EDGE('',*,*,#2343,.F.);
#3235=ORIENTED_EDGE('',*,*,#2344,.F.);
#3236=ORIENTED_EDGE('',*,*,#2345,.T.);
#3237=ORIENTED_EDGE('',*,*,#2214,.F.);
#3238=ORIENTED_EDGE('',*,*,#2345,.F.);
#3239=ORIENTED_EDGE('',*,*,#2346,.F.);
#3240=ORIENTED_EDGE('',*,*,#2347,.T.);
#3241=ORIENTED_EDGE('',*,*,#2215,.F.);
#3242=ORIENTED_EDGE('',*,*,#2347,.F.);
#3243=ORIENTED_EDGE('',*,*,#2348,.F.);
#3244=ORIENTED_EDGE('',*,*,#2349,.T.);
#3245=ORIENTED_EDGE('',*,*,#2216,.F.);
#3246=ORIENTED_EDGE('',*,*,#2349,.F.);
#3247=ORIENTED_EDGE('',*,*,#2350,.F.);
#3248=ORIENTED_EDGE('',*,*,#2351,.T.);
#3249=ORIENTED_EDGE('',*,*,#2209,.F.);
#3250=ORIENTED_EDGE('',*,*,#2351,.F.);
#3251=ORIENTED_EDGE('',*,*,#2352,.F.);
#3252=ORIENTED_EDGE('',*,*,#2353,.T.);
#3253=ORIENTED_EDGE('',*,*,#2210,.F.);
#3254=ORIENTED_EDGE('',*,*,#2353,.F.);
#3255=ORIENTED_EDGE('',*,*,#2354,.F.);
#3256=ORIENTED_EDGE('',*,*,#2355,.T.);
#3257=ORIENTED_EDGE('',*,*,#2211,.F.);
#3258=ORIENTED_EDGE('',*,*,#2355,.F.);
#3259=ORIENTED_EDGE('',*,*,#2356,.F.);
#3260=ORIENTED_EDGE('',*,*,#2357,.T.);
#3261=ORIENTED_EDGE('',*,*,#2212,.F.);
#3262=ORIENTED_EDGE('',*,*,#2357,.F.);
#3263=ORIENTED_EDGE('',*,*,#2358,.F.);
#3264=ORIENTED_EDGE('',*,*,#2343,.T.);
#3265=ORIENTED_EDGE('',*,*,#2205,.F.);
#3266=ORIENTED_EDGE('',*,*,#2359,.F.);
#3267=ORIENTED_EDGE('',*,*,#2360,.F.);
#3268=ORIENTED_EDGE('',*,*,#2361,.T.);
#3269=ORIENTED_EDGE('',*,*,#2206,.F.);
#3270=ORIENTED_EDGE('',*,*,#2361,.F.);
#3271=ORIENTED_EDGE('',*,*,#2362,.F.);
#3272=ORIENTED_EDGE('',*,*,#2363,.T.);
#3273=ORIENTED_EDGE('',*,*,#2207,.F.);
#3274=ORIENTED_EDGE('',*,*,#2363,.F.);
#3275=ORIENTED_EDGE('',*,*,#2364,.F.);
#3276=ORIENTED_EDGE('',*,*,#2365,.T.);
#3277=ORIENTED_EDGE('',*,*,#2208,.F.);
#3278=ORIENTED_EDGE('',*,*,#2365,.F.);
#3279=ORIENTED_EDGE('',*,*,#2366,.F.);
#3280=ORIENTED_EDGE('',*,*,#2367,.T.);
#3281=ORIENTED_EDGE('',*,*,#2201,.F.);
#3282=ORIENTED_EDGE('',*,*,#2367,.F.);
#3283=ORIENTED_EDGE('',*,*,#2368,.F.);
#3284=ORIENTED_EDGE('',*,*,#2369,.T.);
#3285=ORIENTED_EDGE('',*,*,#2202,.F.);
#3286=ORIENTED_EDGE('',*,*,#2369,.F.);
#3287=ORIENTED_EDGE('',*,*,#2370,.F.);
#3288=ORIENTED_EDGE('',*,*,#2371,.T.);
#3289=ORIENTED_EDGE('',*,*,#2203,.F.);
#3290=ORIENTED_EDGE('',*,*,#2371,.F.);
#3291=ORIENTED_EDGE('',*,*,#2372,.F.);
#3292=ORIENTED_EDGE('',*,*,#2373,.T.);
#3293=ORIENTED_EDGE('',*,*,#2204,.F.);
#3294=ORIENTED_EDGE('',*,*,#2373,.F.);
#3295=ORIENTED_EDGE('',*,*,#2374,.F.);
#3296=ORIENTED_EDGE('',*,*,#2359,.T.);
#3297=ORIENTED_EDGE('',*,*,#2197,.F.);
#3298=ORIENTED_EDGE('',*,*,#2375,.F.);
#3299=ORIENTED_EDGE('',*,*,#2376,.F.);
#3300=ORIENTED_EDGE('',*,*,#2377,.T.);
#3301=ORIENTED_EDGE('',*,*,#2198,.F.);
#3302=ORIENTED_EDGE('',*,*,#2377,.F.);
#3303=ORIENTED_EDGE('',*,*,#2378,.F.);
#3304=ORIENTED_EDGE('',*,*,#2379,.T.);
#3305=ORIENTED_EDGE('',*,*,#2199,.F.);
#3306=ORIENTED_EDGE('',*,*,#2379,.F.);
#3307=ORIENTED_EDGE('',*,*,#2380,.F.);
#3308=ORIENTED_EDGE('',*,*,#2381,.T.);
#3309=ORIENTED_EDGE('',*,*,#2200,.F.);
#3310=ORIENTED_EDGE('',*,*,#2381,.F.);
#3311=ORIENTED_EDGE('',*,*,#2382,.F.);
#3312=ORIENTED_EDGE('',*,*,#2383,.T.);
#3313=ORIENTED_EDGE('',*,*,#2193,.F.);
#3314=ORIENTED_EDGE('',*,*,#2383,.F.);
#3315=ORIENTED_EDGE('',*,*,#2384,.F.);
#3316=ORIENTED_EDGE('',*,*,#2385,.T.);
#3317=ORIENTED_EDGE('',*,*,#2194,.F.);
#3318=ORIENTED_EDGE('',*,*,#2385,.F.);
#3319=ORIENTED_EDGE('',*,*,#2386,.F.);
#3320=ORIENTED_EDGE('',*,*,#2387,.T.);
#3321=ORIENTED_EDGE('',*,*,#2195,.F.);
#3322=ORIENTED_EDGE('',*,*,#2387,.F.);
#3323=ORIENTED_EDGE('',*,*,#2388,.F.);
#3324=ORIENTED_EDGE('',*,*,#2389,.T.);
#3325=ORIENTED_EDGE('',*,*,#2196,.F.);
#3326=ORIENTED_EDGE('',*,*,#2389,.F.);
#3327=ORIENTED_EDGE('',*,*,#2390,.F.);
#3328=ORIENTED_EDGE('',*,*,#2375,.T.);
#3329=ORIENTED_EDGE('',*,*,#2189,.F.);
#3330=ORIENTED_EDGE('',*,*,#2391,.F.);
#3331=ORIENTED_EDGE('',*,*,#2392,.F.);
#3332=ORIENTED_EDGE('',*,*,#2393,.T.);
#3333=ORIENTED_EDGE('',*,*,#2190,.F.);
#3334=ORIENTED_EDGE('',*,*,#2393,.F.);
#3335=ORIENTED_EDGE('',*,*,#2394,.F.);
#3336=ORIENTED_EDGE('',*,*,#2395,.T.);
#3337=ORIENTED_EDGE('',*,*,#2191,.F.);
#3338=ORIENTED_EDGE('',*,*,#2395,.F.);
#3339=ORIENTED_EDGE('',*,*,#2396,.F.);
#3340=ORIENTED_EDGE('',*,*,#2397,.T.);
#3341=ORIENTED_EDGE('',*,*,#2192,.F.);
#3342=ORIENTED_EDGE('',*,*,#2397,.F.);
#3343=ORIENTED_EDGE('',*,*,#2398,.F.);
#3344=ORIENTED_EDGE('',*,*,#2399,.T.);
#3345=ORIENTED_EDGE('',*,*,#2185,.F.);
#3346=ORIENTED_EDGE('',*,*,#2399,.F.);
#3347=ORIENTED_EDGE('',*,*,#2400,.F.);
#3348=ORIENTED_EDGE('',*,*,#2401,.T.);
#3349=ORIENTED_EDGE('',*,*,#2186,.F.);
#3350=ORIENTED_EDGE('',*,*,#2401,.F.);
#3351=ORIENTED_EDGE('',*,*,#2402,.F.);
#3352=ORIENTED_EDGE('',*,*,#2403,.T.);
#3353=ORIENTED_EDGE('',*,*,#2187,.F.);
#3354=ORIENTED_EDGE('',*,*,#2403,.F.);
#3355=ORIENTED_EDGE('',*,*,#2404,.F.);
#3356=ORIENTED_EDGE('',*,*,#2405,.T.);
#3357=ORIENTED_EDGE('',*,*,#2188,.F.);
#3358=ORIENTED_EDGE('',*,*,#2405,.F.);
#3359=ORIENTED_EDGE('',*,*,#2406,.F.);
#3360=ORIENTED_EDGE('',*,*,#2391,.T.);
#3361=ORIENTED_EDGE('',*,*,#2181,.F.);
#3362=ORIENTED_EDGE('',*,*,#2407,.F.);
#3363=ORIENTED_EDGE('',*,*,#2408,.F.);
#3364=ORIENTED_EDGE('',*,*,#2409,.T.);
#3365=ORIENTED_EDGE('',*,*,#2182,.F.);
#3366=ORIENTED_EDGE('',*,*,#2409,.F.);
#3367=ORIENTED_EDGE('',*,*,#2410,.F.);
#3368=ORIENTED_EDGE('',*,*,#2411,.T.);
#3369=ORIENTED_EDGE('',*,*,#2183,.F.);
#3370=ORIENTED_EDGE('',*,*,#2411,.F.);
#3371=ORIENTED_EDGE('',*,*,#2412,.F.);
#3372=ORIENTED_EDGE('',*,*,#2413,.T.);
#3373=ORIENTED_EDGE('',*,*,#2184,.F.);
#3374=ORIENTED_EDGE('',*,*,#2413,.F.);
#3375=ORIENTED_EDGE('',*,*,#2414,.F.);
#3376=ORIENTED_EDGE('',*,*,#2415,.T.);
#3377=ORIENTED_EDGE('',*,*,#2177,.F.);
#3378=ORIENTED_EDGE('',*,*,#2415,.F.);
#3379=ORIENTED_EDGE('',*,*,#2416,.F.);
#3380=ORIENTED_EDGE('',*,*,#2417,.T.);
#3381=ORIENTED_EDGE('',*,*,#2178,.F.);
#3382=ORIENTED_EDGE('',*,*,#2417,.F.);
#3383=ORIENTED_EDGE('',*,*,#2418,.F.);
#3384=ORIENTED_EDGE('',*,*,#2419,.T.);
#3385=ORIENTED_EDGE('',*,*,#2179,.F.);
#3386=ORIENTED_EDGE('',*,*,#2419,.F.);
#3387=ORIENTED_EDGE('',*,*,#2420,.F.);
#3388=ORIENTED_EDGE('',*,*,#2421,.T.);
#3389=ORIENTED_EDGE('',*,*,#2180,.F.);
#3390=ORIENTED_EDGE('',*,*,#2421,.F.);
#3391=ORIENTED_EDGE('',*,*,#2422,.F.);
#3392=ORIENTED_EDGE('',*,*,#2407,.T.);
#3393=ORIENTED_EDGE('',*,*,#2423,.F.);
#3394=ORIENTED_EDGE('',*,*,#2424,.T.);
#3395=ORIENTED_EDGE('',*,*,#2172,.F.);
#3396=ORIENTED_EDGE('',*,*,#2425,.F.);
#3397=ORIENTED_EDGE('',*,*,#2426,.F.);
#3398=ORIENTED_EDGE('',*,*,#2425,.T.);
#3399=ORIENTED_EDGE('',*,*,#2171,.F.);
#3400=ORIENTED_EDGE('',*,*,#2427,.F.);
#3401=ORIENTED_EDGE('',*,*,#2428,.F.);
#3402=ORIENTED_EDGE('',*,*,#2427,.T.);
#3403=ORIENTED_EDGE('',*,*,#2170,.F.);
#3404=ORIENTED_EDGE('',*,*,#2429,.F.);
#3405=ORIENTED_EDGE('',*,*,#2430,.F.);
#3406=ORIENTED_EDGE('',*,*,#2429,.T.);
#3407=ORIENTED_EDGE('',*,*,#2169,.F.);
#3408=ORIENTED_EDGE('',*,*,#2424,.F.);
#3409=ORIENTED_EDGE('',*,*,#2430,.T.);
#3410=ORIENTED_EDGE('',*,*,#2423,.T.);
#3411=ORIENTED_EDGE('',*,*,#2426,.T.);
#3412=ORIENTED_EDGE('',*,*,#2428,.T.);
#3413=ORIENTED_EDGE('',*,*,#2278,.F.);
#3414=ORIENTED_EDGE('',*,*,#2269,.F.);
#3415=ORIENTED_EDGE('',*,*,#2277,.F.);
#3416=ORIENTED_EDGE('',*,*,#2266,.F.);
#3417=ORIENTED_EDGE('',*,*,#2275,.F.);
#3418=ORIENTED_EDGE('',*,*,#2259,.F.);
#3419=ORIENTED_EDGE('',*,*,#2276,.F.);
#3420=ORIENTED_EDGE('',*,*,#2272,.F.);
#3421=ORIENTED_EDGE('',*,*,#2416,.T.);
#3422=ORIENTED_EDGE('',*,*,#2414,.T.);
#3423=ORIENTED_EDGE('',*,*,#2412,.T.);
#3424=ORIENTED_EDGE('',*,*,#2410,.T.);
#3425=ORIENTED_EDGE('',*,*,#2408,.T.);
#3426=ORIENTED_EDGE('',*,*,#2422,.T.);
#3427=ORIENTED_EDGE('',*,*,#2420,.T.);
#3428=ORIENTED_EDGE('',*,*,#2418,.T.);
#3429=ORIENTED_EDGE('',*,*,#2400,.T.);
#3430=ORIENTED_EDGE('',*,*,#2398,.T.);
#3431=ORIENTED_EDGE('',*,*,#2396,.T.);
#3432=ORIENTED_EDGE('',*,*,#2394,.T.);
#3433=ORIENTED_EDGE('',*,*,#2392,.T.);
#3434=ORIENTED_EDGE('',*,*,#2406,.T.);
#3435=ORIENTED_EDGE('',*,*,#2404,.T.);
#3436=ORIENTED_EDGE('',*,*,#2402,.T.);
#3437=ORIENTED_EDGE('',*,*,#2384,.T.);
#3438=ORIENTED_EDGE('',*,*,#2382,.T.);
#3439=ORIENTED_EDGE('',*,*,#2380,.T.);
#3440=ORIENTED_EDGE('',*,*,#2378,.T.);
#3441=ORIENTED_EDGE('',*,*,#2376,.T.);
#3442=ORIENTED_EDGE('',*,*,#2390,.T.);
#3443=ORIENTED_EDGE('',*,*,#2388,.T.);
#3444=ORIENTED_EDGE('',*,*,#2386,.T.);
#3445=ORIENTED_EDGE('',*,*,#2368,.T.);
#3446=ORIENTED_EDGE('',*,*,#2366,.T.);
#3447=ORIENTED_EDGE('',*,*,#2364,.T.);
#3448=ORIENTED_EDGE('',*,*,#2362,.T.);
#3449=ORIENTED_EDGE('',*,*,#2360,.T.);
#3450=ORIENTED_EDGE('',*,*,#2374,.T.);
#3451=ORIENTED_EDGE('',*,*,#2372,.T.);
#3452=ORIENTED_EDGE('',*,*,#2370,.T.);
#3453=ORIENTED_EDGE('',*,*,#2250,.T.);
#3454=ORIENTED_EDGE('',*,*,#2153,.F.);
#3455=ORIENTED_EDGE('',*,*,#2167,.F.);
#3456=ORIENTED_EDGE('',*,*,#2158,.F.);
#3457=ORIENTED_EDGE('',*,*,#2168,.T.);
#3458=ORIENTED_EDGE('',*,*,#2164,.F.);
#3459=ORIENTED_EDGE('',*,*,#2249,.F.);
#3460=ORIENTED_EDGE('',*,*,#2161,.F.);
#3461=ORIENTED_EDGE('',*,*,#2352,.T.);
#3462=ORIENTED_EDGE('',*,*,#2350,.T.);
#3463=ORIENTED_EDGE('',*,*,#2348,.T.);
#3464=ORIENTED_EDGE('',*,*,#2346,.T.);
#3465=ORIENTED_EDGE('',*,*,#2344,.T.);
#3466=ORIENTED_EDGE('',*,*,#2358,.T.);
#3467=ORIENTED_EDGE('',*,*,#2356,.T.);
#3468=ORIENTED_EDGE('',*,*,#2354,.T.);
#3469=ORIENTED_EDGE('',*,*,#2336,.T.);
#3470=ORIENTED_EDGE('',*,*,#2334,.T.);
#3471=ORIENTED_EDGE('',*,*,#2332,.T.);
#3472=ORIENTED_EDGE('',*,*,#2330,.T.);
#3473=ORIENTED_EDGE('',*,*,#2328,.T.);
#3474=ORIENTED_EDGE('',*,*,#2342,.T.);
#3475=ORIENTED_EDGE('',*,*,#2340,.T.);
#3476=ORIENTED_EDGE('',*,*,#2338,.T.);
#3477=ORIENTED_EDGE('',*,*,#2320,.T.);
#3478=ORIENTED_EDGE('',*,*,#2318,.T.);
#3479=ORIENTED_EDGE('',*,*,#2316,.T.);
#3480=ORIENTED_EDGE('',*,*,#2314,.T.);
#3481=ORIENTED_EDGE('',*,*,#2312,.T.);
#3482=ORIENTED_EDGE('',*,*,#2326,.T.);
#3483=ORIENTED_EDGE('',*,*,#2324,.T.);
#3484=ORIENTED_EDGE('',*,*,#2322,.T.);
#3485=ORIENTED_EDGE('',*,*,#2304,.T.);
#3486=ORIENTED_EDGE('',*,*,#2302,.T.);
#3487=ORIENTED_EDGE('',*,*,#2300,.T.);
#3488=ORIENTED_EDGE('',*,*,#2298,.T.);
#3489=ORIENTED_EDGE('',*,*,#2296,.T.);
#3490=ORIENTED_EDGE('',*,*,#2310,.T.);
#3491=ORIENTED_EDGE('',*,*,#2308,.T.);
#3492=ORIENTED_EDGE('',*,*,#2306,.T.);
#3493=ORIENTED_EDGE('',*,*,#2288,.T.);
#3494=ORIENTED_EDGE('',*,*,#2286,.T.);
#3495=ORIENTED_EDGE('',*,*,#2284,.T.);
#3496=ORIENTED_EDGE('',*,*,#2282,.T.);
#3497=ORIENTED_EDGE('',*,*,#2280,.T.);
#3498=ORIENTED_EDGE('',*,*,#2294,.T.);
#3499=ORIENTED_EDGE('',*,*,#2292,.T.);
#3500=ORIENTED_EDGE('',*,*,#2290,.T.);
#3501=TOROIDAL_SURFACE('',#3721,2.00000000000001,1.);
#3502=TOROIDAL_SURFACE('',#3727,2.,1.);
#3503=ADVANCED_FACE('',(#908),#3501,.T.);
#3504=ADVANCED_FACE('',(#909),#857,.T.);
#3505=ADVANCED_FACE('',(#910),#3502,.T.);
#3506=ADVANCED_FACE('',(#911),#101,.F.);
#3507=ADVANCED_FACE('',(#912),#858,.F.);
#3508=ADVANCED_FACE('',(#913),#859,.F.);
#3509=ADVANCED_FACE('',(#914),#102,.T.);
#3510=ADVANCED_FACE('',(#915),#103,.F.);
#3511=ADVANCED_FACE('',(#916),#104,.T.);
#3512=ADVANCED_FACE('',(#917),#105,.T.);
#3513=ADVANCED_FACE('',(#918),#106,.T.);
#3514=ADVANCED_FACE('',(#919),#107,.T.);
#3515=ADVANCED_FACE('',(#920),#108,.F.);
#3516=ADVANCED_FACE('',(#921),#109,.F.);
#3517=ADVANCED_FACE('',(#922,#69),#110,.T.);
#3518=ADVANCED_FACE('',(#923),#111,.T.);
#3519=ADVANCED_FACE('',(#924),#65,.T.);
#3520=ADVANCED_FACE('',(#925),#112,.T.);
#3521=ADVANCED_FACE('',(#926),#66,.T.);
#3522=ADVANCED_FACE('',(#927),#113,.T.);
#3523=ADVANCED_FACE('',(#928),#67,.T.);
#3524=ADVANCED_FACE('',(#929),#114,.T.);
#3525=ADVANCED_FACE('',(#930),#68,.T.);
#3526=ADVANCED_FACE('',(#931),#860,.T.);
#3527=ADVANCED_FACE('',(#932),#115,.T.);
#3528=ADVANCED_FACE('',(#933),#861,.T.);
#3529=ADVANCED_FACE('',(#934),#116,.F.);
#3530=ADVANCED_FACE('',(#935),#117,.F.);
#3531=ADVANCED_FACE('',(#936),#118,.F.);
#3532=ADVANCED_FACE('',(#937,#70),#119,.F.);
#3533=ADVANCED_FACE('',(#938),#120,.F.);
#3534=ADVANCED_FACE('',(#939,#71),#121,.F.);
#3535=ADVANCED_FACE('',(#940),#862,.F.);
#3536=ADVANCED_FACE('',(#941),#863,.F.);
#3537=ADVANCED_FACE('',(#942),#122,.F.);
#3538=ADVANCED_FACE('',(#943,#72),#123,.F.);
#3539=ADVANCED_FACE('',(#944),#864,.F.);
#3540=ADVANCED_FACE('',(#945),#865,.F.);
#3541=ADVANCED_FACE('',(#946),#124,.F.);
#3542=ADVANCED_FACE('',(#947,#73),#125,.F.);
#3543=ADVANCED_FACE('',(#948),#866,.F.);
#3544=ADVANCED_FACE('',(#949),#867,.F.);
#3545=ADVANCED_FACE('',(#950),#126,.F.);
#3546=ADVANCED_FACE('',(#951,#74),#127,.F.);
#3547=ADVANCED_FACE('',(#952),#868,.F.);
#3548=ADVANCED_FACE('',(#953),#869,.F.);
#3549=ADVANCED_FACE('',(#954),#128,.F.);
#3550=ADVANCED_FACE('',(#955),#129,.T.);
#3551=ADVANCED_FACE('',(#956),#130,.F.);
#3552=ADVANCED_FACE('',(#957),#870,.T.);
#3553=ADVANCED_FACE('',(#958),#131,.T.);
#3554=ADVANCED_FACE('',(#959),#871,.T.);
#3555=ADVANCED_FACE('',(#960,#75,#76,#77,#78),#132,.F.);
#3556=ADVANCED_FACE('',(#961),#13,.T.);
#3557=ADVANCED_FACE('',(#962),#14,.T.);
#3558=ADVANCED_FACE('',(#963),#15,.T.);
#3559=ADVANCED_FACE('',(#964),#16,.T.);
#3560=ADVANCED_FACE('',(#965),#17,.T.);
#3561=ADVANCED_FACE('',(#966),#18,.T.);
#3562=ADVANCED_FACE('',(#967),#19,.T.);
#3563=ADVANCED_FACE('',(#968),#20,.T.);
#3564=ADVANCED_FACE('',(#969),#21,.T.);
#3565=ADVANCED_FACE('',(#970),#22,.T.);
#3566=ADVANCED_FACE('',(#971),#23,.T.);
#3567=ADVANCED_FACE('',(#972),#24,.T.);
#3568=ADVANCED_FACE('',(#973),#25,.T.);
#3569=ADVANCED_FACE('',(#974),#26,.T.);
#3570=ADVANCED_FACE('',(#975),#27,.T.);
#3571=ADVANCED_FACE('',(#976),#28,.T.);
#3572=ADVANCED_FACE('',(#977),#29,.T.);
#3573=ADVANCED_FACE('',(#978),#30,.T.);
#3574=ADVANCED_FACE('',(#979),#31,.T.);
#3575=ADVANCED_FACE('',(#980),#32,.T.);
#3576=ADVANCED_FACE('',(#981),#33,.T.);
#3577=ADVANCED_FACE('',(#982),#34,.T.);
#3578=ADVANCED_FACE('',(#983),#35,.T.);
#3579=ADVANCED_FACE('',(#984),#36,.T.);
#3580=ADVANCED_FACE('',(#985),#37,.T.);
#3581=ADVANCED_FACE('',(#986),#38,.T.);
#3582=ADVANCED_FACE('',(#987),#39,.T.);
#3583=ADVANCED_FACE('',(#988),#40,.T.);
#3584=ADVANCED_FACE('',(#989),#41,.T.);
#3585=ADVANCED_FACE('',(#990),#42,.T.);
#3586=ADVANCED_FACE('',(#991),#43,.T.);
#3587=ADVANCED_FACE('',(#992),#44,.T.);
#3588=ADVANCED_FACE('',(#993),#45,.T.);
#3589=ADVANCED_FACE('',(#994),#46,.T.);
#3590=ADVANCED_FACE('',(#995),#47,.T.);
#3591=ADVANCED_FACE('',(#996),#48,.T.);
#3592=ADVANCED_FACE('',(#997),#49,.T.);
#3593=ADVANCED_FACE('',(#998),#50,.T.);
#3594=ADVANCED_FACE('',(#999),#51,.T.);
#3595=ADVANCED_FACE('',(#1000),#52,.T.);
#3596=ADVANCED_FACE('',(#1001),#53,.T.);
#3597=ADVANCED_FACE('',(#1002),#54,.T.);
#3598=ADVANCED_FACE('',(#1003),#133,.T.);
#3599=ADVANCED_FACE('',(#1004),#55,.T.);
#3600=ADVANCED_FACE('',(#1005),#56,.T.);
#3601=ADVANCED_FACE('',(#1006),#134,.T.);
#3602=ADVANCED_FACE('',(#1007),#135,.T.);
#3603=ADVANCED_FACE('',(#1008),#136,.T.);
#3604=ADVANCED_FACE('',(#1009),#137,.T.);
#3605=ADVANCED_FACE('',(#1010),#138,.T.);
#3606=ADVANCED_FACE('',(#1011),#139,.T.);
#3607=ADVANCED_FACE('',(#1012),#140,.T.);
#3608=ADVANCED_FACE('',(#1013),#141,.T.);
#3609=ADVANCED_FACE('',(#1014),#142,.F.);
#3610=ADVANCED_FACE('',(#1015,#79,#80,#81,#82,#83,#84,#85,#86,#87,#88,#89),
#143,.T.);
#3611=ADVANCED_FACE('',(#1016),#144,.T.);
#3612=ADVANCED_FACE('',(#1017),#145,.F.);
#3613=ADVANCED_FACE('',(#1018),#57,.T.);
#3614=ADVANCED_FACE('',(#1019),#58,.T.);
#3615=ADVANCED_FACE('',(#1020),#146,.T.);
#3616=ADVANCED_FACE('',(#1021),#59,.T.);
#3617=ADVANCED_FACE('',(#1022),#147,.T.);
#3618=ADVANCED_FACE('',(#1023),#148,.T.);
#3619=ADVANCED_FACE('',(#1024),#60,.T.);
#3620=ADVANCED_FACE('',(#1025),#149,.T.);
#3621=ADVANCED_FACE('',(#1026),#150,.T.);
#3622=ADVANCED_FACE('',(#1027),#151,.T.);
#3623=ADVANCED_FACE('',(#1028),#152,.T.);
#3624=ADVANCED_FACE('',(#1029),#153,.T.);
#3625=ADVANCED_FACE('',(#1030),#154,.T.);
#3626=ADVANCED_FACE('',(#1031),#155,.T.);
#3627=ADVANCED_FACE('',(#1032),#156,.T.);
#3628=ADVANCED_FACE('',(#1033),#157,.T.);
#3629=ADVANCED_FACE('',(#1034),#158,.F.);
#3630=ADVANCED_FACE('',(#1035),#872,.F.);
#3631=ADVANCED_FACE('',(#1036),#159,.F.);
#3632=ADVANCED_FACE('',(#1037),#873,.F.);
#3633=ADVANCED_FACE('',(#1038),#160,.F.);
#3634=ADVANCED_FACE('',(#1039),#874,.F.);
#3635=ADVANCED_FACE('',(#1040),#161,.F.);
#3636=ADVANCED_FACE('',(#1041),#875,.F.);
#3637=ADVANCED_FACE('',(#1042),#162,.F.);
#3638=ADVANCED_FACE('',(#1043),#876,.F.);
#3639=ADVANCED_FACE('',(#1044),#163,.F.);
#3640=ADVANCED_FACE('',(#1045),#877,.F.);
#3641=ADVANCED_FACE('',(#1046),#164,.F.);
#3642=ADVANCED_FACE('',(#1047),#878,.F.);
#3643=ADVANCED_FACE('',(#1048),#165,.F.);
#3644=ADVANCED_FACE('',(#1049),#879,.F.);
#3645=ADVANCED_FACE('',(#1050),#166,.F.);
#3646=ADVANCED_FACE('',(#1051),#880,.F.);
#3647=ADVANCED_FACE('',(#1052),#167,.F.);
#3648=ADVANCED_FACE('',(#1053),#881,.F.);
#3649=ADVANCED_FACE('',(#1054),#168,.F.);
#3650=ADVANCED_FACE('',(#1055),#882,.F.);
#3651=ADVANCED_FACE('',(#1056),#169,.F.);
#3652=ADVANCED_FACE('',(#1057),#883,.F.);
#3653=ADVANCED_FACE('',(#1058),#170,.F.);
#3654=ADVANCED_FACE('',(#1059),#884,.F.);
#3655=ADVANCED_FACE('',(#1060),#171,.F.);
#3656=ADVANCED_FACE('',(#1061),#885,.F.);
#3657=ADVANCED_FACE('',(#1062),#172,.F.);
#3658=ADVANCED_FACE('',(#1063),#886,.F.);
#3659=ADVANCED_FACE('',(#1064),#173,.F.);
#3660=ADVANCED_FACE('',(#1065),#887,.F.);
#3661=ADVANCED_FACE('',(#1066),#174,.F.);
#3662=ADVANCED_FACE('',(#1067),#888,.F.);
#3663=ADVANCED_FACE('',(#1068),#175,.F.);
#3664=ADVANCED_FACE('',(#1069),#889,.F.);
#3665=ADVANCED_FACE('',(#1070),#176,.F.);
#3666=ADVANCED_FACE('',(#1071),#890,.F.);
#3667=ADVANCED_FACE('',(#1072),#177,.F.);
#3668=ADVANCED_FACE('',(#1073),#891,.F.);
#3669=ADVANCED_FACE('',(#1074),#178,.F.);
#3670=ADVANCED_FACE('',(#1075),#892,.F.);
#3671=ADVANCED_FACE('',(#1076),#179,.F.);
#3672=ADVANCED_FACE('',(#1077),#893,.F.);
#3673=ADVANCED_FACE('',(#1078),#180,.F.);
#3674=ADVANCED_FACE('',(#1079),#894,.F.);
#3675=ADVANCED_FACE('',(#1080),#181,.F.);
#3676=ADVANCED_FACE('',(#1081),#895,.F.);
#3677=ADVANCED_FACE('',(#1082),#182,.F.);
#3678=ADVANCED_FACE('',(#1083),#896,.F.);
#3679=ADVANCED_FACE('',(#1084),#183,.F.);
#3680=ADVANCED_FACE('',(#1085),#897,.F.);
#3681=ADVANCED_FACE('',(#1086),#184,.F.);
#3682=ADVANCED_FACE('',(#1087),#898,.F.);
#3683=ADVANCED_FACE('',(#1088),#185,.F.);
#3684=ADVANCED_FACE('',(#1089),#899,.F.);
#3685=ADVANCED_FACE('',(#1090),#186,.F.);
#3686=ADVANCED_FACE('',(#1091),#900,.F.);
#3687=ADVANCED_FACE('',(#1092),#187,.F.);
#3688=ADVANCED_FACE('',(#1093),#901,.F.);
#3689=ADVANCED_FACE('',(#1094),#188,.F.);
#3690=ADVANCED_FACE('',(#1095),#902,.F.);
#3691=ADVANCED_FACE('',(#1096),#189,.F.);
#3692=ADVANCED_FACE('',(#1097),#903,.F.);
#3693=ADVANCED_FACE('',(#1098),#190,.F.);
#3694=ADVANCED_FACE('',(#1099),#904,.F.);
#3695=ADVANCED_FACE('',(#1100),#191,.F.);
#3696=ADVANCED_FACE('',(#1101),#905,.F.);
#3697=ADVANCED_FACE('',(#1102),#192,.F.);
#3698=ADVANCED_FACE('',(#1103),#906,.F.);
#3699=ADVANCED_FACE('',(#1104),#193,.F.);
#3700=ADVANCED_FACE('',(#1105),#907,.F.);
#3701=ADVANCED_FACE('',(#1106),#194,.T.);
#3702=ADVANCED_FACE('',(#1107),#195,.T.);
#3703=ADVANCED_FACE('',(#1108),#196,.T.);
#3704=ADVANCED_FACE('',(#1109),#197,.T.);
#3705=ADVANCED_FACE('',(#1110,#90,#91,#92,#93,#94,#95,#96,#97,#98,#99,#100),
#198,.F.);
#3706=CLOSED_SHELL('',(#3503,#3504,#3505,#3506,#3507,#3508,#3509,#3510,
#3511,#3512,#3513,#3514,#3515,#3516,#3517,#3518,#3519,#3520,#3521,#3522,
#3523,#3524,#3525,#3526,#3527,#3528,#3529,#3530,#3531,#3532,#3533,#3534,
#3535,#3536,#3537,#3538,#3539,#3540,#3541,#3542,#3543,#3544,#3545,#3546,
#3547,#3548,#3549,#3550,#3551,#3552,#3553,#3554,#3555));
#3707=CLOSED_SHELL('',(#3556,#3557,#3558,#3559,#3560,#3561,#3562,#3563,
#3564,#3565,#3566,#3567,#3568,#3569,#3570,#3571,#3572,#3573,#3574,#3575,
#3576,#3577,#3578,#3579,#3580,#3581,#3582,#3583,#3584,#3585,#3586,#3587,
#3588,#3589,#3590,#3591,#3592,#3593,#3594,#3595,#3596,#3597,#3598,#3599,
#3600,#3601,#3602,#3603,#3604,#3605,#3606,#3607,#3608,#3609,#3610,#3611,
#3612,#3613,#3614,#3615,#3616,#3617,#3618,#3619,#3620,#3621,#3622,#3623,
#3624,#3625,#3626,#3627,#3628,#3629,#3630,#3631,#3632,#3633,#3634,#3635,
#3636,#3637,#3638,#3639,#3640,#3641,#3642,#3643,#3644,#3645,#3646,#3647,
#3648,#3649,#3650,#3651,#3652,#3653,#3654,#3655,#3656,#3657,#3658,#3659,
#3660,#3661,#3662,#3663,#3664,#3665,#3666,#3667,#3668,#3669,#3670,#3671,
#3672,#3673,#3674,#3675,#3676,#3677,#3678,#3679,#3680,#3681,#3682,#3683,
#3684,#3685,#3686,#3687,#3688,#3689,#3690,#3691,#3692,#3693,#3694,#3695,
#3696,#3697,#3698,#3699,#3700,#3701,#3702,#3703,#3704,#3705));
#3708=DERIVED_UNIT_ELEMENT(#3710,1.);
#3709=DERIVED_UNIT_ELEMENT(#8011,-3.);
#3710=(
MASS_UNIT()
NAMED_UNIT(*)
SI_UNIT(.KILO.,.GRAM.)
);
#3711=DERIVED_UNIT((#3708,#3709));
#3712=MEASURE_REPRESENTATION_ITEM('density measure',
POSITIVE_RATIO_MEASURE(7850.),#3711);
#3713=PROPERTY_DEFINITION_REPRESENTATION(#3718,#3715);
#3714=PROPERTY_DEFINITION_REPRESENTATION(#3719,#3716);
#3715=REPRESENTATION('material name',(#3717),#8008);
#3716=REPRESENTATION('density',(#3712),#8008);
#3717=DESCRIPTIVE_REPRESENTATION_ITEM('Steel','Steel');
#3718=PROPERTY_DEFINITION('material property','material name',#8018);
#3719=PROPERTY_DEFINITION('material property','density of part',#8018);
#3720=AXIS2_PLACEMENT_3D('',#4985,#4032,#4033);
#3721=AXIS2_PLACEMENT_3D('',#4986,#4034,#4035);
#3722=AXIS2_PLACEMENT_3D('',#5000,#4036,#4037);
#3723=AXIS2_PLACEMENT_3D('',#5002,#4038,#4039);
#3724=AXIS2_PLACEMENT_3D('',#5003,#4040,#4041);
#3725=AXIS2_PLACEMENT_3D('',#5004,#4042,#4043);
#3726=AXIS2_PLACEMENT_3D('',#5007,#4044,#4045);
#3727=AXIS2_PLACEMENT_3D('',#5010,#4048,#4049);
#3728=AXIS2_PLACEMENT_3D('',#5023,#4050,#4051);
#3729=AXIS2_PLACEMENT_3D('',#5024,#4052,#4053);
#3730=AXIS2_PLACEMENT_3D('',#5025,#4054,#4055);
#3731=AXIS2_PLACEMENT_3D('',#5031,#4059,#4060);
#3732=AXIS2_PLACEMENT_3D('',#5034,#4062,#4063);
#3733=AXIS2_PLACEMENT_3D('',#5035,#4064,#4065);
#3734=AXIS2_PLACEMENT_3D('',#5037,#4066,#4067);
#3735=AXIS2_PLACEMENT_3D('',#5039,#4069,#4070);
#3736=AXIS2_PLACEMENT_3D('',#5049,#4076,#4077);
#3737=AXIS2_PLACEMENT_3D('',#5059,#4083,#4084);
#3738=AXIS2_PLACEMENT_3D('',#5068,#4089,#4090);
#3739=AXIS2_PLACEMENT_3D('',#5074,#4094,#4095);
#3740=AXIS2_PLACEMENT_3D('',#5080,#4099,#4100);
#3741=AXIS2_PLACEMENT_3D('',#5083,#4103,#4104);
#3742=AXIS2_PLACEMENT_3D('',#5089,#4108,#4109);
#3743=AXIS2_PLACEMENT_3D('',#5093,#4112,#4113);
#3744=AXIS2_PLACEMENT_3D('',#5098,#4115,#4116);
#3745=AXIS2_PLACEMENT_3D('',#5102,#4118,#4119);
#3746=AXIS2_PLACEMENT_3D('',#5106,#4121,#4122);
#3747=AXIS2_PLACEMENT_3D('',#5109,#4124,#4125);
#3748=AXIS2_PLACEMENT_3D('',#5110,#4126,#4127);
#3749=AXIS2_PLACEMENT_3D('',#5113,#4130,#4131);
#3750=AXIS2_PLACEMENT_3D('',#5116,#4133,#4134);
#3751=AXIS2_PLACEMENT_3D('',#5117,#4135,#4136);
#3752=AXIS2_PLACEMENT_3D('',#5121,#4139,#4140);
#3753=AXIS2_PLACEMENT_3D('',#5124,#4142,#4143);
#3754=AXIS2_PLACEMENT_3D('',#5125,#4144,#4145);
#3755=AXIS2_PLACEMENT_3D('',#5129,#4148,#4149);
#3756=AXIS2_PLACEMENT_3D('',#5132,#4151,#4152);
#3757=AXIS2_PLACEMENT_3D('',#5133,#4153,#4154);
#3758=AXIS2_PLACEMENT_3D('',#5137,#4157,#4158);
#3759=AXIS2_PLACEMENT_3D('',#5138,#4159,#4160);
#3760=AXIS2_PLACEMENT_3D('',#5139,#4161,#4162);
#3761=AXIS2_PLACEMENT_3D('',#5143,#4164,#4165);
#3762=AXIS2_PLACEMENT_3D('',#5145,#4167,#4168);
#3763=AXIS2_PLACEMENT_3D('',#5149,#4171,#4172);
#3764=AXIS2_PLACEMENT_3D('',#5150,#4173,#4174);
#3765=AXIS2_PLACEMENT_3D('',#5151,#4175,#4176);
#3766=AXIS2_PLACEMENT_3D('',#5160,#4181,#4182);
#3767=AXIS2_PLACEMENT_3D('',#5163,#4185,#4186);
#3768=AXIS2_PLACEMENT_3D('',#5166,#4189,#4190);
#3769=AXIS2_PLACEMENT_3D('',#5170,#4193,#4194);
#3770=AXIS2_PLACEMENT_3D('',#5172,#4196,#4197);
#3771=AXIS2_PLACEMENT_3D('',#5174,#4198,#4199);
#3772=AXIS2_PLACEMENT_3D('',#5176,#4200,#4201);
#3773=AXIS2_PLACEMENT_3D('',#5177,#4202,#4203);
#3774=AXIS2_PLACEMENT_3D('',#5179,#4204,#4205);
#3775=AXIS2_PLACEMENT_3D('',#5181,#4207,#4208);
#3776=AXIS2_PLACEMENT_3D('',#5184,#4210,#4211);
#3777=AXIS2_PLACEMENT_3D('',#5185,#4212,#4213);
#3778=AXIS2_PLACEMENT_3D('',#5186,#4214,#4215);
#3779=AXIS2_PLACEMENT_3D('',#5188,#4216,#4217);
#3780=AXIS2_PLACEMENT_3D('',#5190,#4218,#4219);
#3781=AXIS2_PLACEMENT_3D('',#5191,#4220,#4221);
#3782=AXIS2_PLACEMENT_3D('',#5193,#4222,#4223);
#3783=AXIS2_PLACEMENT_3D('',#5195,#4225,#4226);
#3784=AXIS2_PLACEMENT_3D('',#5198,#4228,#4229);
#3785=AXIS2_PLACEMENT_3D('',#5199,#4230,#4231);
#3786=AXIS2_PLACEMENT_3D('',#5200,#4232,#4233);
#3787=AXIS2_PLACEMENT_3D('',#5202,#4234,#4235);
#3788=AXIS2_PLACEMENT_3D('',#5204,#4236,#4237);
#3789=AXIS2_PLACEMENT_3D('',#5205,#4238,#4239);
#3790=AXIS2_PLACEMENT_3D('',#5207,#4240,#4241);
#3791=AXIS2_PLACEMENT_3D('',#5209,#4243,#4244);
#3792=AXIS2_PLACEMENT_3D('',#5212,#4246,#4247);
#3793=AXIS2_PLACEMENT_3D('',#5213,#4248,#4249);
#3794=AXIS2_PLACEMENT_3D('',#5214,#4250,#4251);
#3795=AXIS2_PLACEMENT_3D('',#5216,#4252,#4253);
#3796=AXIS2_PLACEMENT_3D('',#5218,#4254,#4255);
#3797=AXIS2_PLACEMENT_3D('',#5219,#4256,#4257);
#3798=AXIS2_PLACEMENT_3D('',#5221,#4258,#4259);
#3799=AXIS2_PLACEMENT_3D('',#5223,#4261,#4262);
#3800=AXIS2_PLACEMENT_3D('',#5226,#4264,#4265);
#3801=AXIS2_PLACEMENT_3D('',#5227,#4266,#4267);
#3802=AXIS2_PLACEMENT_3D('',#5228,#4268,#4269);
#3803=AXIS2_PLACEMENT_3D('',#5232,#4272,#4273);
#3804=AXIS2_PLACEMENT_3D('',#5233,#4274,#4275);
#3805=AXIS2_PLACEMENT_3D('',#5236,#4277,#4278);
#3806=AXIS2_PLACEMENT_3D('',#5237,#4279,#4280);
#3807=AXIS2_PLACEMENT_3D('',#5241,#4283,#4284);
#3808=AXIS2_PLACEMENT_3D('',#5242,#4285,#4286);
#3809=AXIS2_PLACEMENT_3D('',#5243,#4287,#4288);
#3810=AXIS2_PLACEMENT_3D('',#5296,#4289,#4290);
#3811=AXIS2_PLACEMENT_3D('',#5343,#4293,#4294);
#3812=AXIS2_PLACEMENT_3D('',#5388,#4295,#4296);
#3813=AXIS2_PLACEMENT_3D('',#5435,#4299,#4300);
#3814=AXIS2_PLACEMENT_3D('',#5480,#4301,#4302);
#3815=AXIS2_PLACEMENT_3D('',#5534,#4304,#4305);
#3816=AXIS2_PLACEMENT_3D('',#5581,#4308,#4309);
#3817=AXIS2_PLACEMENT_3D('',#5626,#4310,#4311);
#3818=AXIS2_PLACEMENT_3D('',#5673,#4314,#4315);
#3819=AXIS2_PLACEMENT_3D('',#5718,#4316,#4317);
#3820=AXIS2_PLACEMENT_3D('',#5772,#4319,#4320);
#3821=AXIS2_PLACEMENT_3D('',#5819,#4323,#4324);
#3822=AXIS2_PLACEMENT_3D('',#5864,#4325,#4326);
#3823=AXIS2_PLACEMENT_3D('',#5911,#4329,#4330);
#3824=AXIS2_PLACEMENT_3D('',#5956,#4331,#4332);
#3825=AXIS2_PLACEMENT_3D('',#6010,#4334,#4335);
#3826=AXIS2_PLACEMENT_3D('',#6057,#4338,#4339);
#3827=AXIS2_PLACEMENT_3D('',#6102,#4340,#4341);
#3828=AXIS2_PLACEMENT_3D('',#6149,#4344,#4345);
#3829=AXIS2_PLACEMENT_3D('',#6194,#4346,#4347);
#3830=AXIS2_PLACEMENT_3D('',#6248,#4349,#4350);
#3831=AXIS2_PLACEMENT_3D('',#6295,#4353,#4354);
#3832=AXIS2_PLACEMENT_3D('',#6340,#4355,#4356);
#3833=AXIS2_PLACEMENT_3D('',#6387,#4359,#4360);
#3834=AXIS2_PLACEMENT_3D('',#6432,#4361,#4362);
#3835=AXIS2_PLACEMENT_3D('',#6486,#4364,#4365);
#3836=AXIS2_PLACEMENT_3D('',#6533,#4368,#4369);
#3837=AXIS2_PLACEMENT_3D('',#6578,#4370,#4371);
#3838=AXIS2_PLACEMENT_3D('',#6625,#4374,#4375);
#3839=AXIS2_PLACEMENT_3D('',#6670,#4376,#4377);
#3840=AXIS2_PLACEMENT_3D('',#6724,#4379,#4380);
#3841=AXIS2_PLACEMENT_3D('',#6771,#4383,#4384);
#3842=AXIS2_PLACEMENT_3D('',#6816,#4385,#4386);
#3843=AXIS2_PLACEMENT_3D('',#6863,#4389,#4390);
#3844=AXIS2_PLACEMENT_3D('',#6908,#4391,#4392);
#3845=AXIS2_PLACEMENT_3D('',#6962,#4394,#4395);
#3846=AXIS2_PLACEMENT_3D('',#7009,#4398,#4399);
#3847=AXIS2_PLACEMENT_3D('',#7054,#4400,#4401);
#3848=AXIS2_PLACEMENT_3D('',#7101,#4404,#4405);
#3849=AXIS2_PLACEMENT_3D('',#7146,#4406,#4407);
#3850=AXIS2_PLACEMENT_3D('',#7186,#4410,#4411);
#3851=AXIS2_PLACEMENT_3D('',#7225,#4413,#4414);
#3852=AXIS2_PLACEMENT_3D('',#7226,#4415,#4416);
#3853=AXIS2_PLACEMENT_3D('',#7267,#4420,#4421);
#3854=AXIS2_PLACEMENT_3D('',#7306,#4423,#4424);
#3855=AXIS2_PLACEMENT_3D('',#7307,#4425,#4426);
#3856=AXIS2_PLACEMENT_3D('',#7310,#4429,#4430);
#3857=AXIS2_PLACEMENT_3D('',#7313,#4433,#4434);
#3858=AXIS2_PLACEMENT_3D('',#7319,#4438,#4439);
#3859=AXIS2_PLACEMENT_3D('',#7322,#4442,#4443);
#3860=AXIS2_PLACEMENT_3D('',#7328,#4447,#4448);
#3861=AXIS2_PLACEMENT_3D('',#7334,#4452,#4453);
#3862=AXIS2_PLACEMENT_3D('',#7340,#4457,#4458);
#3863=AXIS2_PLACEMENT_3D('',#7342,#4460,#4461);
#3864=AXIS2_PLACEMENT_3D('',#7344,#4463,#4464);
#3865=AXIS2_PLACEMENT_3D('',#7361,#4474,#4475);
#3866=AXIS2_PLACEMENT_3D('',#7365,#4477,#4478);
#3867=AXIS2_PLACEMENT_3D('',#7369,#4480,#4481);
#3868=AXIS2_PLACEMENT_3D('',#7372,#4483,#4484);
#3869=AXIS2_PLACEMENT_3D('',#7377,#4486,#4487);
#3870=AXIS2_PLACEMENT_3D('',#7381,#4489,#4490);
#3871=AXIS2_PLACEMENT_3D('',#7385,#4492,#4493);
#3872=AXIS2_PLACEMENT_3D('',#7388,#4495,#4496);
#3873=AXIS2_PLACEMENT_3D('',#7393,#4498,#4499);
#3874=AXIS2_PLACEMENT_3D('',#7397,#4501,#4502);
#3875=AXIS2_PLACEMENT_3D('',#7401,#4504,#4505);
#3876=AXIS2_PLACEMENT_3D('',#7404,#4507,#4508);
#3877=AXIS2_PLACEMENT_3D('',#7409,#4510,#4511);
#3878=AXIS2_PLACEMENT_3D('',#7413,#4513,#4514);
#3879=AXIS2_PLACEMENT_3D('',#7417,#4516,#4517);
#3880=AXIS2_PLACEMENT_3D('',#7420,#4519,#4520);
#3881=AXIS2_PLACEMENT_3D('',#7425,#4522,#4523);
#3882=AXIS2_PLACEMENT_3D('',#7429,#4525,#4526);
#3883=AXIS2_PLACEMENT_3D('',#7433,#4528,#4529);
#3884=AXIS2_PLACEMENT_3D('',#7436,#4531,#4532);
#3885=AXIS2_PLACEMENT_3D('',#7441,#4534,#4535);
#3886=AXIS2_PLACEMENT_3D('',#7445,#4537,#4538);
#3887=AXIS2_PLACEMENT_3D('',#7449,#4540,#4541);
#3888=AXIS2_PLACEMENT_3D('',#7452,#4543,#4544);
#3889=AXIS2_PLACEMENT_3D('',#7457,#4546,#4547);
#3890=AXIS2_PLACEMENT_3D('',#7461,#4549,#4550);
#3891=AXIS2_PLACEMENT_3D('',#7465,#4552,#4553);
#3892=AXIS2_PLACEMENT_3D('',#7468,#4555,#4556);
#3893=AXIS2_PLACEMENT_3D('',#7473,#4558,#4559);
#3894=AXIS2_PLACEMENT_3D('',#7477,#4561,#4562);
#3895=AXIS2_PLACEMENT_3D('',#7481,#4564,#4565);
#3896=AXIS2_PLACEMENT_3D('',#7484,#4567,#4568);
#3897=AXIS2_PLACEMENT_3D('',#7489,#4570,#4571);
#3898=AXIS2_PLACEMENT_3D('',#7493,#4573,#4574);
#3899=AXIS2_PLACEMENT_3D('',#7497,#4576,#4577);
#3900=AXIS2_PLACEMENT_3D('',#7500,#4579,#4580);
#3901=AXIS2_PLACEMENT_3D('',#7501,#4581,#4582);
#3902=AXIS2_PLACEMENT_3D('',#7503,#4584,#4585);
#3903=AXIS2_PLACEMENT_3D('',#7543,#4588,#4589);
#3904=AXIS2_PLACEMENT_3D('',#7582,#4591,#4592);
#3905=AXIS2_PLACEMENT_3D('',#7583,#4593,#4594);
#3906=AXIS2_PLACEMENT_3D('',#7623,#4597,#4598);
#3907=AXIS2_PLACEMENT_3D('',#7624,#4599,#4600);
#3908=AXIS2_PLACEMENT_3D('',#7626,#4602,#4603);
#3909=AXIS2_PLACEMENT_3D('',#7670,#4608,#4609);
#3910=AXIS2_PLACEMENT_3D('',#7671,#4610,#4611);
#3911=AXIS2_PLACEMENT_3D('',#7673,#4613,#4614);
#3912=AXIS2_PLACEMENT_3D('',#7675,#4616,#4617);
#3913=AXIS2_PLACEMENT_3D('',#7681,#4621,#4622);
#3914=AXIS2_PLACEMENT_3D('',#7687,#4626,#4627);
#3915=AXIS2_PLACEMENT_3D('',#7693,#4631,#4632);
#3916=AXIS2_PLACEMENT_3D('',#7695,#4634,#4635);
#3917=AXIS2_PLACEMENT_3D('',#7697,#4637,#4638);
#3918=AXIS2_PLACEMENT_3D('',#7699,#4640,#4641);
#3919=AXIS2_PLACEMENT_3D('',#7701,#4643,#4644);
#3920=AXIS2_PLACEMENT_3D('',#7707,#4648,#4649);
#3921=AXIS2_PLACEMENT_3D('',#7709,#4650,#4651);
#3922=AXIS2_PLACEMENT_3D('',#7711,#4653,#4654);
#3923=AXIS2_PLACEMENT_3D('',#7715,#4657,#4658);
#3924=AXIS2_PLACEMENT_3D('',#7717,#4659,#4660);
#3925=AXIS2_PLACEMENT_3D('',#7719,#4662,#4663);
#3926=AXIS2_PLACEMENT_3D('',#7723,#4666,#4667);
#3927=AXIS2_PLACEMENT_3D('',#7725,#4668,#4669);
#3928=AXIS2_PLACEMENT_3D('',#7727,#4671,#4672);
#3929=AXIS2_PLACEMENT_3D('',#7731,#4675,#4676);
#3930=AXIS2_PLACEMENT_3D('',#7732,#4677,#4678);
#3931=AXIS2_PLACEMENT_3D('',#7733,#4679,#4680);
#3932=AXIS2_PLACEMENT_3D('',#7739,#4684,#4685);
#3933=AXIS2_PLACEMENT_3D('',#7741,#4686,#4687);
#3934=AXIS2_PLACEMENT_3D('',#7743,#4689,#4690);
#3935=AXIS2_PLACEMENT_3D('',#7747,#4693,#4694);
#3936=AXIS2_PLACEMENT_3D('',#7749,#4695,#4696);
#3937=AXIS2_PLACEMENT_3D('',#7751,#4698,#4699);
#3938=AXIS2_PLACEMENT_3D('',#7755,#4702,#4703);
#3939=AXIS2_PLACEMENT_3D('',#7757,#4704,#4705);
#3940=AXIS2_PLACEMENT_3D('',#7759,#4707,#4708);
#3941=AXIS2_PLACEMENT_3D('',#7763,#4711,#4712);
#3942=AXIS2_PLACEMENT_3D('',#7764,#4713,#4714);
#3943=AXIS2_PLACEMENT_3D('',#7765,#4715,#4716);
#3944=AXIS2_PLACEMENT_3D('',#7771,#4720,#4721);
#3945=AXIS2_PLACEMENT_3D('',#7773,#4722,#4723);
#3946=AXIS2_PLACEMENT_3D('',#7775,#4725,#4726);
#3947=AXIS2_PLACEMENT_3D('',#7779,#4729,#4730);
#3948=AXIS2_PLACEMENT_3D('',#7781,#4731,#4732);
#3949=AXIS2_PLACEMENT_3D('',#7783,#4734,#4735);
#3950=AXIS2_PLACEMENT_3D('',#7787,#4738,#4739);
#3951=AXIS2_PLACEMENT_3D('',#7789,#4740,#4741);
#3952=AXIS2_PLACEMENT_3D('',#7791,#4743,#4744);
#3953=AXIS2_PLACEMENT_3D('',#7795,#4747,#4748);
#3954=AXIS2_PLACEMENT_3D('',#7796,#4749,#4750);
#3955=AXIS2_PLACEMENT_3D('',#7797,#4751,#4752);
#3956=AXIS2_PLACEMENT_3D('',#7803,#4756,#4757);
#3957=AXIS2_PLACEMENT_3D('',#7805,#4758,#4759);
#3958=AXIS2_PLACEMENT_3D('',#7807,#4761,#4762);
#3959=AXIS2_PLACEMENT_3D('',#7811,#4765,#4766);
#3960=AXIS2_PLACEMENT_3D('',#7813,#4767,#4768);
#3961=AXIS2_PLACEMENT_3D('',#7815,#4770,#4771);
#3962=AXIS2_PLACEMENT_3D('',#7819,#4774,#4775);
#3963=AXIS2_PLACEMENT_3D('',#7821,#4776,#4777);
#3964=AXIS2_PLACEMENT_3D('',#7823,#4779,#4780);
#3965=AXIS2_PLACEMENT_3D('',#7827,#4783,#4784);
#3966=AXIS2_PLACEMENT_3D('',#7828,#4785,#4786);
#3967=AXIS2_PLACEMENT_3D('',#7829,#4787,#4788);
#3968=AXIS2_PLACEMENT_3D('',#7835,#4792,#4793);
#3969=AXIS2_PLACEMENT_3D('',#7837,#4794,#4795);
#3970=AXIS2_PLACEMENT_3D('',#7839,#4797,#4798);
#3971=AXIS2_PLACEMENT_3D('',#7843,#4801,#4802);
#3972=AXIS2_PLACEMENT_3D('',#7845,#4803,#4804);
#3973=AXIS2_PLACEMENT_3D('',#7847,#4806,#4807);
#3974=AXIS2_PLACEMENT_3D('',#7851,#4810,#4811);
#3975=AXIS2_PLACEMENT_3D('',#7853,#4812,#4813);
#3976=AXIS2_PLACEMENT_3D('',#7855,#4815,#4816);
#3977=AXIS2_PLACEMENT_3D('',#7859,#4819,#4820);
#3978=AXIS2_PLACEMENT_3D('',#7860,#4821,#4822);
#3979=AXIS2_PLACEMENT_3D('',#7861,#4823,#4824);
#3980=AXIS2_PLACEMENT_3D('',#7867,#4828,#4829);
#3981=AXIS2_PLACEMENT_3D('',#7869,#4830,#4831);
#3982=AXIS2_PLACEMENT_3D('',#7871,#4833,#4834);
#3983=AXIS2_PLACEMENT_3D('',#7875,#4837,#4838);
#3984=AXIS2_PLACEMENT_3D('',#7877,#4839,#4840);
#3985=AXIS2_PLACEMENT_3D('',#7879,#4842,#4843);
#3986=AXIS2_PLACEMENT_3D('',#7883,#4846,#4847);
#3987=AXIS2_PLACEMENT_3D('',#7885,#4848,#4849);
#3988=AXIS2_PLACEMENT_3D('',#7887,#4851,#4852);
#3989=AXIS2_PLACEMENT_3D('',#7891,#4855,#4856);
#3990=AXIS2_PLACEMENT_3D('',#7892,#4857,#4858);
#3991=AXIS2_PLACEMENT_3D('',#7893,#4859,#4860);
#3992=AXIS2_PLACEMENT_3D('',#7899,#4864,#4865);
#3993=AXIS2_PLACEMENT_3D('',#7901,#4866,#4867);
#3994=AXIS2_PLACEMENT_3D('',#7903,#4869,#4870);
#3995=AXIS2_PLACEMENT_3D('',#7907,#4873,#4874);
#3996=AXIS2_PLACEMENT_3D('',#7909,#4875,#4876);
#3997=AXIS2_PLACEMENT_3D('',#7911,#4878,#4879);
#3998=AXIS2_PLACEMENT_3D('',#7915,#4882,#4883);
#3999=AXIS2_PLACEMENT_3D('',#7917,#4884,#4885);
#4000=AXIS2_PLACEMENT_3D('',#7919,#4887,#4888);
#4001=AXIS2_PLACEMENT_3D('',#7923,#4891,#4892);
#4002=AXIS2_PLACEMENT_3D('',#7924,#4893,#4894);
#4003=AXIS2_PLACEMENT_3D('',#7925,#4895,#4896);
#4004=AXIS2_PLACEMENT_3D('',#7931,#4900,#4901);
#4005=AXIS2_PLACEMENT_3D('',#7933,#4902,#4903);
#4006=AXIS2_PLACEMENT_3D('',#7935,#4905,#4906);
#4007=AXIS2_PLACEMENT_3D('',#7939,#4909,#4910);
#4008=AXIS2_PLACEMENT_3D('',#7941,#4911,#4912);
#4009=AXIS2_PLACEMENT_3D('',#7943,#4914,#4915);
#4010=AXIS2_PLACEMENT_3D('',#7947,#4918,#4919);
#4011=AXIS2_PLACEMENT_3D('',#7949,#4920,#4921);
#4012=AXIS2_PLACEMENT_3D('',#7951,#4923,#4924);
#4013=AXIS2_PLACEMENT_3D('',#7955,#4927,#4928);
#4014=AXIS2_PLACEMENT_3D('',#7956,#4929,#4930);
#4015=AXIS2_PLACEMENT_3D('',#7957,#4931,#4932);
#4016=AXIS2_PLACEMENT_3D('',#7963,#4936,#4937);
#4017=AXIS2_PLACEMENT_3D('',#7965,#4938,#4939);
#4018=AXIS2_PLACEMENT_3D('',#7967,#4941,#4942);
#4019=AXIS2_PLACEMENT_3D('',#7971,#4945,#4946);
#4020=AXIS2_PLACEMENT_3D('',#7973,#4947,#4948);
#4021=AXIS2_PLACEMENT_3D('',#7975,#4950,#4951);
#4022=AXIS2_PLACEMENT_3D('',#7979,#4954,#4955);
#4023=AXIS2_PLACEMENT_3D('',#7981,#4956,#4957);
#4024=AXIS2_PLACEMENT_3D('',#7983,#4959,#4960);
#4025=AXIS2_PLACEMENT_3D('',#7987,#4963,#4964);
#4026=AXIS2_PLACEMENT_3D('',#7988,#4965,#4966);
#4027=AXIS2_PLACEMENT_3D('',#7989,#4967,#4968);
#4028=AXIS2_PLACEMENT_3D('',#7995,#4972,#4973);
#4029=AXIS2_PLACEMENT_3D('',#7999,#4976,#4977);
#4030=AXIS2_PLACEMENT_3D('',#8003,#4980,#4981);
#4031=AXIS2_PLACEMENT_3D('',#8005,#4983,#4984);
#4032=DIRECTION('axis',(0.,0.,1.));
#4033=DIRECTION('refdir',(1.,0.,0.));
#4034=DIRECTION('center_axis',(0.,0.,1.));
#4035=DIRECTION('ref_axis',(1.,0.,0.));
#4036=DIRECTION('center_axis',(0.,0.,1.));
#4037=DIRECTION('ref_axis',(0.563221142836055,0.826306204903756,0.));
#4038=DIRECTION('center_axis',(1.,-4.44089209850062E-15,0.));
#4039=DIRECTION('ref_axis',(-4.44089209850062E-15,-1.,0.));
#4040=DIRECTION('center_axis',(0.,0.,-1.));
#4041=DIRECTION('ref_axis',(0.563221142836055,0.826306204903756,0.));
#4042=DIRECTION('center_axis',(-1.,1.38777878078145E-16,0.));
#4043=DIRECTION('ref_axis',(0.,-0.707106781186543,-0.707106781186553));
#4044=DIRECTION('center_axis',(1.,0.,0.));
#4045=DIRECTION('ref_axis',(0.,-1.,0.));
#4046=DIRECTION('',(1.,-1.38777878078145E-16,0.));
#4047=DIRECTION('',(-1.,1.38777878078145E-16,0.));
#4048=DIRECTION('center_axis',(0.,0.,1.));
#4049=DIRECTION('ref_axis',(1.,0.,0.));
#4050=DIRECTION('center_axis',(0.,0.,-1.));
#4051=DIRECTION('ref_axis',(-0.563221142836058,0.826306204903754,0.));
#4052=DIRECTION('center_axis',(0.,0.,1.));
#4053=DIRECTION('ref_axis',(-0.563221142836058,0.826306204903754,0.));
#4054=DIRECTION('center_axis',(1.38777878078145E-16,1.,0.));
#4055=DIRECTION('ref_axis',(-1.,1.38777878078145E-16,0.));
#4056=DIRECTION('',(0.,0.,1.));
#4057=DIRECTION('',(1.,-1.38777878078145E-16,0.));
#4058=DIRECTION('',(0.,0.,1.));
#4059=DIRECTION('center_axis',(0.,0.,1.));
#4060=DIRECTION('ref_axis',(4.4408920985006E-15,1.,0.));
#4061=DIRECTION('',(0.,0.,-1.));
#4062=DIRECTION('center_axis',(0.,0.,-1.));
#4063=DIRECTION('ref_axis',(4.4408920985006E-15,1.,0.));
#4064=DIRECTION('center_axis',(0.,0.,1.));
#4065=DIRECTION('ref_axis',(-1.,-1.80411241501588E-15,0.));
#4066=DIRECTION('center_axis',(0.,0.,-1.));
#4067=DIRECTION('ref_axis',(-1.,-1.80411241501588E-15,0.));
#4068=DIRECTION('',(0.,0.,1.));
#4069=DIRECTION('center_axis',(0.,0.,-1.));
#4070=DIRECTION('ref_axis',(-1.,0.,0.));
#4071=DIRECTION('',(1.,0.,0.));
#4072=DIRECTION('',(0.,1.,0.));
#4073=DIRECTION('',(-1.,0.,0.));
#4074=DIRECTION('',(0.,1.,0.));
#4075=DIRECTION('',(1.,0.,0.));
#4076=DIRECTION('center_axis',(0.,0.,-1.));
#4077=DIRECTION('ref_axis',(-1.,0.,0.));
#4078=DIRECTION('',(-1.,0.,0.));
#4079=DIRECTION('',(0.,1.,0.));
#4080=DIRECTION('',(-1.,0.,0.));
#4081=DIRECTION('',(0.,1.,0.));
#4082=DIRECTION('',(-1.,0.,0.));
#4083=DIRECTION('center_axis',(0.,0.707106781186552,0.707106781186543));
#4084=DIRECTION('ref_axis',(1.,0.,0.));
#4085=DIRECTION('',(-1.,0.,0.));
#4086=DIRECTION('',(0.577350269189625,-0.577350269189622,0.57735026918963));
#4087=DIRECTION('',(1.,0.,0.));
#4088=DIRECTION('',(-0.577350269189622,-0.577350269189624,0.577350269189632));
#4089=DIRECTION('center_axis',(0.707106781186548,0.707106781186548,0.));
#4090=DIRECTION('ref_axis',(0.,0.,-1.));
#4091=DIRECTION('',(0.,0.,-1.));
#4092=DIRECTION('',(0.,0.,1.));
#4093=DIRECTION('',(0.577350269189623,-0.577350269189623,-0.577350269189632));
#4094=DIRECTION('center_axis',(-5.71635603889722E-17,0.70710678118655,-0.707106781186545));
#4095=DIRECTION('ref_axis',(-1.,0.,8.08414823756182E-17));
#4096=DIRECTION('',(-1.,0.,8.08414823756182E-17));
#4097=DIRECTION('',(1.,0.,-8.08414823756182E-17));
#4098=DIRECTION('',(-0.577350269189622,-0.577350269189625,-0.57735026918963));
#4099=DIRECTION('center_axis',(-0.707106781186549,0.707106781186546,2.27549631693301E-16));
#4100=DIRECTION('ref_axis',(3.21803775253669E-16,0.,1.));
#4101=DIRECTION('',(3.21803775253669E-16,0.,1.));
#4102=DIRECTION('',(-3.21803775253669E-16,0.,-1.));
#4103=DIRECTION('center_axis',(1.,0.,-3.21803775253669E-16));
#4104=DIRECTION('ref_axis',(-3.21803775253669E-16,0.,-1.));
#4105=DIRECTION('',(0.,-1.,0.));
#4106=DIRECTION('',(3.21803775253669E-16,0.,1.));
#4107=DIRECTION('',(0.,-1.,0.));
#4108=DIRECTION('center_axis',(0.,0.,-1.));
#4109=DIRECTION('ref_axis',(-1.,0.,0.));
#4110=DIRECTION('',(0.,1.,0.));
#4111=DIRECTION('',(1.,0.,0.));
#4112=DIRECTION('center_axis',(0.,1.,0.));
#4113=DIRECTION('ref_axis',(1.,0.,0.));
#4114=DIRECTION('',(1.,0.,0.));
#4115=DIRECTION('center_axis',(0.,-1.,0.));
#4116=DIRECTION('ref_axis',(-2.77555756156289E-16,0.,-1.));
#4117=DIRECTION('',(0.,0.,-1.));
#4118=DIRECTION('center_axis',(0.,-1.,0.));
#4119=DIRECTION('ref_axis',(-1.,0.,0.));
#4120=DIRECTION('',(-1.,0.,8.08414823756182E-17));
#4121=DIRECTION('center_axis',(0.,-1.,0.));
#4122=DIRECTION('ref_axis',(-4.44089209850065E-15,0.,1.));
#4123=DIRECTION('',(3.21803775253669E-16,0.,1.));
#4124=DIRECTION('center_axis',(0.,-1.,0.));
#4125=DIRECTION('ref_axis',(1.,0.,8.88178419700133E-15));
#4126=DIRECTION('center_axis',(0.,0.707106781186548,-0.707106781186547));
#4127=DIRECTION('ref_axis',(-1.,0.,0.));
#4128=DIRECTION('',(0.,-0.707106781186547,-0.707106781186548));
#4129=DIRECTION('',(-2.61682076447296E-16,0.707106781186547,0.707106781186548));
#4130=DIRECTION('center_axis',(0.,-1.,0.));
#4131=DIRECTION('ref_axis',(1.,0.,8.88178419700134E-15));
#4132=DIRECTION('',(0.707106781186548,-0.707106781186547,8.37382644631346E-15));
#4133=DIRECTION('center_axis',(0.,1.,0.));
#4134=DIRECTION('ref_axis',(1.,0.,8.88178419700134E-15));
#4135=DIRECTION('center_axis',(0.707106781186547,0.707106781186548,-2.275496316933E-16));
#4136=DIRECTION('ref_axis',(-3.21803775253669E-16,0.,-1.));
#4137=DIRECTION('',(0.707106781186544,-0.707106781186551,5.23364152894594E-16));
#4138=DIRECTION('',(-3.21803775253669E-16,0.,-1.));
#4139=DIRECTION('center_axis',(0.,-1.,0.));
#4140=DIRECTION('ref_axis',(-4.44089209850065E-15,0.,1.));
#4141=DIRECTION('',(-4.18691322315674E-15,-0.707106781186548,0.707106781186547));
#4142=DIRECTION('center_axis',(0.,1.,0.));
#4143=DIRECTION('ref_axis',(-4.44089209850065E-15,0.,1.));
#4144=DIRECTION('center_axis',(5.71635603889725E-17,0.707106781186546,0.707106781186549));
#4145=DIRECTION('ref_axis',(1.,0.,-8.08414823756182E-17));
#4146=DIRECTION('',(-1.30841038223648E-16,-0.707106781186549,0.707106781186546));
#4147=DIRECTION('',(1.,0.,-8.08414823756182E-17));
#4148=DIRECTION('center_axis',(0.,-1.,0.));
#4149=DIRECTION('ref_axis',(-1.,0.,0.));
#4150=DIRECTION('',(-0.707106781186548,-0.707106781186548,0.));
#4151=DIRECTION('center_axis',(0.,1.,0.));
#4152=DIRECTION('ref_axis',(-1.,0.,0.));
#4153=DIRECTION('center_axis',(-0.707106781186548,0.707106781186547,0.));
#4154=DIRECTION('ref_axis',(0.,0.,1.));
#4155=DIRECTION('',(-0.707106781186546,-0.707106781186549,0.));
#4156=DIRECTION('',(0.,0.,1.));
#4157=DIRECTION('center_axis',(0.,-1.,0.));
#4158=DIRECTION('ref_axis',(-2.77555756156289E-16,0.,-1.));
#4159=DIRECTION('center_axis',(0.,1.,0.));
#4160=DIRECTION('ref_axis',(-2.77555756156289E-16,0.,-1.));
#4161=DIRECTION('center_axis',(0.,1.,0.));
#4162=DIRECTION('ref_axis',(-1.,0.,0.));
#4163=DIRECTION('',(0.,1.,0.));
#4164=DIRECTION('center_axis',(0.,1.,0.));
#4165=DIRECTION('ref_axis',(-1.,0.,0.));
#4166=DIRECTION('',(0.,1.,0.));
#4167=DIRECTION('center_axis',(-1.,0.,0.));
#4168=DIRECTION('ref_axis',(0.,0.,1.));
#4169=DIRECTION('',(0.,1.,0.));
#4170=DIRECTION('',(0.,0.,1.));
#4171=DIRECTION('center_axis',(0.,1.,0.));
#4172=DIRECTION('ref_axis',(-2.77555756156289E-16,0.,-1.));
#4173=DIRECTION('center_axis',(0.,1.,0.));
#4174=DIRECTION('ref_axis',(-2.77555756156289E-16,0.,-1.));
#4175=DIRECTION('center_axis',(0.,0.,1.));
#4176=DIRECTION('ref_axis',(1.,0.,0.));
#4177=DIRECTION('',(1.,0.,0.));
#4178=DIRECTION('',(0.,1.,0.));
#4179=DIRECTION('',(1.,0.,0.));
#4180=DIRECTION('',(0.,1.,0.));
#4181=DIRECTION('center_axis',(-1.,0.,0.));
#4182=DIRECTION('ref_axis',(0.,0.,1.));
#4183=DIRECTION('',(0.,0.,1.));
#4184=DIRECTION('',(0.,0.,1.));
#4185=DIRECTION('center_axis',(1.,0.,0.));
#4186=DIRECTION('ref_axis',(0.,0.,-1.));
#4187=DIRECTION('',(0.,0.,-1.));
#4188=DIRECTION('',(0.,0.,-1.));
#4189=DIRECTION('center_axis',(0.,1.,0.));
#4190=DIRECTION('ref_axis',(0.,0.,1.));
#4191=DIRECTION('',(0.,0.,-1.));
#4192=DIRECTION('',(-1.,0.,8.08414823756182E-17));
#4193=DIRECTION('center_axis',(-1.,0.,0.));
#4194=DIRECTION('ref_axis',(0.,0.,1.));
#4195=DIRECTION('',(0.,-1.,0.));
#4196=DIRECTION('center_axis',(0.,1.,0.));
#4197=DIRECTION('ref_axis',(0.,0.,-1.));
#4198=DIRECTION('center_axis',(0.,1.,0.));
#4199=DIRECTION('ref_axis',(0.,0.,-1.));
#4200=DIRECTION('center_axis',(0.,1.,0.));
#4201=DIRECTION('ref_axis',(0.,0.,-1.));
#4202=DIRECTION('center_axis',(0.,1.,0.));
#4203=DIRECTION('ref_axis',(0.,0.,-1.));
#4204=DIRECTION('center_axis',(0.,1.,0.));
#4205=DIRECTION('ref_axis',(0.,0.,-1.));
#4206=DIRECTION('',(0.,1.,0.));
#4207=DIRECTION('center_axis',(0.,1.,0.));
#4208=DIRECTION('ref_axis',(0.,0.,-1.));
#4209=DIRECTION('',(0.,1.,0.));
#4210=DIRECTION('center_axis',(0.,1.,0.));
#4211=DIRECTION('ref_axis',(0.,0.,-1.));
#4212=DIRECTION('center_axis',(0.,1.,0.));
#4213=DIRECTION('ref_axis',(0.,0.,-1.));
#4214=DIRECTION('center_axis',(0.,1.,0.));
#4215=DIRECTION('ref_axis',(0.,0.,-1.));
#4216=DIRECTION('center_axis',(0.,1.,0.));
#4217=DIRECTION('ref_axis',(0.,0.,-1.));
#4218=DIRECTION('center_axis',(0.,1.,0.));
#4219=DIRECTION('ref_axis',(0.,0.,-1.));
#4220=DIRECTION('center_axis',(0.,1.,0.));
#4221=DIRECTION('ref_axis',(0.,0.,-1.));
#4222=DIRECTION('center_axis',(0.,1.,0.));
#4223=DIRECTION('ref_axis',(0.,0.,-1.));
#4224=DIRECTION('',(0.,1.,0.));
#4225=DIRECTION('center_axis',(0.,1.,0.));
#4226=DIRECTION('ref_axis',(0.,0.,-1.));
#4227=DIRECTION('',(0.,1.,0.));
#4228=DIRECTION('center_axis',(0.,1.,0.));
#4229=DIRECTION('ref_axis',(0.,0.,-1.));
#4230=DIRECTION('center_axis',(0.,1.,0.));
#4231=DIRECTION('ref_axis',(0.,0.,-1.));
#4232=DIRECTION('center_axis',(0.,1.,0.));
#4233=DIRECTION('ref_axis',(0.,0.,-1.));
#4234=DIRECTION('center_axis',(0.,1.,0.));
#4235=DIRECTION('ref_axis',(0.,0.,-1.));
#4236=DIRECTION('center_axis',(0.,1.,0.));
#4237=DIRECTION('ref_axis',(0.,0.,-1.));
#4238=DIRECTION('center_axis',(0.,1.,0.));
#4239=DIRECTION('ref_axis',(0.,0.,-1.));
#4240=DIRECTION('center_axis',(0.,1.,0.));
#4241=DIRECTION('ref_axis',(0.,0.,-1.));
#4242=DIRECTION('',(0.,1.,0.));
#4243=DIRECTION('center_axis',(0.,1.,0.));
#4244=DIRECTION('ref_axis',(0.,0.,-1.));
#4245=DIRECTION('',(0.,1.,0.));
#4246=DIRECTION('center_axis',(0.,1.,0.));
#4247=DIRECTION('ref_axis',(0.,0.,-1.));
#4248=DIRECTION('center_axis',(0.,1.,0.));
#4249=DIRECTION('ref_axis',(0.,0.,-1.));
#4250=DIRECTION('center_axis',(0.,1.,0.));
#4251=DIRECTION('ref_axis',(0.,0.,-1.));
#4252=DIRECTION('center_axis',(0.,1.,0.));
#4253=DIRECTION('ref_axis',(0.,0.,-1.));
#4254=DIRECTION('center_axis',(0.,1.,0.));
#4255=DIRECTION('ref_axis',(0.,0.,-1.));
#4256=DIRECTION('center_axis',(0.,1.,0.));
#4257=DIRECTION('ref_axis',(0.,0.,-1.));
#4258=DIRECTION('center_axis',(0.,1.,0.));
#4259=DIRECTION('ref_axis',(0.,0.,-1.));
#4260=DIRECTION('',(0.,1.,0.));
#4261=DIRECTION('center_axis',(0.,1.,0.));
#4262=DIRECTION('ref_axis',(0.,0.,-1.));
#4263=DIRECTION('',(0.,1.,0.));
#4264=DIRECTION('center_axis',(0.,1.,0.));
#4265=DIRECTION('ref_axis',(0.,0.,-1.));
#4266=DIRECTION('center_axis',(0.,1.,0.));
#4267=DIRECTION('ref_axis',(0.,0.,-1.));
#4268=DIRECTION('center_axis',(8.08414823756182E-17,0.,1.));
#4269=DIRECTION('ref_axis',(1.,0.,-8.08414823756182E-17));
#4270=DIRECTION('',(1.,0.,-8.08414823756182E-17));
#4271=DIRECTION('',(0.,1.,0.));
#4272=DIRECTION('center_axis',(8.08414823756182E-17,0.,1.));
#4273=DIRECTION('ref_axis',(1.,0.,-8.08414823756182E-17));
#4274=DIRECTION('center_axis',(0.,1.,0.));
#4275=DIRECTION('ref_axis',(1.,0.,8.88178419700134E-15));
#4276=DIRECTION('',(0.,1.,0.));
#4277=DIRECTION('center_axis',(0.,1.,0.));
#4278=DIRECTION('ref_axis',(1.,0.,8.88178419700134E-15));
#4279=DIRECTION('center_axis',(1.,0.,-3.21803775253669E-16));
#4280=DIRECTION('ref_axis',(-3.21803775253669E-16,0.,-1.));
#4281=DIRECTION('',(0.,1.,0.));
#4282=DIRECTION('',(3.21803775253669E-16,0.,1.));
#4283=DIRECTION('center_axis',(0.,1.,0.));
#4284=DIRECTION('ref_axis',(-4.44089209850065E-15,0.,1.));
#4285=DIRECTION('center_axis',(0.,1.,0.));
#4286=DIRECTION('ref_axis',(-4.44089209850065E-15,0.,1.));
#4287=DIRECTION('center_axis',(0.,1.,0.));
#4288=DIRECTION('ref_axis',(1.,0.,0.));
#4289=DIRECTION('center_axis',(0.,1.,0.));
#4290=DIRECTION('ref_axis',(0.707106781186539,0.,0.707106781186556));
#4291=DIRECTION('',(0.70710678118654,0.707106781186555,0.));
#4292=DIRECTION('',(0.,-0.707106781186543,-0.707106781186552));
#4293=DIRECTION('center_axis',(0.,1.,0.));
#4294=DIRECTION('ref_axis',(0.707106781186539,0.,0.707106781186556));
#4295=DIRECTION('center_axis',(0.,0.,1.));
#4296=DIRECTION('ref_axis',(0.707106781186532,0.707106781186563,0.));
#4297=DIRECTION('',(0.,-0.707106781186543,-0.707106781186552));
#4298=DIRECTION('',(0.707106781186547,0.,-0.707106781186547));
#4299=DIRECTION('center_axis',(0.,0.,1.));
#4300=DIRECTION('ref_axis',(0.707106781186532,0.707106781186563,0.));
#4301=DIRECTION('center_axis',(1.,0.,0.));
#4302=DIRECTION('ref_axis',(0.,0.707106781186538,0.707106781186557));
#4303=DIRECTION('',(0.707106781186547,0.,-0.707106781186547));
#4304=DIRECTION('center_axis',(0.,1.,0.));
#4305=DIRECTION('ref_axis',(0.707106781186548,0.,-0.707106781186548));
#4306=DIRECTION('',(0.,0.707106781186543,-0.707106781186552));
#4307=DIRECTION('',(-0.70710678118654,-0.707106781186555,0.));
#4308=DIRECTION('center_axis',(0.,1.,0.));
#4309=DIRECTION('ref_axis',(0.707106781186548,0.,-0.707106781186548));
#4310=DIRECTION('center_axis',(1.,0.,0.));
#4311=DIRECTION('ref_axis',(0.,0.707106781186513,-0.707106781186582));
#4312=DIRECTION('',(-0.70710678118654,-0.707106781186555,0.));
#4313=DIRECTION('',(-0.707106781186547,0.,-0.707106781186547));
#4314=DIRECTION('center_axis',(1.,0.,0.));
#4315=DIRECTION('ref_axis',(0.,0.707106781186513,-0.707106781186582));
#4316=DIRECTION('center_axis',(0.,0.,-1.));
#4317=DIRECTION('ref_axis',(0.707106781186532,0.707106781186563,0.));
#4318=DIRECTION('',(-0.707106781186547,0.,-0.707106781186547));
#4319=DIRECTION('center_axis',(0.,0.,1.));
#4320=DIRECTION('ref_axis',(-0.707106781186551,0.707106781186544,0.));
#4321=DIRECTION('',(0.707106781186541,0.,0.707106781186554));
#4322=DIRECTION('',(0.,0.707106781186543,0.707106781186552));
#4323=DIRECTION('center_axis',(0.,0.,1.));
#4324=DIRECTION('ref_axis',(-0.707106781186551,0.707106781186544,0.));
#4325=DIRECTION('center_axis',(0.,1.,0.));
#4326=DIRECTION('ref_axis',(-0.707106781186541,0.,0.707106781186554));
#4327=DIRECTION('',(0.,0.707106781186543,0.707106781186552));
#4328=DIRECTION('',(0.707106781186549,-0.707106781186546,0.));
#4329=DIRECTION('center_axis',(0.,1.,0.));
#4330=DIRECTION('ref_axis',(-0.707106781186541,0.,0.707106781186554));
#4331=DIRECTION('center_axis',(-1.,0.,0.));
#4332=DIRECTION('ref_axis',(0.,0.707106781186538,0.707106781186557));
#4333=DIRECTION('',(0.707106781186549,-0.707106781186546,0.));
#4334=DIRECTION('center_axis',(0.,1.,0.));
#4335=DIRECTION('ref_axis',(-0.707106781186549,0.,-0.707106781186545));
#4336=DIRECTION('',(-0.707106781186549,0.707106781186546,0.));
#4337=DIRECTION('',(0.,-0.707106781186543,0.707106781186552));
#4338=DIRECTION('center_axis',(0.,1.,0.));
#4339=DIRECTION('ref_axis',(-0.707106781186549,0.,-0.707106781186545));
#4340=DIRECTION('center_axis',(0.,0.,-1.));
#4341=DIRECTION('ref_axis',(-0.707106781186544,0.707106781186551,0.));
#4342=DIRECTION('',(0.,-0.707106781186543,0.707106781186552));
#4343=DIRECTION('',(-0.707106781186569,0.,0.707106781186526));
#4344=DIRECTION('center_axis',(0.,0.,-1.));
#4345=DIRECTION('ref_axis',(-0.707106781186544,0.707106781186551,0.));
#4346=DIRECTION('center_axis',(-1.,0.,0.));
#4347=DIRECTION('ref_axis',(0.,0.707106781186563,-0.707106781186532));
#4348=DIRECTION('',(-0.707106781186569,0.,0.707106781186526));
#4349=DIRECTION('center_axis',(0.,1.,0.));
#4350=DIRECTION('ref_axis',(-0.707106781186539,0.,0.707106781186556));
#4351=DIRECTION('',(0.,0.707106781186543,0.707106781186552));
#4352=DIRECTION('',(0.707106781186552,-0.707106781186543,0.));
#4353=DIRECTION('center_axis',(0.,1.,0.));
#4354=DIRECTION('ref_axis',(-0.707106781186539,0.,0.707106781186556));
#4355=DIRECTION('center_axis',(-1.,0.,-1.09899002644789E-15));
#4356=DIRECTION('ref_axis',(-5.02505470834576E-14,0.707106781186538,0.707106781186557));
#4357=DIRECTION('',(0.707106781186552,-0.707106781186543,0.));
#4358=DIRECTION('',(0.707106781186547,0.,0.707106781186547));
#4359=DIRECTION('center_axis',(-1.,0.,-1.09899002644789E-15));
#4360=DIRECTION('ref_axis',(-5.02505470834576E-14,0.707106781186538,0.707106781186557));
#4361=DIRECTION('center_axis',(-4.93432455388959E-15,0.,1.));
#4362=DIRECTION('ref_axis',(-0.707106781186557,0.707106781186538,0.));
#4363=DIRECTION('',(0.707106781186547,0.,0.707106781186547));
#4364=DIRECTION('center_axis',(0.,1.,0.));
#4365=DIRECTION('ref_axis',(0.707106781186548,0.,0.707106781186548));
#4366=DIRECTION('',(0.70710678118654,0.707106781186555,0.));
#4367=DIRECTION('',(0.,-0.707106781186543,-0.707106781186552));
#4368=DIRECTION('center_axis',(0.,1.,0.));
#4369=DIRECTION('ref_axis',(0.707106781186548,0.,0.707106781186548));
#4370=DIRECTION('center_axis',(-4.93432455388959E-15,0.,1.));
#4371=DIRECTION('ref_axis',(0.707106781186535,0.70710678118656,0.));
#4372=DIRECTION('',(0.,-0.707106781186543,-0.707106781186552));
#4373=DIRECTION('',(0.707106781186548,0.,-0.707106781186548));
#4374=DIRECTION('center_axis',(-4.93432455388959E-15,0.,1.));
#4375=DIRECTION('ref_axis',(0.707106781186535,0.70710678118656,0.));
#4376=DIRECTION('center_axis',(1.,0.,9.34141522480709E-15));
#4377=DIRECTION('ref_axis',(0.,0.707106781186535,0.70710678118656));
#4378=DIRECTION('',(0.707106781186548,0.,-0.707106781186548));
#4379=DIRECTION('center_axis',(0.,1.,0.));
#4380=DIRECTION('ref_axis',(-0.707106781186548,0.,-0.707106781186548));
#4381=DIRECTION('',(-0.707106781186552,0.707106781186543,0.));
#4382=DIRECTION('',(0.,-0.707106781186543,0.707106781186552));
#4383=DIRECTION('center_axis',(0.,1.,0.));
#4384=DIRECTION('ref_axis',(-0.707106781186548,0.,-0.707106781186548));
#4385=DIRECTION('center_axis',(1.0449157878825E-14,0.,-1.));
#4386=DIRECTION('ref_axis',(-0.707106781186554,0.707106781186541,0.));
#4387=DIRECTION('',(0.,-0.707106781186543,0.707106781186552));
#4388=DIRECTION('',(-0.707106781186573,0.,0.707106781186522));
#4389=DIRECTION('center_axis',(1.0449157878825E-14,0.,-1.));
#4390=DIRECTION('ref_axis',(-0.707106781186554,0.707106781186541,0.));
#4391=DIRECTION('center_axis',(-1.,0.,-1.09899002644789E-15));
#4392=DIRECTION('ref_axis',(0.,0.707106781186516,-0.707106781186579));
#4393=DIRECTION('',(-0.707106781186573,0.,0.707106781186522));
#4394=DIRECTION('center_axis',(0.,1.,0.));
#4395=DIRECTION('ref_axis',(0.707106781186539,0.,-0.707106781186556));
#4396=DIRECTION('',(0.,0.707106781186543,-0.707106781186552));
#4397=DIRECTION('',(-0.70710678118654,-0.707106781186555,0.));
#4398=DIRECTION('center_axis',(0.,1.,0.));
#4399=DIRECTION('ref_axis',(0.707106781186539,0.,-0.707106781186556));
#4400=DIRECTION('center_axis',(1.,0.,9.34141522480709E-15));
#4401=DIRECTION('ref_axis',(0.,0.707106781186516,-0.707106781186579));
#4402=DIRECTION('',(-0.70710678118654,-0.707106781186555,0.));
#4403=DIRECTION('',(-0.70710678118656,0.,-0.707106781186535));
#4404=DIRECTION('center_axis',(1.,0.,9.34141522480709E-15));
#4405=DIRECTION('ref_axis',(0.,0.707106781186516,-0.707106781186579));
#4406=DIRECTION('center_axis',(1.0449157878825E-14,0.,-1.));
#4407=DIRECTION('ref_axis',(0.707106781186554,0.707106781186541,0.));
#4408=DIRECTION('',(-0.70710678118656,0.,-0.707106781186535));
#4409=DIRECTION('',(0.,0.707106781186543,-0.707106781186552));
#4410=DIRECTION('center_axis',(1.0449157878825E-14,0.,-1.));
#4411=DIRECTION('ref_axis',(0.707106781186554,0.707106781186541,0.));
#4412=DIRECTION('',(-0.707106781186552,0.707106781186543,0.));
#4413=DIRECTION('center_axis',(-1.,0.,-1.09899002644789E-15));
#4414=DIRECTION('ref_axis',(0.,0.707106781186516,-0.707106781186579));
#4415=DIRECTION('center_axis',(-7.38867039380596E-15,0.707106781186552,
0.707106781186543));
#4416=DIRECTION('ref_axis',(1.,0.,1.0449157878825E-14));
#4417=DIRECTION('',(1.,0.,1.0449157878825E-14));
#4418=DIRECTION('',(-1.,0.,-1.0449157878825E-14));
#4419=DIRECTION('',(0.70710678118654,0.707106781186555,0.));
#4420=DIRECTION('center_axis',(1.,0.,9.34141522480709E-15));
#4421=DIRECTION('ref_axis',(0.,0.707106781186535,0.70710678118656));
#4422=DIRECTION('',(0.,0.707106781186543,0.707106781186552));
#4423=DIRECTION('center_axis',(-4.93432455388959E-15,0.,1.));
#4424=DIRECTION('ref_axis',(-0.707106781186557,0.707106781186538,0.));
#4425=DIRECTION('center_axis',(0.707106781186543,0.707106781186552,7.77103300157679E-16));
#4426=DIRECTION('ref_axis',(1.09899002644789E-15,0.,-1.));
#4427=DIRECTION('',(-1.09899002644789E-15,0.,1.));
#4428=DIRECTION('',(1.09899002644789E-15,0.,-1.));
#4429=DIRECTION('center_axis',(3.48909435263059E-15,0.707106781186552,-0.707106781186543));
#4430=DIRECTION('ref_axis',(-1.,0.,-4.93432455388959E-15));
#4431=DIRECTION('',(-1.,0.,-4.93432455388959E-15));
#4432=DIRECTION('',(1.,0.,4.93432455388959E-15));
#4433=DIRECTION('center_axis',(0.707106781186548,0.,-0.707106781186548));
#4434=DIRECTION('ref_axis',(-0.707106781186548,0.,-0.707106781186548));
#4435=DIRECTION('',(-0.707106781186548,0.,-0.707106781186548));
#4436=DIRECTION('',(0.,1.,0.));
#4437=DIRECTION('',(0.,-1.,0.));
#4438=DIRECTION('center_axis',(-0.707106781186555,0.70710678118654,-6.60537805134043E-15));
#4439=DIRECTION('ref_axis',(-9.34141522480709E-15,0.,1.));
#4440=DIRECTION('',(9.34141522480709E-15,0.,-1.));
#4441=DIRECTION('',(-9.34141522480709E-15,0.,1.));
#4442=DIRECTION('center_axis',(-0.707106781186548,0.,-0.707106781186548));
#4443=DIRECTION('ref_axis',(-0.707106781186548,0.,0.707106781186548));
#4444=DIRECTION('',(-0.707106781186548,0.,0.707106781186548));
#4445=DIRECTION('',(0.,1.,0.));
#4446=DIRECTION('',(0.,-1.,0.));
#4447=DIRECTION('center_axis',(0.707106781186522,0.,0.707106781186573));
#4448=DIRECTION('ref_axis',(0.707106781186573,0.,-0.707106781186522));
#4449=DIRECTION('',(0.707106781186573,0.,-0.707106781186522));
#4450=DIRECTION('',(0.,1.,0.));
#4451=DIRECTION('',(0.,-1.,0.));
#4452=DIRECTION('center_axis',(-0.707106781186535,0.,0.70710678118656));
#4453=DIRECTION('ref_axis',(0.70710678118656,0.,0.707106781186535));
#4454=DIRECTION('',(0.70710678118656,0.,0.707106781186535));
#4455=DIRECTION('',(0.,1.,0.));
#4456=DIRECTION('',(0.,-1.,0.));
#4457=DIRECTION('center_axis',(4.93432455388959E-15,0.,-1.));
#4458=DIRECTION('ref_axis',(-1.,0.,-4.93432455388959E-15));
#4459=DIRECTION('',(-1.,0.,-2.75879301725045E-15));
#4460=DIRECTION('center_axis',(1.,0.,9.34141522480709E-15));
#4461=DIRECTION('ref_axis',(9.34141522480709E-15,0.,-1.));
#4462=DIRECTION('',(9.34141522480709E-15,0.,-1.));
#4463=DIRECTION('center_axis',(0.,1.,0.));
#4464=DIRECTION('ref_axis',(0.,0.,1.));
#4465=DIRECTION('',(1.,0.,0.));
#4466=DIRECTION('',(0.,0.,-1.));
#4467=DIRECTION('',(-1.,0.,0.));
#4468=DIRECTION('',(0.,0.,1.));
#4469=DIRECTION('',(1.,0.,0.));
#4470=DIRECTION('',(0.,0.,1.));
#4471=DIRECTION('',(-1.,0.,0.));
#4472=DIRECTION('',(0.,0.,-1.));
#4473=DIRECTION('',(1.,0.,0.));
#4474=DIRECTION('center_axis',(0.,-1.,0.));
#4475=DIRECTION('ref_axis',(1.,0.,0.));
#4476=DIRECTION('',(-6.83214169000096E-16,0.,1.));
#4477=DIRECTION('center_axis',(0.,-1.,0.));
#4478=DIRECTION('ref_axis',(0.,0.,1.));
#4479=DIRECTION('',(-1.,0.,0.));
#4480=DIRECTION('center_axis',(0.,-1.,0.));
#4481=DIRECTION('ref_axis',(-1.,0.,0.));
#4482=DIRECTION('',(6.83214169000096E-16,0.,-1.));
#4483=DIRECTION('center_axis',(0.,-1.,0.));
#4484=DIRECTION('ref_axis',(0.,0.,-1.));
#4485=DIRECTION('',(1.,0.,0.));
#4486=DIRECTION('center_axis',(0.,-1.,0.));
#4487=DIRECTION('ref_axis',(1.,0.,0.));
#4488=DIRECTION('',(0.,0.,1.));
#4489=DIRECTION('center_axis',(0.,-1.,0.));
#4490=DIRECTION('ref_axis',(0.,0.,1.));
#4491=DIRECTION('',(-1.,0.,1.70803542250024E-16));
#4492=DIRECTION('center_axis',(0.,-1.,0.));
#4493=DIRECTION('ref_axis',(-1.,0.,0.));
#4494=DIRECTION('',(3.41607084500048E-16,0.,-1.));
#4495=DIRECTION('center_axis',(0.,-1.,0.));
#4496=DIRECTION('ref_axis',(0.,0.,-1.));
#4497=DIRECTION('',(1.,0.,0.));
#4498=DIRECTION('center_axis',(0.,-1.,0.));
#4499=DIRECTION('ref_axis',(1.,0.,0.));
#4500=DIRECTION('',(3.41607084500048E-16,0.,1.));
#4501=DIRECTION('center_axis',(0.,-1.,0.));
#4502=DIRECTION('ref_axis',(0.,0.,1.));
#4503=DIRECTION('',(-1.,0.,-3.41607084500048E-16));
#4504=DIRECTION('center_axis',(0.,-1.,0.));
#4505=DIRECTION('ref_axis',(-1.,0.,0.));
#4506=DIRECTION('',(3.41607084500048E-16,0.,-1.));
#4507=DIRECTION('center_axis',(0.,-1.,0.));
#4508=DIRECTION('ref_axis',(0.,0.,-1.));
#4509=DIRECTION('',(1.,0.,0.));
#4510=DIRECTION('center_axis',(0.,-1.,0.));
#4511=DIRECTION('ref_axis',(1.,0.,0.));
#4512=DIRECTION('',(-6.83214169000095E-16,0.,1.));
#4513=DIRECTION('center_axis',(0.,-1.,0.));
#4514=DIRECTION('ref_axis',(0.,0.,1.));
#4515=DIRECTION('',(-1.,0.,0.));
#4516=DIRECTION('center_axis',(0.,-1.,0.));
#4517=DIRECTION('ref_axis',(-1.,0.,0.));
#4518=DIRECTION('',(0.,0.,-1.));
#4519=DIRECTION('center_axis',(0.,-1.,0.));
#4520=DIRECTION('ref_axis',(0.,0.,-1.));
#4521=DIRECTION('',(1.,0.,0.));
#4522=DIRECTION('center_axis',(0.,-1.,0.));
#4523=DIRECTION('ref_axis',(1.,0.,0.));
#4524=DIRECTION('',(0.,0.,1.));
#4525=DIRECTION('center_axis',(0.,-1.,0.));
#4526=DIRECTION('ref_axis',(0.,0.,1.));
#4527=DIRECTION('',(-1.,0.,0.));
#4528=DIRECTION('center_axis',(0.,-1.,0.));
#4529=DIRECTION('ref_axis',(-1.,0.,8.88178419700113E-15));
#4530=DIRECTION('',(0.,0.,-1.));
#4531=DIRECTION('center_axis',(0.,-1.,0.));
#4532=DIRECTION('ref_axis',(0.,0.,-1.));
#4533=DIRECTION('',(1.,0.,0.));
#4534=DIRECTION('center_axis',(0.,-1.,0.));
#4535=DIRECTION('ref_axis',(1.,0.,0.));
#4536=DIRECTION('',(0.,0.,1.));
#4537=DIRECTION('center_axis',(0.,-1.,0.));
#4538=DIRECTION('ref_axis',(0.,0.,1.));
#4539=DIRECTION('',(-1.,0.,0.));
#4540=DIRECTION('center_axis',(0.,-1.,0.));
#4541=DIRECTION('ref_axis',(-1.,0.,0.));
#4542=DIRECTION('',(0.,0.,-1.));
#4543=DIRECTION('center_axis',(0.,-1.,0.));
#4544=DIRECTION('ref_axis',(0.,0.,-1.));
#4545=DIRECTION('',(1.,0.,0.));
#4546=DIRECTION('center_axis',(0.,-1.,0.));
#4547=DIRECTION('ref_axis',(1.,0.,0.));
#4548=DIRECTION('',(0.,0.,1.));
#4549=DIRECTION('center_axis',(0.,-1.,0.));
#4550=DIRECTION('ref_axis',(0.,0.,1.));
#4551=DIRECTION('',(-1.,0.,0.));
#4552=DIRECTION('center_axis',(0.,-1.,0.));
#4553=DIRECTION('ref_axis',(-1.,0.,0.));
#4554=DIRECTION('',(1.70803542250024E-16,0.,-1.));
#4555=DIRECTION('center_axis',(0.,-1.,0.));
#4556=DIRECTION('ref_axis',(0.,0.,-1.));
#4557=DIRECTION('',(1.,0.,-6.83214169000096E-16));
#4558=DIRECTION('center_axis',(0.,-1.,0.));
#4559=DIRECTION('ref_axis',(1.,0.,0.));
#4560=DIRECTION('',(0.,0.,1.));
#4561=DIRECTION('center_axis',(0.,-1.,0.));
#4562=DIRECTION('ref_axis',(0.,0.,1.));
#4563=DIRECTION('',(-1.,0.,-3.41607084500048E-16));
#4564=DIRECTION('center_axis',(0.,-1.,0.));
#4565=DIRECTION('ref_axis',(-1.,0.,0.));
#4566=DIRECTION('',(0.,0.,-1.));
#4567=DIRECTION('center_axis',(0.,-1.,0.));
#4568=DIRECTION('ref_axis',(0.,0.,-1.));
#4569=DIRECTION('',(1.,0.,0.));
#4570=DIRECTION('center_axis',(0.,-1.,0.));
#4571=DIRECTION('ref_axis',(1.,0.,0.));
#4572=DIRECTION('',(0.,0.,1.));
#4573=DIRECTION('center_axis',(0.,-1.,0.));
#4574=DIRECTION('ref_axis',(0.,0.,1.));
#4575=DIRECTION('',(-1.,0.,0.));
#4576=DIRECTION('center_axis',(0.,-1.,0.));
#4577=DIRECTION('ref_axis',(-1.,0.,0.));
#4578=DIRECTION('',(0.,0.,-1.));
#4579=DIRECTION('center_axis',(0.,-1.,0.));
#4580=DIRECTION('ref_axis',(0.,0.,-1.));
#4581=DIRECTION('center_axis',(-1.0449157878825E-14,0.,1.));
#4582=DIRECTION('ref_axis',(1.,0.,1.0449157878825E-14));
#4583=DIRECTION('',(1.,0.,9.65577556037647E-15));
#4584=DIRECTION('center_axis',(-1.,0.,-1.09899002644789E-15));
#4585=DIRECTION('ref_axis',(-1.09899002644789E-15,0.,1.));
#4586=DIRECTION('',(-1.09899002644789E-15,0.,1.));
#4587=DIRECTION('',(-0.707106781186549,0.707106781186546,0.));
#4588=DIRECTION('center_axis',(-1.,0.,0.));
#4589=DIRECTION('ref_axis',(0.,0.707106781186563,-0.707106781186532));
#4590=DIRECTION('',(0.707106781186541,0.,0.707106781186554));
#4591=DIRECTION('center_axis',(-1.,0.,0.));
#4592=DIRECTION('ref_axis',(0.,0.707106781186538,0.707106781186557));
#4593=DIRECTION('center_axis',(0.707106781186546,0.707106781186549,0.));
#4594=DIRECTION('ref_axis',(0.,0.,-1.));
#4595=DIRECTION('',(0.,0.,-1.));
#4596=DIRECTION('',(0.,0.707106781186543,-0.707106781186552));
#4597=DIRECTION('center_axis',(0.,0.,-1.));
#4598=DIRECTION('ref_axis',(0.707106781186532,0.707106781186563,0.));
#4599=DIRECTION('center_axis',(0.,0.707106781186552,0.707106781186543));
#4600=DIRECTION('ref_axis',(1.,0.,0.));
#4601=DIRECTION('',(1.,0.,0.));
#4602=DIRECTION('center_axis',(-0.707106781186548,0.,0.707106781186548));
#4603=DIRECTION('ref_axis',(0.707106781186548,0.,0.707106781186548));
#4604=DIRECTION('',(0.707106781186548,0.,0.707106781186548));
#4605=DIRECTION('',(0.,1.,0.));
#4606=DIRECTION('',(0.,-1.,0.));
#4607=DIRECTION('',(0.70710678118654,0.707106781186555,0.));
#4608=DIRECTION('center_axis',(1.,0.,0.));
#4609=DIRECTION('ref_axis',(0.,0.707106781186538,0.707106781186557));
#4610=DIRECTION('center_axis',(0.,0.707106781186552,-0.707106781186543));
#4611=DIRECTION('ref_axis',(-1.,0.,0.));
#4612=DIRECTION('',(-1.,0.,0.));
#4613=DIRECTION('center_axis',(-0.707106781186555,0.70710678118654,0.));
#4614=DIRECTION('ref_axis',(0.,0.,1.));
#4615=DIRECTION('',(0.,0.,1.));
#4616=DIRECTION('center_axis',(-0.707106781186548,0.,-0.707106781186548));
#4617=DIRECTION('ref_axis',(-0.707106781186548,0.,0.707106781186548));
#4618=DIRECTION('',(-0.707106781186548,0.,0.707106781186548));
#4619=DIRECTION('',(0.,1.,0.));
#4620=DIRECTION('',(0.,-1.,0.));
#4621=DIRECTION('center_axis',(0.707106781186554,0.,-0.707106781186541));
#4622=DIRECTION('ref_axis',(-0.707106781186541,0.,-0.707106781186554));
#4623=DIRECTION('',(-0.707106781186541,0.,-0.707106781186554));
#4624=DIRECTION('',(0.,1.,0.));
#4625=DIRECTION('',(0.,-1.,0.));
#4626=DIRECTION('center_axis',(0.707106781186526,0.,0.70710678118657));
#4627=DIRECTION('ref_axis',(0.707106781186569,0.,-0.707106781186525));
#4628=DIRECTION('',(0.707106781186569,0.,-0.707106781186525));
#4629=DIRECTION('',(0.,1.,0.));
#4630=DIRECTION('',(0.,-1.,0.));
#4631=DIRECTION('center_axis',(-1.,0.,0.));
#4632=DIRECTION('ref_axis',(0.,0.,1.));
#4633=DIRECTION('',(0.,0.,1.));
#4634=DIRECTION('center_axis',(0.,0.,1.));
#4635=DIRECTION('ref_axis',(1.,0.,0.));
#4636=DIRECTION('',(1.,0.,0.));
#4637=DIRECTION('center_axis',(0.,0.,-1.));
#4638=DIRECTION('ref_axis',(-1.,0.,0.));
#4639=DIRECTION('',(-1.,0.,0.));
#4640=DIRECTION('center_axis',(1.,0.,0.));
#4641=DIRECTION('ref_axis',(0.,0.,-1.));
#4642=DIRECTION('',(1.64477485129653E-16,0.,-1.));
#4643=DIRECTION('center_axis',(0.,0.,1.));
#4644=DIRECTION('ref_axis',(1.,0.,0.));
#4645=DIRECTION('',(0.,1.,0.));
#4646=DIRECTION('',(1.,0.,0.));
#4647=DIRECTION('',(0.,1.,0.));
#4648=DIRECTION('center_axis',(0.,1.,0.));
#4649=DIRECTION('ref_axis',(-1.,0.,0.));
#4650=DIRECTION('center_axis',(0.,1.,0.));
#4651=DIRECTION('ref_axis',(-1.,0.,0.));
#4652=DIRECTION('',(0.,1.,0.));
#4653=DIRECTION('center_axis',(-1.,0.,0.));
#4654=DIRECTION('ref_axis',(0.,0.,1.));
#4655=DIRECTION('',(0.,0.,1.));
#4656=DIRECTION('',(0.,1.,0.));
#4657=DIRECTION('center_axis',(0.,1.,0.));
#4658=DIRECTION('ref_axis',(0.,0.,-1.));
#4659=DIRECTION('center_axis',(0.,1.,0.));
#4660=DIRECTION('ref_axis',(0.,0.,-1.));
#4661=DIRECTION('',(0.,1.,0.));
#4662=DIRECTION('center_axis',(0.,0.,-1.));
#4663=DIRECTION('ref_axis',(-1.,0.,0.));
#4664=DIRECTION('',(-1.,0.,0.));
#4665=DIRECTION('',(0.,1.,0.));
#4666=DIRECTION('center_axis',(0.,1.,0.));
#4667=DIRECTION('ref_axis',(1.,0.,0.));
#4668=DIRECTION('center_axis',(0.,1.,0.));
#4669=DIRECTION('ref_axis',(1.,0.,0.));
#4670=DIRECTION('',(0.,1.,0.));
#4671=DIRECTION('center_axis',(1.,0.,0.));
#4672=DIRECTION('ref_axis',(0.,0.,-1.));
#4673=DIRECTION('',(0.,0.,-1.));
#4674=DIRECTION('',(0.,1.,0.));
#4675=DIRECTION('center_axis',(0.,1.,0.));
#4676=DIRECTION('ref_axis',(0.,0.,1.));
#4677=DIRECTION('center_axis',(0.,1.,0.));
#4678=DIRECTION('ref_axis',(0.,0.,1.));
#4679=DIRECTION('center_axis',(-3.41607084500048E-16,0.,1.));
#4680=DIRECTION('ref_axis',(1.,0.,3.41607084500048E-16));
#4681=DIRECTION('',(0.,1.,0.));
#4682=DIRECTION('',(1.,0.,3.41607084500048E-16));
#4683=DIRECTION('',(0.,1.,0.));
#4684=DIRECTION('center_axis',(0.,1.,0.));
#4685=DIRECTION('ref_axis',(-1.,0.,0.));
#4686=DIRECTION('center_axis',(0.,1.,0.));
#4687=DIRECTION('ref_axis',(-1.,0.,0.));
#4688=DIRECTION('',(0.,1.,0.));
#4689=DIRECTION('center_axis',(-1.,0.,0.));
#4690=DIRECTION('ref_axis',(0.,0.,1.));
#4691=DIRECTION('',(0.,0.,1.));
#4692=DIRECTION('',(0.,1.,0.));
#4693=DIRECTION('center_axis',(0.,1.,0.));
#4694=DIRECTION('ref_axis',(0.,0.,-1.));
#4695=DIRECTION('center_axis',(0.,1.,0.));
#4696=DIRECTION('ref_axis',(0.,0.,-1.));
#4697=DIRECTION('',(0.,1.,0.));
#4698=DIRECTION('center_axis',(-6.83214169000096E-16,0.,-1.));
#4699=DIRECTION('ref_axis',(-1.,0.,6.83214169000096E-16));
#4700=DIRECTION('',(-1.,0.,6.83214169000096E-16));
#4701=DIRECTION('',(0.,1.,0.));
#4702=DIRECTION('center_axis',(0.,1.,0.));
#4703=DIRECTION('ref_axis',(1.,0.,0.));
#4704=DIRECTION('center_axis',(0.,1.,0.));
#4705=DIRECTION('ref_axis',(1.,0.,0.));
#4706=DIRECTION('',(0.,1.,0.));
#4707=DIRECTION('center_axis',(1.,0.,0.));
#4708=DIRECTION('ref_axis',(0.,0.,-1.));
#4709=DIRECTION('',(0.,0.,-1.));
#4710=DIRECTION('',(0.,1.,0.));
#4711=DIRECTION('center_axis',(0.,1.,0.));
#4712=DIRECTION('ref_axis',(0.,0.,1.));
#4713=DIRECTION('center_axis',(0.,1.,0.));
#4714=DIRECTION('ref_axis',(0.,0.,1.));
#4715=DIRECTION('center_axis',(0.,0.,1.));
#4716=DIRECTION('ref_axis',(1.,0.,0.));
#4717=DIRECTION('',(0.,1.,0.));
#4718=DIRECTION('',(1.,0.,0.));
#4719=DIRECTION('',(0.,1.,0.));
#4720=DIRECTION('center_axis',(0.,1.,0.));
#4721=DIRECTION('ref_axis',(-1.,0.,0.));
#4722=DIRECTION('center_axis',(0.,1.,0.));
#4723=DIRECTION('ref_axis',(-1.,0.,0.));
#4724=DIRECTION('',(0.,1.,0.));
#4725=DIRECTION('center_axis',(-1.,0.,-1.70803542250024E-16));
#4726=DIRECTION('ref_axis',(-1.70803542250024E-16,0.,1.));
#4727=DIRECTION('',(-1.70803542250024E-16,0.,1.));
#4728=DIRECTION('',(0.,1.,0.));
#4729=DIRECTION('center_axis',(0.,1.,0.));
#4730=DIRECTION('ref_axis',(0.,0.,-1.));
#4731=DIRECTION('center_axis',(0.,1.,0.));
#4732=DIRECTION('ref_axis',(0.,0.,-1.));
#4733=DIRECTION('',(0.,1.,0.));
#4734=DIRECTION('center_axis',(0.,0.,-1.));
#4735=DIRECTION('ref_axis',(-1.,0.,0.));
#4736=DIRECTION('',(-1.,0.,0.));
#4737=DIRECTION('',(0.,1.,0.));
#4738=DIRECTION('center_axis',(0.,1.,0.));
#4739=DIRECTION('ref_axis',(1.,0.,0.));
#4740=DIRECTION('center_axis',(0.,1.,0.));
#4741=DIRECTION('ref_axis',(1.,0.,0.));
#4742=DIRECTION('',(0.,1.,0.));
#4743=DIRECTION('center_axis',(1.,0.,0.));
#4744=DIRECTION('ref_axis',(0.,0.,-1.));
#4745=DIRECTION('',(0.,0.,-1.));
#4746=DIRECTION('',(0.,1.,0.));
#4747=DIRECTION('center_axis',(0.,1.,0.));
#4748=DIRECTION('ref_axis',(0.,0.,1.));
#4749=DIRECTION('center_axis',(0.,1.,0.));
#4750=DIRECTION('ref_axis',(0.,0.,1.));
#4751=DIRECTION('center_axis',(0.,0.,1.));
#4752=DIRECTION('ref_axis',(1.,0.,0.));
#4753=DIRECTION('',(0.,1.,0.));
#4754=DIRECTION('',(1.,0.,0.));
#4755=DIRECTION('',(0.,1.,0.));
#4756=DIRECTION('center_axis',(0.,1.,0.));
#4757=DIRECTION('ref_axis',(-1.,0.,0.));
#4758=DIRECTION('center_axis',(0.,1.,0.));
#4759=DIRECTION('ref_axis',(-1.,0.,0.));
#4760=DIRECTION('',(0.,1.,0.));
#4761=DIRECTION('center_axis',(-1.,0.,0.));
#4762=DIRECTION('ref_axis',(0.,0.,1.));
#4763=DIRECTION('',(0.,0.,1.));
#4764=DIRECTION('',(0.,1.,0.));
#4765=DIRECTION('center_axis',(0.,1.,0.));
#4766=DIRECTION('ref_axis',(0.,0.,-1.));
#4767=DIRECTION('center_axis',(0.,1.,0.));
#4768=DIRECTION('ref_axis',(0.,0.,-1.));
#4769=DIRECTION('',(0.,1.,0.));
#4770=DIRECTION('center_axis',(0.,0.,-1.));
#4771=DIRECTION('ref_axis',(-1.,0.,0.));
#4772=DIRECTION('',(-1.,0.,0.));
#4773=DIRECTION('',(0.,1.,0.));
#4774=DIRECTION('center_axis',(0.,1.,0.));
#4775=DIRECTION('ref_axis',(1.,0.,0.));
#4776=DIRECTION('center_axis',(0.,1.,0.));
#4777=DIRECTION('ref_axis',(1.,0.,0.));
#4778=DIRECTION('',(0.,1.,0.));
#4779=DIRECTION('center_axis',(1.,0.,0.));
#4780=DIRECTION('ref_axis',(0.,0.,-1.));
#4781=DIRECTION('',(0.,0.,-1.));
#4782=DIRECTION('',(0.,1.,0.));
#4783=DIRECTION('center_axis',(0.,1.,0.));
#4784=DIRECTION('ref_axis',(0.,0.,1.));
#4785=DIRECTION('center_axis',(0.,1.,0.));
#4786=DIRECTION('ref_axis',(0.,0.,1.));
#4787=DIRECTION('center_axis',(0.,0.,1.));
#4788=DIRECTION('ref_axis',(1.,0.,0.));
#4789=DIRECTION('',(0.,1.,0.));
#4790=DIRECTION('',(1.,0.,0.));
#4791=DIRECTION('',(0.,1.,0.));
#4792=DIRECTION('center_axis',(0.,1.,0.));
#4793=DIRECTION('ref_axis',(-1.,0.,8.88178419700113E-15));
#4794=DIRECTION('center_axis',(0.,1.,0.));
#4795=DIRECTION('ref_axis',(-1.,0.,8.88178419700113E-15));
#4796=DIRECTION('',(0.,1.,0.));
#4797=DIRECTION('center_axis',(-1.,0.,0.));
#4798=DIRECTION('ref_axis',(0.,0.,1.));
#4799=DIRECTION('',(0.,0.,1.));
#4800=DIRECTION('',(0.,1.,0.));
#4801=DIRECTION('center_axis',(0.,1.,0.));
#4802=DIRECTION('ref_axis',(0.,0.,-1.));
#4803=DIRECTION('center_axis',(0.,1.,0.));
#4804=DIRECTION('ref_axis',(0.,0.,-1.));
#4805=DIRECTION('',(0.,1.,0.));
#4806=DIRECTION('center_axis',(0.,0.,-1.));
#4807=DIRECTION('ref_axis',(-1.,0.,0.));
#4808=DIRECTION('',(-1.,0.,0.));
#4809=DIRECTION('',(0.,1.,0.));
#4810=DIRECTION('center_axis',(0.,1.,0.));
#4811=DIRECTION('ref_axis',(1.,0.,0.));
#4812=DIRECTION('center_axis',(0.,1.,0.));
#4813=DIRECTION('ref_axis',(1.,0.,0.));
#4814=DIRECTION('',(0.,1.,0.));
#4815=DIRECTION('center_axis',(1.,0.,0.));
#4816=DIRECTION('ref_axis',(0.,0.,-1.));
#4817=DIRECTION('',(0.,0.,-1.));
#4818=DIRECTION('',(0.,1.,0.));
#4819=DIRECTION('center_axis',(0.,1.,0.));
#4820=DIRECTION('ref_axis',(0.,0.,1.));
#4821=DIRECTION('center_axis',(0.,1.,0.));
#4822=DIRECTION('ref_axis',(0.,0.,1.));
#4823=DIRECTION('center_axis',(0.,0.,1.));
#4824=DIRECTION('ref_axis',(1.,0.,0.));
#4825=DIRECTION('',(0.,1.,0.));
#4826=DIRECTION('',(1.,0.,0.));
#4827=DIRECTION('',(0.,1.,0.));
#4828=DIRECTION('center_axis',(0.,1.,0.));
#4829=DIRECTION('ref_axis',(-1.,0.,0.));
#4830=DIRECTION('center_axis',(0.,1.,0.));
#4831=DIRECTION('ref_axis',(-1.,0.,0.));
#4832=DIRECTION('',(0.,1.,0.));
#4833=DIRECTION('center_axis',(-1.,0.,0.));
#4834=DIRECTION('ref_axis',(0.,0.,1.));
#4835=DIRECTION('',(0.,0.,1.));
#4836=DIRECTION('',(0.,1.,0.));
#4837=DIRECTION('center_axis',(0.,1.,0.));
#4838=DIRECTION('ref_axis',(0.,0.,-1.));
#4839=DIRECTION('center_axis',(0.,1.,0.));
#4840=DIRECTION('ref_axis',(0.,0.,-1.));
#4841=DIRECTION('',(0.,1.,0.));
#4842=DIRECTION('center_axis',(0.,0.,-1.));
#4843=DIRECTION('ref_axis',(-1.,0.,0.));
#4844=DIRECTION('',(-1.,0.,0.));
#4845=DIRECTION('',(0.,1.,0.));
#4846=DIRECTION('center_axis',(0.,1.,0.));
#4847=DIRECTION('ref_axis',(1.,0.,0.));
#4848=DIRECTION('center_axis',(0.,1.,0.));
#4849=DIRECTION('ref_axis',(1.,0.,0.));
#4850=DIRECTION('',(0.,1.,0.));
#4851=DIRECTION('center_axis',(1.,0.,6.83214169000095E-16));
#4852=DIRECTION('ref_axis',(6.83214169000095E-16,0.,-1.));
#4853=DIRECTION('',(6.83214169000095E-16,0.,-1.));
#4854=DIRECTION('',(0.,1.,0.));
#4855=DIRECTION('center_axis',(0.,1.,0.));
#4856=DIRECTION('ref_axis',(0.,0.,1.));
#4857=DIRECTION('center_axis',(0.,1.,0.));
#4858=DIRECTION('ref_axis',(0.,0.,1.));
#4859=DIRECTION('center_axis',(-3.41607084500048E-16,0.,1.));
#4860=DIRECTION('ref_axis',(1.,0.,3.41607084500048E-16));
#4861=DIRECTION('',(0.,1.,0.));
#4862=DIRECTION('',(1.,0.,3.41607084500048E-16));
#4863=DIRECTION('',(0.,1.,0.));
#4864=DIRECTION('center_axis',(0.,1.,0.));
#4865=DIRECTION('ref_axis',(-1.,0.,0.));
#4866=DIRECTION('center_axis',(0.,1.,0.));
#4867=DIRECTION('ref_axis',(-1.,0.,0.));
#4868=DIRECTION('',(0.,1.,0.));
#4869=DIRECTION('center_axis',(-1.,0.,-3.41607084500048E-16));
#4870=DIRECTION('ref_axis',(-3.41607084500048E-16,0.,1.));
#4871=DIRECTION('',(-3.41607084500048E-16,0.,1.));
#4872=DIRECTION('',(0.,1.,0.));
#4873=DIRECTION('center_axis',(0.,1.,0.));
#4874=DIRECTION('ref_axis',(0.,0.,-1.));
#4875=DIRECTION('center_axis',(0.,1.,0.));
#4876=DIRECTION('ref_axis',(0.,0.,-1.));
#4877=DIRECTION('',(0.,1.,0.));
#4878=DIRECTION('center_axis',(0.,0.,-1.));
#4879=DIRECTION('ref_axis',(-1.,0.,0.));
#4880=DIRECTION('',(-1.,0.,0.));
#4881=DIRECTION('',(0.,1.,0.));
#4882=DIRECTION('center_axis',(0.,1.,0.));
#4883=DIRECTION('ref_axis',(1.,0.,0.));
#4884=DIRECTION('center_axis',(0.,1.,0.));
#4885=DIRECTION('ref_axis',(1.,0.,0.));
#4886=DIRECTION('',(0.,1.,0.));
#4887=DIRECTION('center_axis',(1.,0.,-3.41607084500048E-16));
#4888=DIRECTION('ref_axis',(-3.41607084500048E-16,0.,-1.));
#4889=DIRECTION('',(-3.41607084500048E-16,0.,-1.));
#4890=DIRECTION('',(0.,1.,0.));
#4891=DIRECTION('center_axis',(0.,1.,0.));
#4892=DIRECTION('ref_axis',(0.,0.,1.));
#4893=DIRECTION('center_axis',(0.,1.,0.));
#4894=DIRECTION('ref_axis',(0.,0.,1.));
#4895=DIRECTION('center_axis',(1.70803542250024E-16,0.,1.));
#4896=DIRECTION('ref_axis',(1.,0.,-1.70803542250024E-16));
#4897=DIRECTION('',(0.,1.,0.));
#4898=DIRECTION('',(1.,0.,-1.70803542250024E-16));
#4899=DIRECTION('',(0.,1.,0.));
#4900=DIRECTION('center_axis',(0.,1.,0.));
#4901=DIRECTION('ref_axis',(-1.,0.,0.));
#4902=DIRECTION('center_axis',(0.,1.,0.));
#4903=DIRECTION('ref_axis',(-1.,0.,0.));
#4904=DIRECTION('',(0.,1.,0.));
#4905=DIRECTION('center_axis',(-1.,0.,-3.41607084500048E-16));
#4906=DIRECTION('ref_axis',(-3.41607084500048E-16,0.,1.));
#4907=DIRECTION('',(-3.41607084500048E-16,0.,1.));
#4908=DIRECTION('',(0.,1.,0.));
#4909=DIRECTION('center_axis',(0.,1.,0.));
#4910=DIRECTION('ref_axis',(0.,0.,-1.));
#4911=DIRECTION('center_axis',(0.,1.,0.));
#4912=DIRECTION('ref_axis',(0.,0.,-1.));
#4913=DIRECTION('',(0.,1.,0.));
#4914=DIRECTION('center_axis',(0.,0.,-1.));
#4915=DIRECTION('ref_axis',(-1.,0.,0.));
#4916=DIRECTION('',(-1.,0.,0.));
#4917=DIRECTION('',(0.,1.,0.));
#4918=DIRECTION('center_axis',(0.,1.,0.));
#4919=DIRECTION('ref_axis',(1.,0.,0.));
#4920=DIRECTION('center_axis',(0.,1.,0.));
#4921=DIRECTION('ref_axis',(1.,0.,0.));
#4922=DIRECTION('',(0.,1.,0.));
#4923=DIRECTION('center_axis',(1.,0.,0.));
#4924=DIRECTION('ref_axis',(0.,0.,-1.));
#4925=DIRECTION('',(0.,0.,-1.));
#4926=DIRECTION('',(0.,1.,0.));
#4927=DIRECTION('center_axis',(0.,1.,0.));
#4928=DIRECTION('ref_axis',(0.,0.,1.));
#4929=DIRECTION('center_axis',(0.,1.,0.));
#4930=DIRECTION('ref_axis',(0.,0.,1.));
#4931=DIRECTION('center_axis',(0.,0.,1.));
#4932=DIRECTION('ref_axis',(1.,0.,0.));
#4933=DIRECTION('',(0.,1.,0.));
#4934=DIRECTION('',(1.,0.,0.));
#4935=DIRECTION('',(0.,1.,0.));
#4936=DIRECTION('center_axis',(0.,1.,0.));
#4937=DIRECTION('ref_axis',(-1.,0.,0.));
#4938=DIRECTION('center_axis',(0.,1.,0.));
#4939=DIRECTION('ref_axis',(-1.,0.,0.));
#4940=DIRECTION('',(0.,1.,0.));
#4941=DIRECTION('center_axis',(-1.,0.,-6.83214169000096E-16));
#4942=DIRECTION('ref_axis',(-6.83214169000096E-16,0.,1.));
#4943=DIRECTION('',(-6.83214169000096E-16,0.,1.));
#4944=DIRECTION('',(0.,1.,0.));
#4945=DIRECTION('center_axis',(0.,1.,0.));
#4946=DIRECTION('ref_axis',(0.,0.,-1.));
#4947=DIRECTION('center_axis',(0.,1.,0.));
#4948=DIRECTION('ref_axis',(0.,0.,-1.));
#4949=DIRECTION('',(0.,1.,0.));
#4950=DIRECTION('center_axis',(0.,0.,-1.));
#4951=DIRECTION('ref_axis',(-1.,0.,0.));
#4952=DIRECTION('',(-1.,0.,0.));
#4953=DIRECTION('',(0.,1.,0.));
#4954=DIRECTION('center_axis',(0.,1.,0.));
#4955=DIRECTION('ref_axis',(1.,0.,0.));
#4956=DIRECTION('center_axis',(0.,1.,0.));
#4957=DIRECTION('ref_axis',(1.,0.,0.));
#4958=DIRECTION('',(0.,1.,0.));
#4959=DIRECTION('center_axis',(1.,0.,6.83214169000096E-16));
#4960=DIRECTION('ref_axis',(6.83214169000096E-16,0.,-1.));
#4961=DIRECTION('',(6.83214169000096E-16,0.,-1.));
#4962=DIRECTION('',(0.,1.,0.));
#4963=DIRECTION('center_axis',(0.,1.,0.));
#4964=DIRECTION('ref_axis',(0.,0.,1.));
#4965=DIRECTION('center_axis',(0.,1.,0.));
#4966=DIRECTION('ref_axis',(0.,0.,1.));
#4967=DIRECTION('center_axis',(-1.,0.,0.));
#4968=DIRECTION('ref_axis',(0.,0.,1.));
#4969=DIRECTION('',(0.,0.,-1.));
#4970=DIRECTION('',(0.,1.,0.));
#4971=DIRECTION('',(0.,1.,0.));
#4972=DIRECTION('center_axis',(0.,0.,-1.));
#4973=DIRECTION('ref_axis',(-1.,0.,0.));
#4974=DIRECTION('',(1.,0.,0.));
#4975=DIRECTION('',(0.,1.,0.));
#4976=DIRECTION('center_axis',(1.,0.,0.));
#4977=DIRECTION('ref_axis',(0.,0.,-1.));
#4978=DIRECTION('',(0.,0.,1.));
#4979=DIRECTION('',(0.,1.,0.));
#4980=DIRECTION('center_axis',(0.,0.,1.));
#4981=DIRECTION('ref_axis',(1.,0.,0.));
#4982=DIRECTION('',(-1.,0.,0.));
#4983=DIRECTION('center_axis',(0.,1.,0.));
#4984=DIRECTION('ref_axis',(1.,0.,0.));
#4985=CARTESIAN_POINT('',(0.,0.,0.));
#4986=CARTESIAN_POINT('Origin',(36.221124368404,-0.365563888524906,-107.9));
#4987=CARTESIAN_POINT('',(38.1874313239444,0.,-108.9));
#4988=CARTESIAN_POINT('',(37.1519106185208,0.,-107.9));
#4989=CARTESIAN_POINT('Ctrl Pts',(38.1874313239444,-1.42137558392319E-19,
-108.9));
#4990=CARTESIAN_POINT('Ctrl Pts',(38.0606127752203,-2.44020979078213E-19,
-108.9));
#4991=CARTESIAN_POINT('Ctrl Pts',(37.9113072888628,0.,-108.870549846584));
#4992=CARTESIAN_POINT('Ctrl Pts',(37.6757446623398,0.,-108.774729658897));
#4993=CARTESIAN_POINT('Ctrl Pts',(37.5476369715982,0.,-108.691107842656));
#4994=CARTESIAN_POINT('Ctrl Pts',(37.3661353907484,0.,-108.514667656314));
#4995=CARTESIAN_POINT('Ctrl Pts',(37.2799050492316,0.,-108.390991283476));
#4996=CARTESIAN_POINT('Ctrl Pts',(37.1820861098569,0.,-108.164068758161));
#4997=CARTESIAN_POINT('Ctrl Pts',(37.1519106185208,-2.36705091699849E-20,
-108.021466570885));
#4998=CARTESIAN_POINT('Ctrl Pts',(37.1519106185208,-2.44247360373429E-20,
-107.9));
#4999=CARTESIAN_POINT('',(36.221124368404,0.634436111475101,-107.9));
#5000=CARTESIAN_POINT('Origin',(36.221124368404,-0.365563888524906,-107.9));
#5001=CARTESIAN_POINT('',(36.221124368404,1.6344361114751,-108.9));
#5002=CARTESIAN_POINT('Origin',(36.221124368404,1.6344361114751,-107.9));
#5003=CARTESIAN_POINT('Origin',(36.221124368404,-0.365563888524906,-108.9));
#5004=CARTESIAN_POINT('Origin',(58.060562184202,1.6344361114751,-107.9));
#5005=CARTESIAN_POINT('',(20.221124368404,0.634436111475105,-107.9));
#5006=CARTESIAN_POINT('',(20.221124368404,1.6344361114751,-108.9));
#5007=CARTESIAN_POINT('Origin',(20.221124368404,1.6344361114751,-107.9));
#5008=CARTESIAN_POINT('',(58.060562184202,1.6344361114751,-108.9));
#5009=CARTESIAN_POINT('',(58.060562184202,0.634436111475098,-107.9));
#5010=CARTESIAN_POINT('Origin',(20.221124368404,-0.365563888524896,-107.9));
#5011=CARTESIAN_POINT('',(19.2903381182872,0.,-107.9));
#5012=CARTESIAN_POINT('',(18.2548174128636,0.,-108.9));
#5013=CARTESIAN_POINT('Ctrl Pts',(19.2903381182872,-4.9353341515692E-20,
-107.9));
#5014=CARTESIAN_POINT('Ctrl Pts',(19.2903381182872,-4.71462356724602E-20,
-108.021466570885));
#5015=CARTESIAN_POINT('Ctrl Pts',(19.2601626269511,0.,-108.164068758161));
#5016=CARTESIAN_POINT('Ctrl Pts',(19.1623436875764,0.,-108.390991283476));
#5017=CARTESIAN_POINT('Ctrl Pts',(19.0761133460596,0.,-108.514667656314));
#5018=CARTESIAN_POINT('Ctrl Pts',(18.8946117652099,0.,-108.691107842656));
#5019=CARTESIAN_POINT('Ctrl Pts',(18.7665040744682,0.,-108.774729658897));
#5020=CARTESIAN_POINT('Ctrl Pts',(18.5309414479452,0.,-108.870549846584));
#5021=CARTESIAN_POINT('Ctrl Pts',(18.3816359615877,-3.1741585097358E-18,
-108.9));
#5022=CARTESIAN_POINT('Ctrl Pts',(18.2548174128636,3.82969601718658E-19,
-108.9));
#5023=CARTESIAN_POINT('Origin',(20.221124368404,-0.365563888524896,-108.9));
#5024=CARTESIAN_POINT('Origin',(20.221124368404,-0.365563888524896,-107.9));
#5025=CARTESIAN_POINT('Origin',(36.221124368404,0.634436111475101,-108.9));
#5026=CARTESIAN_POINT('',(36.221124368404,0.634436111475101,-100.9));
#5027=CARTESIAN_POINT('',(36.221124368404,0.634436111475101,-108.9));
#5028=CARTESIAN_POINT('',(20.221124368404,0.634436111475105,-100.9));
#5029=CARTESIAN_POINT('',(57.060562184202,0.634436111475098,-100.9));
#5030=CARTESIAN_POINT('',(20.221124368404,0.634436111475105,-108.9));
#5031=CARTESIAN_POINT('Origin',(36.221124368404,-0.365563888524906,-108.9));
#5032=CARTESIAN_POINT('',(37.1519106185208,-3.95739002315903E-17,-100.9));
#5033=CARTESIAN_POINT('',(37.1519106185208,0.,-108.9));
#5034=CARTESIAN_POINT('Origin',(36.221124368404,-0.365563888524906,-100.9));
#5035=CARTESIAN_POINT('Origin',(20.221124368404,-0.365563888524896,-108.9));
#5036=CARTESIAN_POINT('',(19.2903381182872,0.,-100.9));
#5037=CARTESIAN_POINT('Origin',(20.221124368404,-0.365563888524896,-100.9));
#5038=CARTESIAN_POINT('',(19.2903381182872,0.,-108.9));
#5039=CARTESIAN_POINT('Origin',(79.9,0.,-108.9));
#5040=CARTESIAN_POINT('',(-2.5,0.,-108.9));
#5041=CARTESIAN_POINT('',(-2.5,0.,-108.9));
#5042=CARTESIAN_POINT('',(-2.5,7.5,-108.9));
#5043=CARTESIAN_POINT('',(-2.5,0.,-108.9));
#5044=CARTESIAN_POINT('',(79.9,7.5,-108.9));
#5045=CARTESIAN_POINT('',(59.3,7.5,-108.9));
#5046=CARTESIAN_POINT('',(79.9,0.,-108.9));
#5047=CARTESIAN_POINT('',(79.9,0.,-108.9));
#5048=CARTESIAN_POINT('',(-2.5,0.,-108.9));
#5049=CARTESIAN_POINT('Origin',(77.9,0.,-100.9));
#5050=CARTESIAN_POINT('',(77.9,0.,-100.9));
#5051=CARTESIAN_POINT('',(58.3,0.,-100.9));
#5052=CARTESIAN_POINT('',(77.9,4.5,-100.9));
#5053=CARTESIAN_POINT('',(77.9,0.,-100.9));
#5054=CARTESIAN_POINT('',(-0.499999999999998,4.5,-100.9));
#5055=CARTESIAN_POINT('',(77.9,4.5,-100.9));
#5056=CARTESIAN_POINT('',(-0.499999999999998,0.,-100.9));
#5057=CARTESIAN_POINT('',(-0.499999999999998,0.,-100.9));
#5058=CARTESIAN_POINT('',(58.3,0.,-100.9));
#5059=CARTESIAN_POINT('Origin',(59.3,8.75,-99.15));
#5060=CARTESIAN_POINT('',(76.4,9.,-99.4));
#5061=CARTESIAN_POINT('',(1.,9.,-99.4));
#5062=CARTESIAN_POINT('',(59.3,9.,-99.4));
#5063=CARTESIAN_POINT('',(1.5,8.5,-98.9));
#5064=CARTESIAN_POINT('',(1.,9.,-99.4));
#5065=CARTESIAN_POINT('',(75.9,8.5,-98.9));
#5066=CARTESIAN_POINT('',(59.3,8.5,-98.9));
#5067=CARTESIAN_POINT('',(76.4,9.,-99.4));
#5068=CARTESIAN_POINT('Origin',(1.25,8.75,-75.3));
#5069=CARTESIAN_POINT('',(1.5,8.5,3.5));
#5070=CARTESIAN_POINT('',(1.5,8.5,-75.3));
#5071=CARTESIAN_POINT('',(1.,9.,4.));
#5072=CARTESIAN_POINT('',(1.,9.,-75.3));
#5073=CARTESIAN_POINT('',(1.,9.,4.));
#5074=CARTESIAN_POINT('Origin',(18.1,8.75,3.75));
#5075=CARTESIAN_POINT('',(75.9,8.5,3.49999999999999));
#5076=CARTESIAN_POINT('',(18.1,8.5,3.5));
#5077=CARTESIAN_POINT('',(76.4,9.,4.));
#5078=CARTESIAN_POINT('',(18.1,9.,4.));
#5079=CARTESIAN_POINT('',(76.4,9.,4.));
#5080=CARTESIAN_POINT('Origin',(76.15,8.75,-20.1));
#5081=CARTESIAN_POINT('',(75.9,8.5,-20.1));
#5082=CARTESIAN_POINT('',(76.4,9.,-20.1));
#5083=CARTESIAN_POINT('Origin',(75.9,0.,7.5));
#5084=CARTESIAN_POINT('',(75.9,4.5,-98.9));
#5085=CARTESIAN_POINT('',(75.9,0.,-98.9));
#5086=CARTESIAN_POINT('',(75.9,4.5,3.49999999999999));
#5087=CARTESIAN_POINT('',(75.9,4.5,-20.1));
#5088=CARTESIAN_POINT('',(75.9,0.,3.49999999999999));
#5089=CARTESIAN_POINT('Origin',(79.9,0.,-98.9));
#5090=CARTESIAN_POINT('',(1.5,4.5,-98.9));
#5091=CARTESIAN_POINT('',(1.5,0.,-98.9));
#5092=CARTESIAN_POINT('',(59.3,4.5,-98.9));
#5093=CARTESIAN_POINT('Origin',(38.7,9.,-47.7));
#5094=CARTESIAN_POINT('',(-2.5,9.,-107.4));
#5095=CARTESIAN_POINT('',(79.9,9.,-107.4));
#5096=CARTESIAN_POINT('',(59.3,9.,-107.4));
#5097=CARTESIAN_POINT('',(-7.,9.,-102.9));
#5098=CARTESIAN_POINT('Origin',(-2.5,9.,-102.9));
#5099=CARTESIAN_POINT('',(-7.,9.,7.5));
#5100=CARTESIAN_POINT('',(-7.,9.,-75.3));
#5101=CARTESIAN_POINT('',(-2.5,9.,12.));
#5102=CARTESIAN_POINT('Origin',(-2.5,9.,7.5));
#5103=CARTESIAN_POINT('',(79.9,9.,12.));
#5104=CARTESIAN_POINT('',(18.1,9.,12.));
#5105=CARTESIAN_POINT('',(84.4,9.,7.5));
#5106=CARTESIAN_POINT('Origin',(79.9000000000001,9.,7.50000000000003));
#5107=CARTESIAN_POINT('',(84.4,9.,-102.9));
#5108=CARTESIAN_POINT('',(84.4,9.,-20.1));
#5109=CARTESIAN_POINT('Origin',(79.9000000000001,9.,-102.9));
#5110=CARTESIAN_POINT('Origin',(59.3,8.25,-108.15));
#5111=CARTESIAN_POINT('',(79.9,9.,-107.4));
#5112=CARTESIAN_POINT('',(-2.5,7.5,-108.9));
#5113=CARTESIAN_POINT('Origin',(79.9000000000001,8.25,-102.9));
#5114=CARTESIAN_POINT('',(85.9,7.5,-102.9));
#5115=CARTESIAN_POINT('',(84.4,9.,-102.9));
#5116=CARTESIAN_POINT('Origin',(79.9000000000001,7.5,-102.9));
#5117=CARTESIAN_POINT('Origin',(85.15,8.25,-20.1));
#5118=CARTESIAN_POINT('',(85.9,7.5,7.5));
#5119=CARTESIAN_POINT('',(84.4,9.,7.5));
#5120=CARTESIAN_POINT('',(85.9,7.5,-20.1));
#5121=CARTESIAN_POINT('Origin',(79.9000000000001,8.25,7.50000000000003));
#5122=CARTESIAN_POINT('',(79.9,7.5,13.5));
#5123=CARTESIAN_POINT('',(79.9,9.,12.));
#5124=CARTESIAN_POINT('Origin',(79.9000000000001,7.5,7.50000000000003));
#5125=CARTESIAN_POINT('Origin',(18.1,8.25,12.75));
#5126=CARTESIAN_POINT('',(-2.5,7.5,13.5));
#5127=CARTESIAN_POINT('',(-2.5,9.,12.));
#5128=CARTESIAN_POINT('',(18.1,7.5,13.5));
#5129=CARTESIAN_POINT('Origin',(-2.5,8.25,7.5));
#5130=CARTESIAN_POINT('',(-8.5,7.5,7.5));
#5131=CARTESIAN_POINT('',(-7.,9.,7.5));
#5132=CARTESIAN_POINT('Origin',(-2.5,7.5,7.5));
#5133=CARTESIAN_POINT('Origin',(-7.75,8.25,-75.3));
#5134=CARTESIAN_POINT('',(-8.49999999999999,7.5,-102.9));
#5135=CARTESIAN_POINT('',(-7.,9.,-102.9));
#5136=CARTESIAN_POINT('',(-8.5,7.5,-75.3));
#5137=CARTESIAN_POINT('Origin',(-2.5,8.25,-102.9));
#5138=CARTESIAN_POINT('Origin',(-2.5,7.5,-102.9));
#5139=CARTESIAN_POINT('Origin',(-2.5,0.,7.5));
#5140=CARTESIAN_POINT('',(-8.5,0.,7.5));
#5141=CARTESIAN_POINT('',(-8.5,0.,7.5));
#5142=CARTESIAN_POINT('',(-2.5,0.,13.5));
#5143=CARTESIAN_POINT('Origin',(-2.5,0.,7.5));
#5144=CARTESIAN_POINT('',(-2.5,0.,13.5));
#5145=CARTESIAN_POINT('Origin',(-8.5,0.,-102.9));
#5146=CARTESIAN_POINT('',(-8.49999999999999,0.,-102.9));
#5147=CARTESIAN_POINT('',(-8.49999999999999,0.,-102.9));
#5148=CARTESIAN_POINT('',(-8.5,0.,-102.9));
#5149=CARTESIAN_POINT('Origin',(-2.5,0.,-102.9));
#5150=CARTESIAN_POINT('Origin',(-2.5,0.,-102.9));
#5151=CARTESIAN_POINT('Origin',(-0.499999999999998,0.,5.5));
#5152=CARTESIAN_POINT('',(-0.499999999999998,0.,5.5));
#5153=CARTESIAN_POINT('',(77.9,0.,5.50000000000001));
#5154=CARTESIAN_POINT('',(19.1,0.,5.5));
#5155=CARTESIAN_POINT('',(-0.499999999999998,4.5,5.50000000000001));
#5156=CARTESIAN_POINT('',(-0.499999999999998,0.,5.5));
#5157=CARTESIAN_POINT('',(77.9,4.5,5.50000000000001));
#5158=CARTESIAN_POINT('',(77.9,4.5,5.5));
#5159=CARTESIAN_POINT('',(77.9,0.,5.50000000000001));
#5160=CARTESIAN_POINT('Origin',(-0.499999999999998,0.,-100.9));
#5161=CARTESIAN_POINT('',(-0.499999999999998,0.,-74.3));
#5162=CARTESIAN_POINT('',(-0.499999999999998,4.5,-100.9));
#5163=CARTESIAN_POINT('Origin',(77.9,0.,5.50000000000001));
#5164=CARTESIAN_POINT('',(77.9,0.,-21.1));
#5165=CARTESIAN_POINT('',(77.9,4.5,-100.9));
#5166=CARTESIAN_POINT('Origin',(38.7,4.5,-47.7));
#5167=CARTESIAN_POINT('',(1.5,4.5,3.5));
#5168=CARTESIAN_POINT('',(1.5,4.5,-75.3));
#5169=CARTESIAN_POINT('',(18.1,4.5,3.5));
#5170=CARTESIAN_POINT('Origin',(1.5,0.,-102.9));
#5171=CARTESIAN_POINT('',(1.5,0.,3.5));
#5172=CARTESIAN_POINT('Origin',(81.6499980799854,2.,-104.649997565895));
#5173=CARTESIAN_POINT('',(81.6499980799854,2.,-102.949997565895));
#5174=CARTESIAN_POINT('Origin',(81.6499980799854,2.,-104.649997565895));
#5175=CARTESIAN_POINT('',(81.6499980799854,2.,-103.199997565895));
#5176=CARTESIAN_POINT('Origin',(81.6499980799854,2.,-104.649997565895));
#5177=CARTESIAN_POINT('Origin',(81.6499980799854,1.,-104.649997565895));
#5178=CARTESIAN_POINT('',(81.6499980799854,0.,-102.949997565895));
#5179=CARTESIAN_POINT('Origin',(81.6499980799854,0.,-104.649997565895));
#5180=CARTESIAN_POINT('',(81.6499980799854,1.,-102.949997565895));
#5181=CARTESIAN_POINT('Origin',(81.6499980799854,3.5,-104.649997565895));
#5182=CARTESIAN_POINT('',(81.6499980799854,7.,-103.199997565895));
#5183=CARTESIAN_POINT('',(81.6499980799854,3.5,-103.199997565895));
#5184=CARTESIAN_POINT('Origin',(81.6499980799854,7.,-104.649997565895));
#5185=CARTESIAN_POINT('Origin',(81.6499980799854,7.,-104.649997565895));
#5186=CARTESIAN_POINT('Origin',(-4.24999981001019,2.,9.24999969825149));
#5187=CARTESIAN_POINT('',(-4.24999981001019,2.,10.9499996982515));
#5188=CARTESIAN_POINT('Origin',(-4.24999981001019,2.,9.24999969825149));
#5189=CARTESIAN_POINT('',(-4.24999981001019,2.,10.6999996982515));
#5190=CARTESIAN_POINT('Origin',(-4.24999981001019,2.,9.24999969825149));
#5191=CARTESIAN_POINT('Origin',(-4.24999981001019,1.,9.24999969825149));
#5192=CARTESIAN_POINT('',(-4.24999981001019,0.,10.9499996982515));
#5193=CARTESIAN_POINT('Origin',(-4.24999981001019,0.,9.24999969825149));
#5194=CARTESIAN_POINT('',(-4.24999981001019,1.,10.9499996982515));
#5195=CARTESIAN_POINT('Origin',(-4.24999981001019,3.5,9.24999969825149));
#5196=CARTESIAN_POINT('',(-4.24999981001019,7.,10.6999996982515));
#5197=CARTESIAN_POINT('',(-4.24999981001019,3.5,10.6999996982515));
#5198=CARTESIAN_POINT('Origin',(-4.24999981001019,7.,9.24999969825149));
#5199=CARTESIAN_POINT('Origin',(-4.24999981001019,7.,9.24999969825149));
#5200=CARTESIAN_POINT('Origin',(-4.24999981001019,2.,-104.649997565895));
#5201=CARTESIAN_POINT('',(-4.24999981001019,2.,-102.949997565895));
#5202=CARTESIAN_POINT('Origin',(-4.24999981001019,2.,-104.649997565895));
#5203=CARTESIAN_POINT('',(-4.24999981001019,2.,-103.199997565895));
#5204=CARTESIAN_POINT('Origin',(-4.24999981001019,2.,-104.649997565895));
#5205=CARTESIAN_POINT('Origin',(-4.24999981001019,1.,-104.649997565895));
#5206=CARTESIAN_POINT('',(-4.24999981001019,0.,-102.949997565895));
#5207=CARTESIAN_POINT('Origin',(-4.24999981001019,0.,-104.649997565895));
#5208=CARTESIAN_POINT('',(-4.24999981001019,1.,-102.949997565895));
#5209=CARTESIAN_POINT('Origin',(-4.24999981001019,3.5,-104.649997565895));
#5210=CARTESIAN_POINT('',(-4.24999981001019,7.,-103.199997565895));
#5211=CARTESIAN_POINT('',(-4.24999981001019,3.5,-103.199997565895));
#5212=CARTESIAN_POINT('Origin',(-4.24999981001019,7.,-104.649997565895));
#5213=CARTESIAN_POINT('Origin',(-4.24999981001019,7.,-104.649997565895));
#5214=CARTESIAN_POINT('Origin',(81.6499980799854,2.,9.24999969825149));
#5215=CARTESIAN_POINT('',(81.6499980799854,2.,10.9499996982515));
#5216=CARTESIAN_POINT('Origin',(81.6499980799854,2.,9.24999969825149));
#5217=CARTESIAN_POINT('',(81.6499980799854,2.,10.6999996982515));
#5218=CARTESIAN_POINT('Origin',(81.6499980799854,2.,9.24999969825149));
#5219=CARTESIAN_POINT('Origin',(81.6499980799854,1.,9.24999969825149));
#5220=CARTESIAN_POINT('',(81.6499980799854,0.,10.9499996982515));
#5221=CARTESIAN_POINT('Origin',(81.6499980799854,0.,9.24999969825149));
#5222=CARTESIAN_POINT('',(81.6499980799854,1.,10.9499996982515));
#5223=CARTESIAN_POINT('Origin',(81.6499980799854,3.5,9.24999969825149));
#5224=CARTESIAN_POINT('',(81.6499980799854,7.,10.6999996982515));
#5225=CARTESIAN_POINT('',(81.6499980799854,3.5,10.6999996982515));
#5226=CARTESIAN_POINT('Origin',(81.6499980799854,7.,9.24999969825149));
#5227=CARTESIAN_POINT('Origin',(81.6499980799854,7.,9.24999969825149));
#5228=CARTESIAN_POINT('Origin',(-2.5,0.,13.5));
#5229=CARTESIAN_POINT('',(79.9,0.,13.5));
#5230=CARTESIAN_POINT('',(-2.5,0.,13.5));
#5231=CARTESIAN_POINT('',(79.9,0.,13.5));
#5232=CARTESIAN_POINT('Origin',(-2.5,0.,3.5));
#5233=CARTESIAN_POINT('Origin',(79.9000000000001,0.,-102.9));
#5234=CARTESIAN_POINT('',(85.9,0.,-102.9));
#5235=CARTESIAN_POINT('',(85.9,0.,-102.9));
#5236=CARTESIAN_POINT('Origin',(79.9000000000001,0.,-102.9));
#5237=CARTESIAN_POINT('Origin',(85.9,0.,7.5));
#5238=CARTESIAN_POINT('',(85.9,0.,7.5));
#5239=CARTESIAN_POINT('',(85.9,0.,7.5));
#5240=CARTESIAN_POINT('',(85.9,0.,-102.9));
#5241=CARTESIAN_POINT('Origin',(79.9000000000001,0.,7.50000000000003));
#5242=CARTESIAN_POINT('Origin',(79.9000000000001,0.,7.50000000000003));
#5243=CARTESIAN_POINT('Origin',(38.7,0.,-47.7));
#5244=CARTESIAN_POINT('Ctrl Pts',(43.3053493040542,5.82024419687356,-70.3450370658442));
#5245=CARTESIAN_POINT('Ctrl Pts',(43.3297022280651,5.83070100346075,-70.3629955778458));
#5246=CARTESIAN_POINT('Ctrl Pts',(43.3757921913327,5.84900440781538,-70.4072057943206));
#5247=CARTESIAN_POINT('Ctrl Pts',(43.4664624563315,5.87116376939345,-70.5562018914035));
#5248=CARTESIAN_POINT('Ctrl Pts',(43.4900863010779,5.875,-70.7102505317753));
#5249=CARTESIAN_POINT('Ctrl Pts',(43.4900863010779,5.875,-70.7852623159699));
#5250=CARTESIAN_POINT('Ctrl Pts',(43.3117437160635,5.84115781004794,-70.3386426538349));
#5251=CARTESIAN_POINT('Ctrl Pts',(43.3365995689493,5.84971934502237,-70.3580903781011));
#5252=CARTESIAN_POINT('Ctrl Pts',(43.3850757122209,5.86523933197513,-70.4055226102691));
#5253=CARTESIAN_POINT('Ctrl Pts',(43.4792866747076,5.88481721040633,-70.5601164720921));
#5254=CARTESIAN_POINT('Ctrl Pts',(43.5032035850286,5.88811728395062,-70.7098691176387));
#5255=CARTESIAN_POINT('Ctrl Pts',(43.5039751899668,5.88888888888889,-70.7852623159699));
#5256=CARTESIAN_POINT('Ctrl Pts',(43.3224995147426,5.87811535115013,-70.3278868551559));
#5257=CARTESIAN_POINT('Ctrl Pts',(43.350106409552,5.88437611825579,-70.3504694787295));
#5258=CARTESIAN_POINT('Ctrl Pts',(43.4070832136327,5.89649602184712,-70.4056646906182));
#5259=CARTESIAN_POINT('Ctrl Pts',(43.5085691679491,5.91243784141703,-70.5711137717525));
#5260=CARTESIAN_POINT('Ctrl Pts',(43.529952556222,5.91486625514403,-70.7093162398863));
#5261=CARTESIAN_POINT('Ctrl Pts',(43.5317529677447,5.91666666666667,-70.7852623159699));
#5262=CARTESIAN_POINT('Ctrl Pts',(43.3573156237898,5.94037618852488,-70.2930707461085));
#5263=CARTESIAN_POINT('Ctrl Pts',(43.3951879382381,5.94425464506196,-70.3247164730915));
#5264=CARTESIAN_POINT('Ctrl Pts',(43.4698311394221,5.95177733418324,-70.4022241078216));
#5265=CARTESIAN_POINT('Ctrl Pts',(43.5526078508986,5.95548431678655,-70.5735571579621));
#5266=CARTESIAN_POINT('Ctrl Pts',(43.5716192228886,5.9565329218107,-70.710340751771));
#5267=CARTESIAN_POINT('Ctrl Pts',(43.5734196344113,5.95833333333333,-70.7852623159699));
#5268=CARTESIAN_POINT('Ctrl Pts',(43.3861681852625,5.98148148148148,-70.2642181846359));
#5269=CARTESIAN_POINT('Ctrl Pts',(43.4283148786296,5.98251028806584,-70.3053360714186));
#5270=CARTESIAN_POINT('Ctrl Pts',(43.5038401969181,5.98365864209961,-70.4013715921938));
#5271=CARTESIAN_POINT('Ctrl Pts',(43.5807193356276,5.98414772379959,-70.5811638758908));
#5272=CARTESIAN_POINT('Ctrl Pts',(43.6004258072508,5.98533950617284,-70.7161798440005));
#5273=CARTESIAN_POINT('Ctrl Pts',(43.6011974121891,5.98611111111111,-70.7852623159699));
#5274=CARTESIAN_POINT('Ctrl Pts',(43.3954274445218,6.,-70.2549589253766));
#5275=CARTESIAN_POINT('Ctrl Pts',(43.4417051455235,6.,-70.3012366263783));
#5276=CARTESIAN_POINT('Ctrl Pts',(43.5220714971636,6.,-70.4059724068782));
#5277=CARTESIAN_POINT('Ctrl Pts',(43.5978545126775,6.,-70.5889287907295));
#5278=CARTESIAN_POINT('Ctrl Pts',(43.615086301078,6.,-70.7198157635778));
#5279=CARTESIAN_POINT('Ctrl Pts',(43.615086301078,6.,-70.7852623159699));
#5280=CARTESIAN_POINT('',(43.3053493040542,5.82024419687356,-70.3450370658442));
#5281=CARTESIAN_POINT('',(43.490086301078,5.875,-70.7852623159699));
#5282=CARTESIAN_POINT('Ctrl Pts',(43.3053493040542,5.82024419687356,-70.3450370658442));
#5283=CARTESIAN_POINT('Ctrl Pts',(43.3297022280651,5.83070100346075,-70.3629955778458));
#5284=CARTESIAN_POINT('Ctrl Pts',(43.3757921913327,5.84900440781538,-70.4072057943206));
#5285=CARTESIAN_POINT('Ctrl Pts',(43.4664624563315,5.87116376939345,-70.5562018914035));
#5286=CARTESIAN_POINT('Ctrl Pts',(43.4900863010779,5.875,-70.7102505317753));
#5287=CARTESIAN_POINT('Ctrl Pts',(43.4900863010779,5.875,-70.7852623159699));
#5288=CARTESIAN_POINT('',(43.3954274445218,6.,-70.2549589253766));
#5289=CARTESIAN_POINT('Ctrl Pts',(43.3053493040542,5.82024419687356,-70.3450370658442));
#5290=CARTESIAN_POINT('Ctrl Pts',(43.3117437160635,5.84115781004794,-70.3386426538349));
#5291=CARTESIAN_POINT('Ctrl Pts',(43.3224995147426,5.87811535115013,-70.3278868551559));
#5292=CARTESIAN_POINT('Ctrl Pts',(43.3573156237898,5.94037618852488,-70.2930707461085));
#5293=CARTESIAN_POINT('Ctrl Pts',(43.3861681852625,5.98148148148148,-70.2642181846359));
#5294=CARTESIAN_POINT('Ctrl Pts',(43.3954274445218,6.,-70.2549589253766));
#5295=CARTESIAN_POINT('',(43.6150863010779,6.,-70.7852623159699));
#5296=CARTESIAN_POINT('Origin',(42.8651240539285,6.,-70.7852623159699));
#5297=CARTESIAN_POINT('',(43.3650863010779,5.75,-70.7852623159699));
#5298=CARTESIAN_POINT('Ctrl Pts',(43.3053493040542,5.82024419687356,-70.3450370658442));
#5299=CARTESIAN_POINT('Ctrl Pts',(43.3117437160635,5.84115781004794,-70.3386426538349));
#5300=CARTESIAN_POINT('Ctrl Pts',(43.3224995147426,5.87811535115013,-70.3278868551559));
#5301=CARTESIAN_POINT('Ctrl Pts',(43.3573156237898,5.94037618852488,-70.2930707461085));
#5302=CARTESIAN_POINT('Ctrl Pts',(43.3861681852625,5.98148148148148,-70.2642181846359));
#5303=CARTESIAN_POINT('Ctrl Pts',(43.3954274445218,6.,-70.2549589253766));
#5304=CARTESIAN_POINT('Ctrl Pts',(43.2873907920526,5.83070100346075,-70.3206841418333));
#5305=CARTESIAN_POINT('Ctrl Pts',(43.2922959917972,5.84971934502237,-70.3137868009491));
#5306=CARTESIAN_POINT('Ctrl Pts',(43.2999168911689,5.88437611825579,-70.3002799603464));
#5307=CARTESIAN_POINT('Ctrl Pts',(43.3256698968069,5.94425464506196,-70.2551984316603));
#5308=CARTESIAN_POINT('Ctrl Pts',(43.3450502984798,5.98251028806584,-70.2220714912688));
#5309=CARTESIAN_POINT('Ctrl Pts',(43.3491497435201,6.,-70.2086812243749));
#5310=CARTESIAN_POINT('Ctrl Pts',(43.2431805755777,5.84900440781538,-70.2745941785656));
#5311=CARTESIAN_POINT('Ctrl Pts',(43.2448637596293,5.86523933197513,-70.2653106576775));
#5312=CARTESIAN_POINT('Ctrl Pts',(43.2447216792802,5.89649602184712,-70.2433031562656));
#5313=CARTESIAN_POINT('Ctrl Pts',(43.2481622620768,5.95177733418324,-70.1805552304763));
#5314=CARTESIAN_POINT('Ctrl Pts',(43.2490147777046,5.98365864209961,-70.1465461729803));
#5315=CARTESIAN_POINT('Ctrl Pts',(43.2444139630201,6.,-70.1283148727348));
#5316=CARTESIAN_POINT('Ctrl Pts',(43.0941844784949,5.87116376939345,-70.1839239135669));
#5317=CARTESIAN_POINT('Ctrl Pts',(43.0902698978062,5.88481721040633,-70.1710996951908));
#5318=CARTESIAN_POINT('Ctrl Pts',(43.0792725981458,5.91243784141703,-70.1418172019494));
#5319=CARTESIAN_POINT('Ctrl Pts',(43.0768292119363,5.95548431678655,-70.0977785189997));
#5320=CARTESIAN_POINT('Ctrl Pts',(43.0692224940076,5.98414772379959,-70.0696670342708));
#5321=CARTESIAN_POINT('Ctrl Pts',(43.0614575791689,6.,-70.0525318572209));
#5322=CARTESIAN_POINT('Ctrl Pts',(42.9401358381231,5.875,-70.1603000688204));
#5323=CARTESIAN_POINT('Ctrl Pts',(42.9405172522597,5.88811728395062,-70.1471827848698));
#5324=CARTESIAN_POINT('Ctrl Pts',(42.9410701300121,5.91486625514403,-70.1204338136764));
#5325=CARTESIAN_POINT('Ctrl Pts',(42.9400456181274,5.9565329218107,-70.0787671470097));
#5326=CARTESIAN_POINT('Ctrl Pts',(42.9342065258979,5.98533950617284,-70.0499605626476));
#5327=CARTESIAN_POINT('Ctrl Pts',(42.9305706063206,6.,-70.0353000688204));
#5328=CARTESIAN_POINT('Ctrl Pts',(42.8651240539285,5.875,-70.1603000688204));
#5329=CARTESIAN_POINT('Ctrl Pts',(42.8651240539285,5.88888888888889,-70.1464111799315));
#5330=CARTESIAN_POINT('Ctrl Pts',(42.8651240539285,5.91666666666667,-70.1186334021538));
#5331=CARTESIAN_POINT('Ctrl Pts',(42.8651240539285,5.95833333333333,-70.0769667354871));
#5332=CARTESIAN_POINT('Ctrl Pts',(42.8651240539285,5.98611111111111,-70.0491889577093));
#5333=CARTESIAN_POINT('Ctrl Pts',(42.8651240539285,6.,-70.0353000688204));
#5334=CARTESIAN_POINT('',(42.8651240539285,5.875,-70.1603000688204));
#5335=CARTESIAN_POINT('Ctrl Pts',(43.3053493040542,5.82024419687356,-70.3450370658442));
#5336=CARTESIAN_POINT('Ctrl Pts',(43.2873907920526,5.83070100346075,-70.3206841418333));
#5337=CARTESIAN_POINT('Ctrl Pts',(43.2431805755777,5.84900440781538,-70.2745941785656));
#5338=CARTESIAN_POINT('Ctrl Pts',(43.0941844784949,5.87116376939345,-70.1839239135669));
#5339=CARTESIAN_POINT('Ctrl Pts',(42.9401358381231,5.875,-70.1603000688204));
#5340=CARTESIAN_POINT('Ctrl Pts',(42.8651240539285,5.875,-70.1603000688204));
#5341=CARTESIAN_POINT('',(42.8651240539285,6.,-70.0353000688204));
#5342=CARTESIAN_POINT('',(42.8651240539285,6.,-70.0353000688204));
#5343=CARTESIAN_POINT('Origin',(42.8651240539285,6.,-70.7852623159699));
#5344=CARTESIAN_POINT('Ctrl Pts',(43.3053493040542,5.82024419687356,-70.3450370658442));
#5345=CARTESIAN_POINT('Ctrl Pts',(43.2873907920526,5.83070100346075,-70.3206841418333));
#5346=CARTESIAN_POINT('Ctrl Pts',(43.2431805755777,5.84900440781538,-70.2745941785656));
#5347=CARTESIAN_POINT('Ctrl Pts',(43.0941844784949,5.87116376939345,-70.1839239135669));
#5348=CARTESIAN_POINT('Ctrl Pts',(42.9401358381231,5.875,-70.1603000688204));
#5349=CARTESIAN_POINT('Ctrl Pts',(42.8651240539285,5.875,-70.1603000688204));
#5350=CARTESIAN_POINT('Ctrl Pts',(43.2809963800433,5.80978739028637,-70.3270785538426));
#5351=CARTESIAN_POINT('Ctrl Pts',(43.2626966394613,5.82009892963505,-70.3062010388575));
#5352=CARTESIAN_POINT('Ctrl Pts',(43.21808207175,5.83818172528385,-70.2661005522055));
#5353=CARTESIAN_POINT('Ctrl Pts',(43.0707305734603,5.85873309555104,-70.1885070174399));
#5354=CARTESIAN_POINT('Ctrl Pts',(42.9314197812983,5.86188271604938,-70.1734173527711));
#5355=CARTESIAN_POINT('Ctrl Pts',(42.8651240539285,5.86111111111111,-70.1741889577093));
#5356=CARTESIAN_POINT('Ctrl Pts',(43.2333358624497,5.78724111500252,-70.3021326517689));
#5357=CARTESIAN_POINT('Ctrl Pts',(43.214647443586,5.79754935590333,-70.2860331638498));
#5358=CARTESIAN_POINT('Ctrl Pts',(43.1685031614804,5.81518442037583,-70.2544491152882));
#5359=CARTESIAN_POINT('Ctrl Pts',(43.0234401366283,5.83248669132982,-70.2014871586398));
#5360=CARTESIAN_POINT('Ctrl Pts',(42.9166031425769,5.83513374485597,-70.2001663239645));
#5361=CARTESIAN_POINT('Ctrl Pts',(42.8651240539285,5.83333333333333,-70.2019667354871));
#5362=CARTESIAN_POINT('Ctrl Pts',(43.1325765629553,5.73354509654842,-70.2846554724422));
#5363=CARTESIAN_POINT('Ctrl Pts',(43.1131475235172,5.74553466852984,-70.2746268370875));
#5364=CARTESIAN_POINT('Ctrl Pts',(43.0637003127437,5.76575210131907,-70.2562949896489));
#5365=CARTESIAN_POINT('Ctrl Pts',(42.9633820851616,5.78870086327436,-70.2389062988212));
#5366=CARTESIAN_POINT('Ctrl Pts',(42.8994952109289,5.7934670781893,-70.2418329906311));
#5367=CARTESIAN_POINT('Ctrl Pts',(42.8651240539285,5.79166666666666,-70.2436334021538));
#5368=CARTESIAN_POINT('Ctrl Pts',(43.0679718483928,5.69398457395571,-70.2853000688204));
#5369=CARTESIAN_POINT('Ctrl Pts',(43.0517571500379,5.70875068056918,-70.2812521101177));
#5370=CARTESIAN_POINT('Ctrl Pts',(43.0139676248584,5.73461316883805,-70.274401568563));
#5371=CARTESIAN_POINT('Ctrl Pts',(42.9427436505416,5.75977681625669,-70.2693157203319));
#5372=CARTESIAN_POINT('Ctrl Pts',(42.8909556487267,5.76466049382716,-70.2706395749933));
#5373=CARTESIAN_POINT('Ctrl Pts',(42.8651240539285,5.76388888888888,-70.2714111799315));
#5374=CARTESIAN_POINT('Ctrl Pts',(43.0418740539285,5.67678775285055,-70.2853000688204));
#5375=CARTESIAN_POINT('Ctrl Pts',(43.026449706664,5.69221210011505,-70.2853000688204));
#5376=CARTESIAN_POINT('Ctrl Pts',(42.9915412947403,5.7189981869181,-70.2853000688204));
#5377=CARTESIAN_POINT('Ctrl Pts',(42.9305619734323,5.74425664882818,-70.2853000688204));
#5378=CARTESIAN_POINT('Ctrl Pts',(42.8869373750207,5.75,-70.2853000688204));
#5379=CARTESIAN_POINT('Ctrl Pts',(42.8651240539285,5.75,-70.2853000688204));
#5380=CARTESIAN_POINT('',(43.0418740539285,5.67678775285056,-70.2853000688204));
#5381=CARTESIAN_POINT('Ctrl Pts',(43.3053493040542,5.82024419687356,-70.3450370658442));
#5382=CARTESIAN_POINT('Ctrl Pts',(43.2809963800433,5.80978739028637,-70.3270785538426));
#5383=CARTESIAN_POINT('Ctrl Pts',(43.2333358624497,5.78724111500252,-70.3021326517689));
#5384=CARTESIAN_POINT('Ctrl Pts',(43.1325765629553,5.73354509654842,-70.2846554724422));
#5385=CARTESIAN_POINT('Ctrl Pts',(43.0679718483928,5.69398457395571,-70.2853000688204));
#5386=CARTESIAN_POINT('Ctrl Pts',(43.0418740539285,5.67678775285055,-70.2853000688204));
#5387=CARTESIAN_POINT('',(42.8651240539285,5.75,-70.2853000688204));
#5388=CARTESIAN_POINT('Origin',(42.8651240539285,5.50003775285055,-70.2853000688204));
#5389=CARTESIAN_POINT('',(42.8651240539285,6.,-70.0353000688204));
#5390=CARTESIAN_POINT('Ctrl Pts',(43.3053493040542,5.82024419687356,-70.3450370658442));
#5391=CARTESIAN_POINT('Ctrl Pts',(43.2809963800433,5.80978739028637,-70.3270785538426));
#5392=CARTESIAN_POINT('Ctrl Pts',(43.2333358624497,5.78724111500252,-70.3021326517689));
#5393=CARTESIAN_POINT('Ctrl Pts',(43.1325765629553,5.73354509654842,-70.2846554724422));
#5394=CARTESIAN_POINT('Ctrl Pts',(43.0679718483928,5.69398457395571,-70.2853000688204));
#5395=CARTESIAN_POINT('Ctrl Pts',(43.0418740539285,5.67678775285055,-70.2853000688204));
#5396=CARTESIAN_POINT('Ctrl Pts',(43.2989548920449,5.79933058369918,-70.3514314778535));
#5397=CARTESIAN_POINT('Ctrl Pts',(43.2773824773549,5.78930224029638,-70.335818778116));
#5398=CARTESIAN_POINT('Ctrl Pts',(43.2333496484243,5.76728720982345,-70.3129685431529));
#5399=CARTESIAN_POINT('Ctrl Pts',(43.1386781883182,5.71384629311836,-70.2946062789746));
#5400=CARTESIAN_POINT('Ctrl Pts',(43.0812867918074,5.67730770944166,-70.2893480275232));
#5401=CARTESIAN_POINT('Ctrl Pts',(43.057298401193,5.66136340558605,-70.2853000688204));
#5402=CARTESIAN_POINT('Ctrl Pts',(43.2866942682037,5.75537767584441,-70.3636921016947));
#5403=CARTESIAN_POINT('Ctrl Pts',(43.2679840596182,5.74553793340511,-70.3519012151909));
#5404=CARTESIAN_POINT('Ctrl Pts',(43.2272474542228,5.72284794446838,-70.3337624550787));
#5405=CARTESIAN_POINT('Ctrl Pts',(43.1447340900444,5.66809464983636,-70.3130174400262));
#5406=CARTESIAN_POINT('Ctrl Pts',(43.1036601863949,5.63975523558938,-70.2961985690778));
#5407=CARTESIAN_POINT('Ctrl Pts',(43.084084487996,5.62645499366235,-70.2853000688204));
#5408=CARTESIAN_POINT('Ctrl Pts',(43.2453978018979,5.64035154096161,-70.4049885680004));
#5409=CARTESIAN_POINT('Ctrl Pts',(43.2304599320885,5.63135274202462,-70.3937285439156));
#5410=CARTESIAN_POINT('Ctrl Pts',(43.198954438874,5.61073675370984,-70.371494054689));
#5411=CARTESIAN_POINT('Ctrl Pts',(43.1531008049842,5.58391486682565,-70.331186800154));
#5412=CARTESIAN_POINT('Ctrl Pts',(43.124871455662,5.57253954299302,-70.301284417309));
#5413=CARTESIAN_POINT('Ctrl Pts',(43.1093429499061,5.56547567235435,-70.2853000688204));
#5414=CARTESIAN_POINT('Ctrl Pts',(43.2400863010779,5.54499730466529,-70.4103000688204));
#5415=CARTESIAN_POINT('Ctrl Pts',(43.2269690171273,5.54249955178669,-70.3971827848698));
#5416=CARTESIAN_POINT('Ctrl Pts',(43.2002200459339,5.5373731543217,-70.3704338136764));
#5417=CARTESIAN_POINT('Ctrl Pts',(43.1585533792672,5.52950599786025,-70.3287671470097));
#5418=CARTESIAN_POINT('Ctrl Pts',(43.1297467949051,5.52438585208887,-70.2999605626476));
#5419=CARTESIAN_POINT('Ctrl Pts',(43.1150863010779,5.52185107394276,-70.2853000688204));
#5420=CARTESIAN_POINT('Ctrl Pts',(43.2400863010779,5.50003775285056,-70.4103000688204));
#5421=CARTESIAN_POINT('Ctrl Pts',(43.2261974121891,5.50003775285056,-70.3964111799315));
#5422=CARTESIAN_POINT('Ctrl Pts',(43.1984196344113,5.50003775285055,-70.3686334021538));
#5423=CARTESIAN_POINT('Ctrl Pts',(43.1567529677446,5.50003775285055,-70.3269667354871));
#5424=CARTESIAN_POINT('Ctrl Pts',(43.1289751899668,5.50003775285055,-70.2991889577093));
#5425=CARTESIAN_POINT('Ctrl Pts',(43.1150863010779,5.50003775285055,-70.2853000688204));
#5426=CARTESIAN_POINT('',(43.2400863010779,5.50003775285056,-70.4103000688204));
#5427=CARTESIAN_POINT('Ctrl Pts',(43.3053493040542,5.82024419687356,-70.3450370658442));
#5428=CARTESIAN_POINT('Ctrl Pts',(43.2989548920449,5.79933058369918,-70.3514314778535));
#5429=CARTESIAN_POINT('Ctrl Pts',(43.2866942682037,5.75537767584441,-70.3636921016947));
#5430=CARTESIAN_POINT('Ctrl Pts',(43.2453978018979,5.64035154096161,-70.4049885680004));
#5431=CARTESIAN_POINT('Ctrl Pts',(43.2400863010779,5.54499730466529,-70.4103000688204));
#5432=CARTESIAN_POINT('Ctrl Pts',(43.2400863010779,5.50003775285056,-70.4103000688204));
#5433=CARTESIAN_POINT('',(43.1150863010779,5.50003775285055,-70.2853000688204));
#5434=CARTESIAN_POINT('',(43.1150863010779,5.50003775285055,-70.2853000688204));
#5435=CARTESIAN_POINT('Origin',(42.8651240539285,5.50003775285055,-70.2853000688204));
#5436=CARTESIAN_POINT('Ctrl Pts',(43.3053493040542,5.82024419687356,-70.3450370658442));
#5437=CARTESIAN_POINT('Ctrl Pts',(43.2989548920449,5.79933058369918,-70.3514314778535));
#5438=CARTESIAN_POINT('Ctrl Pts',(43.2866942682037,5.75537767584441,-70.3636921016947));
#5439=CARTESIAN_POINT('Ctrl Pts',(43.2453978018979,5.64035154096161,-70.4049885680004));
#5440=CARTESIAN_POINT('Ctrl Pts',(43.2400863010779,5.54499730466529,-70.4103000688204));
#5441=CARTESIAN_POINT('Ctrl Pts',(43.2400863010779,5.50003775285056,-70.4103000688204));
#5442=CARTESIAN_POINT('Ctrl Pts',(43.3233078160558,5.80978739028637,-70.3693899898551));
#5443=CARTESIAN_POINT('Ctrl Pts',(43.3145675917824,5.78930224029638,-70.3730038925435));
#5444=CARTESIAN_POINT('Ctrl Pts',(43.2984851547075,5.74553793340511,-70.3824023102802));
#5445=CARTESIAN_POINT('Ctrl Pts',(43.2566578259827,5.63135274202462,-70.4199264378099));
#5446=CARTESIAN_POINT('Ctrl Pts',(43.2532035850286,5.54249955178669,-70.4234173527711));
#5447=CARTESIAN_POINT('Ctrl Pts',(43.2539751899668,5.50003775285056,-70.4241889577093));
#5448=CARTESIAN_POINT('Ctrl Pts',(43.3482537181295,5.78724111500251,-70.4170505074487));
#5449=CARTESIAN_POINT('Ctrl Pts',(43.3374178267454,5.76728720982345,-70.4170367214741));
#5450=CARTESIAN_POINT('Ctrl Pts',(43.3166239148196,5.72284794446838,-70.4231389156755));
#5451=CARTESIAN_POINT('Ctrl Pts',(43.2788923152094,5.61073675370984,-70.4514319310244));
#5452=CARTESIAN_POINT('Ctrl Pts',(43.279952556222,5.5373731543217,-70.4501663239645));
#5453=CARTESIAN_POINT('Ctrl Pts',(43.2817529677446,5.50003775285055,-70.4519667354871));
#5454=CARTESIAN_POINT('Ctrl Pts',(43.3657308974561,5.73354509654843,-70.5178098069431));
#5455=CARTESIAN_POINT('Ctrl Pts',(43.3557800909238,5.71384629311836,-70.5117081815801));
#5456=CARTESIAN_POINT('Ctrl Pts',(43.3373689298722,5.66809464983636,-70.505652279854));
#5457=CARTESIAN_POINT('Ctrl Pts',(43.3191995697444,5.58391486682566,-70.4972855649142));
#5458=CARTESIAN_POINT('Ctrl Pts',(43.3216192228886,5.52950599786025,-70.4918329906311));
#5459=CARTESIAN_POINT('Ctrl Pts',(43.3234196344113,5.50003775285055,-70.4936334021538));
#5460=CARTESIAN_POINT('Ctrl Pts',(43.365086301078,5.69398457395571,-70.5824145215055));
#5461=CARTESIAN_POINT('Ctrl Pts',(43.3610383423752,5.67730770944167,-70.569099578091));
#5462=CARTESIAN_POINT('Ctrl Pts',(43.3541878008205,5.63975523558938,-70.5467261835035));
#5463=CARTESIAN_POINT('Ctrl Pts',(43.3491019525894,5.57253954299302,-70.5255149142364));
#5464=CARTESIAN_POINT('Ctrl Pts',(43.3504258072508,5.52438585208887,-70.5206395749933));
#5465=CARTESIAN_POINT('Ctrl Pts',(43.3511974121891,5.50003775285055,-70.5214111799315));
#5466=CARTESIAN_POINT('Ctrl Pts',(43.365086301078,5.67678775285055,-70.6085123159699));
#5467=CARTESIAN_POINT('Ctrl Pts',(43.365086301078,5.66136340558605,-70.5930879687054));
#5468=CARTESIAN_POINT('Ctrl Pts',(43.3650863010779,5.62645499366235,-70.5663018819023));
#5469=CARTESIAN_POINT('Ctrl Pts',(43.3650863010779,5.56547567235435,-70.5410434199922));
#5470=CARTESIAN_POINT('Ctrl Pts',(43.3650863010779,5.52185107394276,-70.5353000688204));
#5471=CARTESIAN_POINT('Ctrl Pts',(43.3650863010779,5.50003775285055,-70.5353000688204));
#5472=CARTESIAN_POINT('',(43.3650863010779,5.67678775285056,-70.6085123159699));
#5473=CARTESIAN_POINT('Ctrl Pts',(43.3053493040542,5.82024419687356,-70.3450370658442));
#5474=CARTESIAN_POINT('Ctrl Pts',(43.3233078160558,5.80978739028637,-70.3693899898551));
#5475=CARTESIAN_POINT('Ctrl Pts',(43.3482537181295,5.78724111500251,-70.4170505074487));
#5476=CARTESIAN_POINT('Ctrl Pts',(43.3657308974561,5.73354509654843,-70.5178098069431));
#5477=CARTESIAN_POINT('Ctrl Pts',(43.365086301078,5.69398457395571,-70.5824145215055));
#5478=CARTESIAN_POINT('Ctrl Pts',(43.365086301078,5.67678775285055,-70.6085123159699));
#5479=CARTESIAN_POINT('',(43.3650863010779,5.50003775285055,-70.5353000688204));
#5480=CARTESIAN_POINT('Origin',(43.3650863010779,5.50003775285055,-70.7852623159699));
#5481=CARTESIAN_POINT('',(43.1150863010779,5.50003775285055,-70.2853000688204));
#5482=CARTESIAN_POINT('Ctrl Pts',(43.3053493040542,5.82024419687357,-82.3255630717966));
#5483=CARTESIAN_POINT('Ctrl Pts',(43.2873907920526,5.83070100346076,-82.3499159958075));
#5484=CARTESIAN_POINT('Ctrl Pts',(43.2431805755777,5.84900440781538,-82.3960059590752));
#5485=CARTESIAN_POINT('Ctrl Pts',(43.0941844784949,5.87116376939345,-82.486676224074));
#5486=CARTESIAN_POINT('Ctrl Pts',(42.9401358381231,5.875,-82.5103000688204));
#5487=CARTESIAN_POINT('Ctrl Pts',(42.8651240539285,5.875,-82.5103000688204));
#5488=CARTESIAN_POINT('Ctrl Pts',(43.3117437160635,5.84115781004795,-82.3319574838059));
#5489=CARTESIAN_POINT('Ctrl Pts',(43.2922959917972,5.84971934502237,-82.3568133366917));
#5490=CARTESIAN_POINT('Ctrl Pts',(43.2448637596293,5.86523933197513,-82.4052894799633));
#5491=CARTESIAN_POINT('Ctrl Pts',(43.0902698978062,5.88481721040633,-82.49950044245));
#5492=CARTESIAN_POINT('Ctrl Pts',(42.9405172522597,5.88811728395062,-82.523417352771));
#5493=CARTESIAN_POINT('Ctrl Pts',(42.8651240539285,5.88888888888889,-82.5241889577093));
#5494=CARTESIAN_POINT('Ctrl Pts',(43.3224995147426,5.87811535115013,-82.342713282485));
#5495=CARTESIAN_POINT('Ctrl Pts',(43.2999168911689,5.88437611825579,-82.3703201772945));
#5496=CARTESIAN_POINT('Ctrl Pts',(43.2447216792802,5.89649602184712,-82.4272969813753));
#5497=CARTESIAN_POINT('Ctrl Pts',(43.0792725981457,5.91243784141703,-82.5287829356915));
#5498=CARTESIAN_POINT('Ctrl Pts',(42.9410701300121,5.91486625514403,-82.5501663239645));
#5499=CARTESIAN_POINT('Ctrl Pts',(42.8651240539285,5.91666666666667,-82.5519667354871));
#5500=CARTESIAN_POINT('Ctrl Pts',(43.3573156237898,5.94037618852488,-82.3775293915323));
#5501=CARTESIAN_POINT('Ctrl Pts',(43.3256698968068,5.94425464506196,-82.4154017059805));
#5502=CARTESIAN_POINT('Ctrl Pts',(43.2481622620767,5.95177733418324,-82.4900449071646));
#5503=CARTESIAN_POINT('Ctrl Pts',(43.0768292119363,5.95548431678655,-82.5728216186411));
#5504=CARTESIAN_POINT('Ctrl Pts',(42.9400456181274,5.9565329218107,-82.5918329906311));
#5505=CARTESIAN_POINT('Ctrl Pts',(42.8651240539285,5.95833333333333,-82.5936334021537));
#5506=CARTESIAN_POINT('Ctrl Pts',(43.3861681852625,5.98148148148148,-82.406381953005));
#5507=CARTESIAN_POINT('Ctrl Pts',(43.3450502984798,5.98251028806584,-82.448528646372));
#5508=CARTESIAN_POINT('Ctrl Pts',(43.2490147777046,5.98365864209961,-82.5240539646605));
#5509=CARTESIAN_POINT('Ctrl Pts',(43.0692224940076,5.98414772379959,-82.60093310337));
#5510=CARTESIAN_POINT('Ctrl Pts',(42.9342065258979,5.98533950617284,-82.6206395749932));
#5511=CARTESIAN_POINT('Ctrl Pts',(42.8651240539285,5.98611111111111,-82.6214111799315));
#5512=CARTESIAN_POINT('Ctrl Pts',(43.3954274445218,6.,-82.4156412122642));
#5513=CARTESIAN_POINT('Ctrl Pts',(43.34914974352,6.,-82.4619189132659));
#5514=CARTESIAN_POINT('Ctrl Pts',(43.2444139630201,6.,-82.5422852649059));
#5515=CARTESIAN_POINT('Ctrl Pts',(43.0614575791688,6.,-82.6180682804199));
#5516=CARTESIAN_POINT('Ctrl Pts',(42.9305706063206,6.,-82.6353000688204));
#5517=CARTESIAN_POINT('Ctrl Pts',(42.8651240539285,6.,-82.6353000688204));
#5518=CARTESIAN_POINT('',(43.3053493040542,5.82024419687357,-82.3255630717966));
#5519=CARTESIAN_POINT('',(42.8651240539285,5.875,-82.5103000688204));
#5520=CARTESIAN_POINT('Ctrl Pts',(43.3053493040542,5.82024419687357,-82.3255630717966));
#5521=CARTESIAN_POINT('Ctrl Pts',(43.2873907920526,5.83070100346076,-82.3499159958075));
#5522=CARTESIAN_POINT('Ctrl Pts',(43.2431805755777,5.84900440781538,-82.3960059590752));
#5523=CARTESIAN_POINT('Ctrl Pts',(43.0941844784949,5.87116376939345,-82.486676224074));
#5524=CARTESIAN_POINT('Ctrl Pts',(42.9401358381231,5.875,-82.5103000688204));
#5525=CARTESIAN_POINT('Ctrl Pts',(42.8651240539285,5.875,-82.5103000688204));
#5526=CARTESIAN_POINT('',(43.3954274445218,6.,-82.4156412122642));
#5527=CARTESIAN_POINT('Ctrl Pts',(43.3053493040542,5.82024419687357,-82.3255630717966));
#5528=CARTESIAN_POINT('Ctrl Pts',(43.3117437160635,5.84115781004795,-82.3319574838059));
#5529=CARTESIAN_POINT('Ctrl Pts',(43.3224995147426,5.87811535115013,-82.342713282485));
#5530=CARTESIAN_POINT('Ctrl Pts',(43.3573156237898,5.94037618852488,-82.3775293915323));
#5531=CARTESIAN_POINT('Ctrl Pts',(43.3861681852625,5.98148148148148,-82.406381953005));
#5532=CARTESIAN_POINT('Ctrl Pts',(43.3954274445218,6.,-82.4156412122642));
#5533=CARTESIAN_POINT('',(42.8651240539285,6.,-82.6353000688204));
#5534=CARTESIAN_POINT('Origin',(42.8651240539285,6.,-81.885337821671));
#5535=CARTESIAN_POINT('',(42.8651240539285,5.75,-82.3853000688204));
#5536=CARTESIAN_POINT('Ctrl Pts',(43.3053493040542,5.82024419687357,-82.3255630717966));
#5537=CARTESIAN_POINT('Ctrl Pts',(43.3117437160635,5.84115781004795,-82.3319574838059));
#5538=CARTESIAN_POINT('Ctrl Pts',(43.3224995147426,5.87811535115013,-82.342713282485));
#5539=CARTESIAN_POINT('Ctrl Pts',(43.3573156237898,5.94037618852488,-82.3775293915323));
#5540=CARTESIAN_POINT('Ctrl Pts',(43.3861681852625,5.98148148148148,-82.406381953005));
#5541=CARTESIAN_POINT('Ctrl Pts',(43.3954274445218,6.,-82.4156412122642));
#5542=CARTESIAN_POINT('Ctrl Pts',(43.3297022280651,5.83070100346076,-82.3076045597951));
#5543=CARTESIAN_POINT('Ctrl Pts',(43.3365995689493,5.84971934502237,-82.3125097595397));
#5544=CARTESIAN_POINT('Ctrl Pts',(43.350106409552,5.88437611825579,-82.3201306589114));
#5545=CARTESIAN_POINT('Ctrl Pts',(43.3951879382381,5.94425464506196,-82.3458836645493));
#5546=CARTESIAN_POINT('Ctrl Pts',(43.4283148786296,5.98251028806584,-82.3652640662223));
#5547=CARTESIAN_POINT('Ctrl Pts',(43.4417051455235,6.,-82.3693635112625));
#5548=CARTESIAN_POINT('Ctrl Pts',(43.3757921913327,5.84900440781538,-82.2633943433202));
#5549=CARTESIAN_POINT('Ctrl Pts',(43.3850757122208,5.86523933197513,-82.2650775273717));
#5550=CARTESIAN_POINT('Ctrl Pts',(43.4070832136327,5.89649602184712,-82.2649354470227));
#5551=CARTESIAN_POINT('Ctrl Pts',(43.4698311394221,5.95177733418324,-82.2683760298192));
#5552=CARTESIAN_POINT('Ctrl Pts',(43.5038401969181,5.98365864209961,-82.269228545447));
#5553=CARTESIAN_POINT('Ctrl Pts',(43.5220714971636,6.,-82.2646277307626));
#5554=CARTESIAN_POINT('Ctrl Pts',(43.4664624563315,5.87116376939345,-82.1143982462373));
#5555=CARTESIAN_POINT('Ctrl Pts',(43.4792866747076,5.88481721040633,-82.1104836655487));
#5556=CARTESIAN_POINT('Ctrl Pts',(43.5085691679491,5.91243784141704,-82.0994863658883));
#5557=CARTESIAN_POINT('Ctrl Pts',(43.5526078508985,5.95548431678655,-82.0970429796787));
#5558=CARTESIAN_POINT('Ctrl Pts',(43.5807193356275,5.98414772379959,-82.0894362617501));
#5559=CARTESIAN_POINT('Ctrl Pts',(43.5978545126775,6.,-82.0816713469113));
#5560=CARTESIAN_POINT('Ctrl Pts',(43.490086301078,5.875,-81.9603496058656));
#5561=CARTESIAN_POINT('Ctrl Pts',(43.5032035850286,5.88811728395062,-81.9607310200021));
#5562=CARTESIAN_POINT('Ctrl Pts',(43.529952556222,5.91486625514403,-81.9612838977545));
#5563=CARTESIAN_POINT('Ctrl Pts',(43.5716192228886,5.9565329218107,-81.9602593858699));
#5564=CARTESIAN_POINT('Ctrl Pts',(43.6004258072508,5.98533950617284,-81.9544202936404));
#5565=CARTESIAN_POINT('Ctrl Pts',(43.6150863010779,6.,-81.950784374063));
#5566=CARTESIAN_POINT('Ctrl Pts',(43.490086301078,5.875,-81.885337821671));
#5567=CARTESIAN_POINT('Ctrl Pts',(43.5039751899668,5.88888888888889,-81.885337821671));
#5568=CARTESIAN_POINT('Ctrl Pts',(43.5317529677446,5.91666666666667,-81.885337821671));
#5569=CARTESIAN_POINT('Ctrl Pts',(43.5734196344113,5.95833333333333,-81.885337821671));
#5570=CARTESIAN_POINT('Ctrl Pts',(43.6011974121891,5.98611111111111,-81.885337821671));
#5571=CARTESIAN_POINT('Ctrl Pts',(43.6150863010779,6.,-81.885337821671));
#5572=CARTESIAN_POINT('',(43.490086301078,5.875,-81.885337821671));
#5573=CARTESIAN_POINT('Ctrl Pts',(43.3053493040542,5.82024419687357,-82.3255630717966));
#5574=CARTESIAN_POINT('Ctrl Pts',(43.3297022280651,5.83070100346076,-82.3076045597951));
#5575=CARTESIAN_POINT('Ctrl Pts',(43.3757921913327,5.84900440781538,-82.2633943433202));
#5576=CARTESIAN_POINT('Ctrl Pts',(43.4664624563315,5.87116376939346,-82.1143982462373));
#5577=CARTESIAN_POINT('Ctrl Pts',(43.4900863010779,5.875,-81.9603496058656));
#5578=CARTESIAN_POINT('Ctrl Pts',(43.4900863010779,5.875,-81.885337821671));
#5579=CARTESIAN_POINT('',(43.6150863010779,6.,-81.885337821671));
#5580=CARTESIAN_POINT('',(43.6150863010779,6.,-81.885337821671));
#5581=CARTESIAN_POINT('Origin',(42.8651240539285,6.,-81.885337821671));
#5582=CARTESIAN_POINT('Ctrl Pts',(43.3053493040542,5.82024419687357,-82.3255630717966));
#5583=CARTESIAN_POINT('Ctrl Pts',(43.3297022280651,5.83070100346076,-82.3076045597951));
#5584=CARTESIAN_POINT('Ctrl Pts',(43.3757921913327,5.84900440781538,-82.2633943433202));
#5585=CARTESIAN_POINT('Ctrl Pts',(43.4664624563315,5.87116376939346,-82.1143982462373));
#5586=CARTESIAN_POINT('Ctrl Pts',(43.4900863010779,5.875,-81.9603496058656));
#5587=CARTESIAN_POINT('Ctrl Pts',(43.4900863010779,5.875,-81.885337821671));
#5588=CARTESIAN_POINT('Ctrl Pts',(43.3233078160558,5.80978739028637,-82.3012101477858));
#5589=CARTESIAN_POINT('Ctrl Pts',(43.3441853310409,5.82009892963505,-82.2829104072038));
#5590=CARTESIAN_POINT('Ctrl Pts',(43.3842858176929,5.83818172528385,-82.2382958394924));
#5591=CARTESIAN_POINT('Ctrl Pts',(43.4618793524584,5.85873309555104,-82.0909443412027));
#5592=CARTESIAN_POINT('Ctrl Pts',(43.4769690171273,5.86188271604938,-81.9516335490407));
#5593=CARTESIAN_POINT('Ctrl Pts',(43.4761974121891,5.86111111111111,-81.885337821671));
#5594=CARTESIAN_POINT('Ctrl Pts',(43.3482537181295,5.78724111500252,-82.2535496301922));
#5595=CARTESIAN_POINT('Ctrl Pts',(43.3643532060486,5.79754935590333,-82.2348612113285));
#5596=CARTESIAN_POINT('Ctrl Pts',(43.3959372546102,5.81518442037583,-82.1887169292229));
#5597=CARTESIAN_POINT('Ctrl Pts',(43.4488992112585,5.83248669132982,-82.0436539043708));
#5598=CARTESIAN_POINT('Ctrl Pts',(43.4502200459339,5.83513374485597,-81.9368169103193));
#5599=CARTESIAN_POINT('Ctrl Pts',(43.4484196344113,5.83333333333334,-81.885337821671));
#5600=CARTESIAN_POINT('Ctrl Pts',(43.3657308974562,5.73354509654843,-82.1527903306977));
#5601=CARTESIAN_POINT('Ctrl Pts',(43.3757595328109,5.74553466852985,-82.1333612912596));
#5602=CARTESIAN_POINT('Ctrl Pts',(43.3940913802494,5.76575210131908,-82.083914080486));
#5603=CARTESIAN_POINT('Ctrl Pts',(43.4114800710773,5.78870086327437,-81.9835958529042));
#5604=CARTESIAN_POINT('Ctrl Pts',(43.4085533792672,5.79346707818931,-81.9197089786714));
#5605=CARTESIAN_POINT('Ctrl Pts',(43.4067529677446,5.79166666666667,-81.885337821671));
#5606=CARTESIAN_POINT('Ctrl Pts',(43.3650863010779,5.69398457395571,-82.0881856161353));
#5607=CARTESIAN_POINT('Ctrl Pts',(43.3691342597807,5.70875068056918,-82.0719709177803));
#5608=CARTESIAN_POINT('Ctrl Pts',(43.3759848013354,5.73461316883805,-82.0341813926008));
#5609=CARTESIAN_POINT('Ctrl Pts',(43.3810706495665,5.7597768162567,-81.9629574182841));
#5610=CARTESIAN_POINT('Ctrl Pts',(43.3797467949051,5.76466049382717,-81.9111694164691));
#5611=CARTESIAN_POINT('Ctrl Pts',(43.3789751899668,5.76388888888889,-81.885337821671));
#5612=CARTESIAN_POINT('Ctrl Pts',(43.3650863010779,5.67678775285056,-82.062087821671));
#5613=CARTESIAN_POINT('Ctrl Pts',(43.3650863010779,5.69221210011506,-82.0466634744065));
#5614=CARTESIAN_POINT('Ctrl Pts',(43.3650863010779,5.7189981869181,-82.0117550624828));
#5615=CARTESIAN_POINT('Ctrl Pts',(43.3650863010779,5.74425664882819,-81.9507757411748));
#5616=CARTESIAN_POINT('Ctrl Pts',(43.3650863010779,5.75000000000001,-81.9071511427632));
#5617=CARTESIAN_POINT('Ctrl Pts',(43.3650863010779,5.75000000000001,-81.885337821671));
#5618=CARTESIAN_POINT('',(43.3650863010779,5.67678775285056,-82.062087821671));
#5619=CARTESIAN_POINT('Ctrl Pts',(43.3053493040542,5.82024419687357,-82.3255630717966));
#5620=CARTESIAN_POINT('Ctrl Pts',(43.3233078160558,5.80978739028637,-82.3012101477858));
#5621=CARTESIAN_POINT('Ctrl Pts',(43.3482537181295,5.78724111500252,-82.2535496301922));
#5622=CARTESIAN_POINT('Ctrl Pts',(43.3657308974562,5.73354509654843,-82.1527903306977));
#5623=CARTESIAN_POINT('Ctrl Pts',(43.3650863010779,5.69398457395571,-82.0881856161353));
#5624=CARTESIAN_POINT('Ctrl Pts',(43.3650863010779,5.67678775285056,-82.062087821671));
#5625=CARTESIAN_POINT('',(43.3650863010779,5.75,-81.885337821671));
#5626=CARTESIAN_POINT('Origin',(43.3650863010779,5.50003775285055,-81.885337821671));
#5627=CARTESIAN_POINT('',(43.6150863010779,6.,-81.885337821671));
#5628=CARTESIAN_POINT('Ctrl Pts',(43.3053493040542,5.82024419687357,-82.3255630717966));
#5629=CARTESIAN_POINT('Ctrl Pts',(43.3233078160558,5.80978739028637,-82.3012101477858));
#5630=CARTESIAN_POINT('Ctrl Pts',(43.3482537181295,5.78724111500252,-82.2535496301922));
#5631=CARTESIAN_POINT('Ctrl Pts',(43.3657308974562,5.73354509654843,-82.1527903306977));
#5632=CARTESIAN_POINT('Ctrl Pts',(43.3650863010779,5.69398457395571,-82.0881856161353));
#5633=CARTESIAN_POINT('Ctrl Pts',(43.3650863010779,5.67678775285056,-82.062087821671));
#5634=CARTESIAN_POINT('Ctrl Pts',(43.2989548920449,5.79933058369918,-82.3191686597873));
#5635=CARTESIAN_POINT('Ctrl Pts',(43.3145675917824,5.78930224029638,-82.2975962450973));
#5636=CARTESIAN_POINT('Ctrl Pts',(43.3374178267454,5.76728720982345,-82.2535634161668));
#5637=CARTESIAN_POINT('Ctrl Pts',(43.3557800909238,5.71384629311837,-82.1588919560607));
#5638=CARTESIAN_POINT('Ctrl Pts',(43.3610383423752,5.67730770944167,-82.1015005595498));
#5639=CARTESIAN_POINT('Ctrl Pts',(43.3650863010779,5.66136340558606,-82.0775121689354));
#5640=CARTESIAN_POINT('Ctrl Pts',(43.2866942682037,5.75537767584441,-82.3069080359462));
#5641=CARTESIAN_POINT('Ctrl Pts',(43.2984851547075,5.74553793340512,-82.2881978273607));
#5642=CARTESIAN_POINT('Ctrl Pts',(43.3166239148197,5.72284794446838,-82.2474612219653));
#5643=CARTESIAN_POINT('Ctrl Pts',(43.3373689298722,5.66809464983637,-82.1649478577868));
#5644=CARTESIAN_POINT('Ctrl Pts',(43.3541878008205,5.63975523558939,-82.1238739541373));
#5645=CARTESIAN_POINT('Ctrl Pts',(43.3650863010779,5.62645499366235,-82.1042982557385));
#5646=CARTESIAN_POINT('Ctrl Pts',(43.2453978018979,5.64035154096161,-82.2656115696404));
#5647=CARTESIAN_POINT('Ctrl Pts',(43.2566578259827,5.63135274202462,-82.2506736998309));
#5648=CARTESIAN_POINT('Ctrl Pts',(43.2788923152094,5.61073675370984,-82.2191682066165));
#5649=CARTESIAN_POINT('Ctrl Pts',(43.3191995697444,5.58391486682566,-82.1733145727266));
#5650=CARTESIAN_POINT('Ctrl Pts',(43.3491019525894,5.57253954299302,-82.1450852234045));
#5651=CARTESIAN_POINT('Ctrl Pts',(43.3650863010779,5.56547567235435,-82.1295567176486));
#5652=CARTESIAN_POINT('Ctrl Pts',(43.2400863010779,5.54499730466529,-82.2603000688204));
#5653=CARTESIAN_POINT('Ctrl Pts',(43.2532035850286,5.54249955178669,-82.2471827848698));
#5654=CARTESIAN_POINT('Ctrl Pts',(43.279952556222,5.5373731543217,-82.2204338136764));
#5655=CARTESIAN_POINT('Ctrl Pts',(43.3216192228886,5.52950599786025,-82.1787671470097));
#5656=CARTESIAN_POINT('Ctrl Pts',(43.3504258072508,5.52438585208887,-82.1499605626475));
#5657=CARTESIAN_POINT('Ctrl Pts',(43.3650863010779,5.52185107394276,-82.1353000688204));
#5658=CARTESIAN_POINT('Ctrl Pts',(43.2400863010779,5.50003775285056,-82.2603000688204));
#5659=CARTESIAN_POINT('Ctrl Pts',(43.2539751899668,5.50003775285056,-82.2464111799315));
#5660=CARTESIAN_POINT('Ctrl Pts',(43.2817529677446,5.50003775285055,-82.2186334021537));
#5661=CARTESIAN_POINT('Ctrl Pts',(43.3234196344113,5.50003775285055,-82.1769667354871));
#5662=CARTESIAN_POINT('Ctrl Pts',(43.3511974121891,5.50003775285055,-82.1491889577093));
#5663=CARTESIAN_POINT('Ctrl Pts',(43.3650863010779,5.50003775285055,-82.1353000688204));
#5664=CARTESIAN_POINT('',(43.2400863010779,5.50003775285056,-82.2603000688204));
#5665=CARTESIAN_POINT('Ctrl Pts',(43.3053493040542,5.82024419687357,-82.3255630717966));
#5666=CARTESIAN_POINT('Ctrl Pts',(43.2989548920449,5.79933058369918,-82.3191686597873));
#5667=CARTESIAN_POINT('Ctrl Pts',(43.2866942682037,5.75537767584441,-82.3069080359462));
#5668=CARTESIAN_POINT('Ctrl Pts',(43.2453978018979,5.64035154096161,-82.2656115696404));
#5669=CARTESIAN_POINT('Ctrl Pts',(43.2400863010779,5.54499730466529,-82.2603000688204));
#5670=CARTESIAN_POINT('Ctrl Pts',(43.2400863010779,5.50003775285056,-82.2603000688204));
#5671=CARTESIAN_POINT('',(43.3650863010779,5.50003775285055,-82.1353000688204));
#5672=CARTESIAN_POINT('',(43.3650863010779,5.50003775285055,-82.1353000688204));
#5673=CARTESIAN_POINT('Origin',(43.3650863010779,5.50003775285055,-81.885337821671));
#5674=CARTESIAN_POINT('Ctrl Pts',(43.3053493040542,5.82024419687357,-82.3255630717966));
#5675=CARTESIAN_POINT('Ctrl Pts',(43.2989548920449,5.79933058369918,-82.3191686597873));
#5676=CARTESIAN_POINT('Ctrl Pts',(43.2866942682037,5.75537767584441,-82.3069080359462));
#5677=CARTESIAN_POINT('Ctrl Pts',(43.2453978018979,5.64035154096161,-82.2656115696404));
#5678=CARTESIAN_POINT('Ctrl Pts',(43.2400863010779,5.54499730466529,-82.2603000688204));
#5679=CARTESIAN_POINT('Ctrl Pts',(43.2400863010779,5.50003775285056,-82.2603000688204));
#5680=CARTESIAN_POINT('Ctrl Pts',(43.2809963800433,5.80978739028637,-82.3435215837982));
#5681=CARTESIAN_POINT('Ctrl Pts',(43.2773824773549,5.78930224029638,-82.3347813595248));
#5682=CARTESIAN_POINT('Ctrl Pts',(43.2679840596182,5.74553793340511,-82.31869892245));
#5683=CARTESIAN_POINT('Ctrl Pts',(43.2304599320885,5.63135274202462,-82.2768715937252));
#5684=CARTESIAN_POINT('Ctrl Pts',(43.2269690171273,5.54249955178669,-82.273417352771));
#5685=CARTESIAN_POINT('Ctrl Pts',(43.2261974121891,5.50003775285056,-82.2741889577093));
#5686=CARTESIAN_POINT('Ctrl Pts',(43.2333358624497,5.78724111500252,-82.368467485872));
#5687=CARTESIAN_POINT('Ctrl Pts',(43.2333496484243,5.76728720982345,-82.3576315944879));
#5688=CARTESIAN_POINT('Ctrl Pts',(43.2272474542228,5.72284794446839,-82.3368376825621));
#5689=CARTESIAN_POINT('Ctrl Pts',(43.198954438874,5.61073675370984,-82.2991060829518));
#5690=CARTESIAN_POINT('Ctrl Pts',(43.2002200459339,5.5373731543217,-82.3001663239644));
#5691=CARTESIAN_POINT('Ctrl Pts',(43.1984196344113,5.50003775285055,-82.3019667354871));
#5692=CARTESIAN_POINT('Ctrl Pts',(43.1325765629553,5.73354509654842,-82.3859446651986));
#5693=CARTESIAN_POINT('Ctrl Pts',(43.1386781883182,5.71384629311836,-82.3759938586663));
#5694=CARTESIAN_POINT('Ctrl Pts',(43.1447340900444,5.66809464983636,-82.3575826976146));
#5695=CARTESIAN_POINT('Ctrl Pts',(43.1531008049842,5.58391486682566,-82.3394133374869));
#5696=CARTESIAN_POINT('Ctrl Pts',(43.1585533792672,5.52950599786025,-82.3418329906311));
#5697=CARTESIAN_POINT('Ctrl Pts',(43.1567529677446,5.50003775285055,-82.3436334021537));
#5698=CARTESIAN_POINT('Ctrl Pts',(43.0679718483929,5.69398457395571,-82.3853000688204));
#5699=CARTESIAN_POINT('Ctrl Pts',(43.0812867918074,5.67730770944167,-82.3812521101176));
#5700=CARTESIAN_POINT('Ctrl Pts',(43.1036601863949,5.63975523558938,-82.374401568563));
#5701=CARTESIAN_POINT('Ctrl Pts',(43.124871455662,5.57253954299302,-82.3693157203318));
#5702=CARTESIAN_POINT('Ctrl Pts',(43.1297467949051,5.52438585208887,-82.3706395749932));
#5703=CARTESIAN_POINT('Ctrl Pts',(43.1289751899668,5.50003775285055,-82.3714111799315));
#5704=CARTESIAN_POINT('Ctrl Pts',(43.0418740539285,5.67678775285055,-82.3853000688204));
#5705=CARTESIAN_POINT('Ctrl Pts',(43.057298401193,5.66136340558605,-82.3853000688204));
#5706=CARTESIAN_POINT('Ctrl Pts',(43.084084487996,5.62645499366235,-82.3853000688204));
#5707=CARTESIAN_POINT('Ctrl Pts',(43.1093429499061,5.56547567235435,-82.3853000688204));
#5708=CARTESIAN_POINT('Ctrl Pts',(43.1150863010779,5.52185107394276,-82.3853000688204));
#5709=CARTESIAN_POINT('Ctrl Pts',(43.1150863010779,5.50003775285055,-82.3853000688204));
#5710=CARTESIAN_POINT('',(43.0418740539285,5.67678775285056,-82.3853000688204));
#5711=CARTESIAN_POINT('Ctrl Pts',(43.3053493040542,5.82024419687357,-82.3255630717966));
#5712=CARTESIAN_POINT('Ctrl Pts',(43.2809963800433,5.80978739028637,-82.3435215837982));
#5713=CARTESIAN_POINT('Ctrl Pts',(43.2333358624497,5.78724111500252,-82.368467485872));
#5714=CARTESIAN_POINT('Ctrl Pts',(43.1325765629553,5.73354509654842,-82.3859446651986));
#5715=CARTESIAN_POINT('Ctrl Pts',(43.0679718483929,5.69398457395571,-82.3853000688204));
#5716=CARTESIAN_POINT('Ctrl Pts',(43.0418740539285,5.67678775285055,-82.3853000688204));
#5717=CARTESIAN_POINT('',(43.1150863010779,5.50003775285055,-82.3853000688204));
#5718=CARTESIAN_POINT('Origin',(42.8651240539285,5.50003775285055,-82.3853000688204));
#5719=CARTESIAN_POINT('',(43.3650863010779,5.50003775285055,-82.1353000688204));
#5720=CARTESIAN_POINT('Ctrl Pts',(12.8248232981016,5.82024419687356,-70.3450370658442));
#5721=CARTESIAN_POINT('Ctrl Pts',(12.8312177101109,5.79933058369918,-70.3514314778535));
#5722=CARTESIAN_POINT('Ctrl Pts',(12.843478333952,5.75537767584441,-70.3636921016947));
#5723=CARTESIAN_POINT('Ctrl Pts',(12.8847748002578,5.64035154096161,-70.4049885680005));
#5724=CARTESIAN_POINT('Ctrl Pts',(12.8900863010778,5.54499730466529,-70.4103000688204));
#5725=CARTESIAN_POINT('Ctrl Pts',(12.8900863010778,5.50003775285055,-70.4103000688204));
#5726=CARTESIAN_POINT('Ctrl Pts',(12.8491762221124,5.80978739028637,-70.3270785538426));
#5727=CARTESIAN_POINT('Ctrl Pts',(12.8527901248009,5.78930224029638,-70.335818778116));
#5728=CARTESIAN_POINT('Ctrl Pts',(12.8621885425375,5.74553793340512,-70.3519012151909));
#5729=CARTESIAN_POINT('Ctrl Pts',(12.8997126700673,5.63135274202462,-70.3937285439156));
#5730=CARTESIAN_POINT('Ctrl Pts',(12.9032035850284,5.54249955178669,-70.3971827848698));
#5731=CARTESIAN_POINT('Ctrl Pts',(12.9039751899667,5.50003775285055,-70.3964111799315));
#5732=CARTESIAN_POINT('Ctrl Pts',(12.8968367397061,5.78724111500252,-70.3021326517689));
#5733=CARTESIAN_POINT('Ctrl Pts',(12.8968229537315,5.76728720982345,-70.312968543153));
#5734=CARTESIAN_POINT('Ctrl Pts',(12.9029251479329,5.72284794446838,-70.3337624550788));
#5735=CARTESIAN_POINT('Ctrl Pts',(12.9312181632817,5.61073675370984,-70.3714940546889));
#5736=CARTESIAN_POINT('Ctrl Pts',(12.9299525562218,5.5373731543217,-70.3704338136764));
#5737=CARTESIAN_POINT('Ctrl Pts',(12.9317529677445,5.50003775285056,-70.3686334021538));
#5738=CARTESIAN_POINT('Ctrl Pts',(12.9975960392005,5.73354509654843,-70.2846554724422));
#5739=CARTESIAN_POINT('Ctrl Pts',(12.9914944138375,5.71384629311836,-70.2946062789746));
#5740=CARTESIAN_POINT('Ctrl Pts',(12.9854385121114,5.66809464983636,-70.3130174400261));
#5741=CARTESIAN_POINT('Ctrl Pts',(12.9770717971715,5.58391486682566,-70.331186800154));
#5742=CARTESIAN_POINT('Ctrl Pts',(12.9716192228885,5.52950599786025,-70.3287671470097));
#5743=CARTESIAN_POINT('Ctrl Pts',(12.9734196344111,5.50003775285055,-70.3269667354871));
#5744=CARTESIAN_POINT('Ctrl Pts',(13.0622007537629,5.69398457395571,-70.2853000688204));
#5745=CARTESIAN_POINT('Ctrl Pts',(13.0488858103484,5.67730770944166,-70.2893480275232));
#5746=CARTESIAN_POINT('Ctrl Pts',(13.0265124157609,5.63975523558938,-70.2961985690778));
#5747=CARTESIAN_POINT('Ctrl Pts',(13.0053011464937,5.57253954299302,-70.301284417309));
#5748=CARTESIAN_POINT('Ctrl Pts',(13.0004258072506,5.52438585208887,-70.2999605626476));
#5749=CARTESIAN_POINT('Ctrl Pts',(13.0011974121889,5.50003775285055,-70.2991889577093));
#5750=CARTESIAN_POINT('Ctrl Pts',(13.0882985482272,5.67678775285055,-70.2853000688204));
#5751=CARTESIAN_POINT('Ctrl Pts',(13.0728742009627,5.66136340558605,-70.2853000688204));
#5752=CARTESIAN_POINT('Ctrl Pts',(13.0460881141597,5.62645499366235,-70.2853000688204));
#5753=CARTESIAN_POINT('Ctrl Pts',(13.0208296522496,5.56547567235435,-70.2853000688204));
#5754=CARTESIAN_POINT('Ctrl Pts',(13.0150863010778,5.52185107394276,-70.2853000688204));
#5755=CARTESIAN_POINT('Ctrl Pts',(13.0150863010778,5.50003775285055,-70.2853000688204));
#5756=CARTESIAN_POINT('',(12.8248232981016,5.82024419687356,-70.3450370658442));
#5757=CARTESIAN_POINT('',(12.8900863010778,5.50003775285055,-70.4103000688204));
#5758=CARTESIAN_POINT('Ctrl Pts',(12.8248232981016,5.82024419687356,-70.3450370658442));
#5759=CARTESIAN_POINT('Ctrl Pts',(12.8312177101109,5.79933058369918,-70.3514314778535));
#5760=CARTESIAN_POINT('Ctrl Pts',(12.843478333952,5.75537767584441,-70.3636921016947));
#5761=CARTESIAN_POINT('Ctrl Pts',(12.8847748002578,5.64035154096161,-70.4049885680005));
#5762=CARTESIAN_POINT('Ctrl Pts',(12.8900863010778,5.54499730466529,-70.4103000688204));
#5763=CARTESIAN_POINT('Ctrl Pts',(12.8900863010778,5.50003775285055,-70.4103000688204));
#5764=CARTESIAN_POINT('',(13.0882985482273,5.67678775285057,-70.2853000688204));
#5765=CARTESIAN_POINT('Ctrl Pts',(12.8248232981016,5.82024419687356,-70.3450370658442));
#5766=CARTESIAN_POINT('Ctrl Pts',(12.8491762221124,5.80978739028637,-70.3270785538426));
#5767=CARTESIAN_POINT('Ctrl Pts',(12.8968367397061,5.78724111500252,-70.3021326517689));
#5768=CARTESIAN_POINT('Ctrl Pts',(12.9975960392005,5.73354509654843,-70.2846554724422));
#5769=CARTESIAN_POINT('Ctrl Pts',(13.0622007537629,5.69398457395571,-70.2853000688204));
#5770=CARTESIAN_POINT('Ctrl Pts',(13.0882985482272,5.67678775285055,-70.2853000688204));
#5771=CARTESIAN_POINT('',(13.0150863010778,5.50003775285055,-70.2853000688204));
#5772=CARTESIAN_POINT('Origin',(13.2650485482273,5.50003775285055,-70.2853000688204));
#5773=CARTESIAN_POINT('',(12.7650863010778,5.50003775285055,-70.5353000688204));
#5774=CARTESIAN_POINT('Ctrl Pts',(12.8248232981016,5.82024419687356,-70.3450370658442));
#5775=CARTESIAN_POINT('Ctrl Pts',(12.8491762221124,5.80978739028637,-70.3270785538426));
#5776=CARTESIAN_POINT('Ctrl Pts',(12.8968367397061,5.78724111500252,-70.3021326517689));
#5777=CARTESIAN_POINT('Ctrl Pts',(12.9975960392005,5.73354509654843,-70.2846554724422));
#5778=CARTESIAN_POINT('Ctrl Pts',(13.0622007537629,5.69398457395571,-70.2853000688204));
#5779=CARTESIAN_POINT('Ctrl Pts',(13.0882985482272,5.67678775285055,-70.2853000688204));
#5780=CARTESIAN_POINT('Ctrl Pts',(12.8427818101031,5.83070100346075,-70.3206841418333));
#5781=CARTESIAN_POINT('Ctrl Pts',(12.8674759626944,5.82009892963505,-70.3062010388575));
#5782=CARTESIAN_POINT('Ctrl Pts',(12.9155251585697,5.79754935590333,-70.2860331638498));
#5783=CARTESIAN_POINT('Ctrl Pts',(13.0170250786385,5.74553466852984,-70.2746268370875));
#5784=CARTESIAN_POINT('Ctrl Pts',(13.0784154521179,5.70875068056918,-70.2812521101177));
#5785=CARTESIAN_POINT('Ctrl Pts',(13.1037228954917,5.69221210011505,-70.2853000688204));
#5786=CARTESIAN_POINT('Ctrl Pts',(12.886992026578,5.84900440781538,-70.2745941785656));
#5787=CARTESIAN_POINT('Ctrl Pts',(12.9120905304058,5.83818172528385,-70.2661005522055));
#5788=CARTESIAN_POINT('Ctrl Pts',(12.9616694406754,5.81518442037583,-70.2544491152881));
#5789=CARTESIAN_POINT('Ctrl Pts',(13.0664722894121,5.76575210131908,-70.256294989649));
#5790=CARTESIAN_POINT('Ctrl Pts',(13.1162049772974,5.73461316883805,-70.274401568563));
#5791=CARTESIAN_POINT('Ctrl Pts',(13.1386313074155,5.7189981869181,-70.2853000688204));
#5792=CARTESIAN_POINT('Ctrl Pts',(13.0359881236609,5.87116376939345,-70.1839239135669));
#5793=CARTESIAN_POINT('Ctrl Pts',(13.0594420286954,5.85873309555103,-70.1885070174399));
#5794=CARTESIAN_POINT('Ctrl Pts',(13.1067324655274,5.83248669132983,-70.2014871586398));
#5795=CARTESIAN_POINT('Ctrl Pts',(13.1667905169941,5.78870086327436,-70.2389062988211));
#5796=CARTESIAN_POINT('Ctrl Pts',(13.1874289516142,5.75977681625669,-70.2693157203319));
#5797=CARTESIAN_POINT('Ctrl Pts',(13.1996106287235,5.74425664882818,-70.2853000688204));
#5798=CARTESIAN_POINT('Ctrl Pts',(13.1900367640326,5.875,-70.1603000688204));
#5799=CARTESIAN_POINT('Ctrl Pts',(13.1987528208575,5.86188271604938,-70.173417352771));
#5800=CARTESIAN_POINT('Ctrl Pts',(13.2135694595789,5.83513374485597,-70.2001663239645));
#5801=CARTESIAN_POINT('Ctrl Pts',(13.2306773912268,5.7934670781893,-70.2418329906311));
#5802=CARTESIAN_POINT('Ctrl Pts',(13.2392169534291,5.76466049382716,-70.2706395749933));
#5803=CARTESIAN_POINT('Ctrl Pts',(13.243235227135,5.75,-70.2853000688204));
#5804=CARTESIAN_POINT('Ctrl Pts',(13.2650485482272,5.875,-70.1603000688204));
#5805=CARTESIAN_POINT('Ctrl Pts',(13.2650485482272,5.86111111111111,-70.1741889577093));
#5806=CARTESIAN_POINT('Ctrl Pts',(13.2650485482273,5.83333333333333,-70.2019667354871));
#5807=CARTESIAN_POINT('Ctrl Pts',(13.2650485482272,5.79166666666667,-70.2436334021538));
#5808=CARTESIAN_POINT('Ctrl Pts',(13.2650485482273,5.76388888888889,-70.2714111799315));
#5809=CARTESIAN_POINT('Ctrl Pts',(13.2650485482273,5.75,-70.2853000688204));
#5810=CARTESIAN_POINT('',(13.2650485482272,5.875,-70.1603000688204));
#5811=CARTESIAN_POINT('Ctrl Pts',(12.8248232981016,5.82024419687356,-70.3450370658442));
#5812=CARTESIAN_POINT('Ctrl Pts',(12.8427818101031,5.83070100346075,-70.3206841418333));
#5813=CARTESIAN_POINT('Ctrl Pts',(12.886992026578,5.84900440781538,-70.2745941785656));
#5814=CARTESIAN_POINT('Ctrl Pts',(13.0359881236609,5.87116376939345,-70.1839239135669));
#5815=CARTESIAN_POINT('Ctrl Pts',(13.1900367640326,5.875,-70.1603000688204));
#5816=CARTESIAN_POINT('Ctrl Pts',(13.2650485482272,5.875,-70.1603000688204));
#5817=CARTESIAN_POINT('',(13.2650485482273,5.75,-70.2853000688204));
#5818=CARTESIAN_POINT('',(13.2650485482273,5.75,-70.2853000688204));
#5819=CARTESIAN_POINT('Origin',(13.2650485482273,5.50003775285055,-70.2853000688204));
#5820=CARTESIAN_POINT('Ctrl Pts',(12.8248232981016,5.82024419687356,-70.3450370658442));
#5821=CARTESIAN_POINT('Ctrl Pts',(12.8427818101031,5.83070100346075,-70.3206841418333));
#5822=CARTESIAN_POINT('Ctrl Pts',(12.886992026578,5.84900440781538,-70.2745941785656));
#5823=CARTESIAN_POINT('Ctrl Pts',(13.0359881236609,5.87116376939345,-70.1839239135669));
#5824=CARTESIAN_POINT('Ctrl Pts',(13.1900367640326,5.875,-70.1603000688204));
#5825=CARTESIAN_POINT('Ctrl Pts',(13.2650485482272,5.875,-70.1603000688204));
#5826=CARTESIAN_POINT('Ctrl Pts',(12.8184288860923,5.84115781004794,-70.3386426538349));
#5827=CARTESIAN_POINT('Ctrl Pts',(12.8378766103585,5.84971934502237,-70.3137868009491));
#5828=CARTESIAN_POINT('Ctrl Pts',(12.8853088425265,5.86523933197513,-70.2653106576775));
#5829=CARTESIAN_POINT('Ctrl Pts',(13.0399027043495,5.88481721040633,-70.1710996951908));
#5830=CARTESIAN_POINT('Ctrl Pts',(13.1896553498961,5.88811728395062,-70.1471827848698));
#5831=CARTESIAN_POINT('Ctrl Pts',(13.2650485482272,5.88888888888889,-70.1464111799315));
#5832=CARTESIAN_POINT('Ctrl Pts',(12.8076730874132,5.87811535115013,-70.3278868551559));
#5833=CARTESIAN_POINT('Ctrl Pts',(12.8302557109868,5.88437611825578,-70.3002799603464));
#5834=CARTESIAN_POINT('Ctrl Pts',(12.8854509228756,5.89649602184712,-70.2433031562657));
#5835=CARTESIAN_POINT('Ctrl Pts',(13.05090000401,5.91243784141703,-70.1418172019493));
#5836=CARTESIAN_POINT('Ctrl Pts',(13.1891024721436,5.91486625514403,-70.1204338136764));
#5837=CARTESIAN_POINT('Ctrl Pts',(13.2650485482273,5.91666666666667,-70.1186334021537));
#5838=CARTESIAN_POINT('Ctrl Pts',(12.7728569783659,5.94037618852488,-70.2930707461086));
#5839=CARTESIAN_POINT('Ctrl Pts',(12.8045027053489,5.94425464506196,-70.2551984316603));
#5840=CARTESIAN_POINT('Ctrl Pts',(12.882010340079,5.95177733418324,-70.1805552304763));
#5841=CARTESIAN_POINT('Ctrl Pts',(13.0533433902195,5.95548431678655,-70.0977785189998));
#5842=CARTESIAN_POINT('Ctrl Pts',(13.1901269840283,5.9565329218107,-70.0787671470097));
#5843=CARTESIAN_POINT('Ctrl Pts',(13.2650485482273,5.95833333333333,-70.0769667354871));
#5844=CARTESIAN_POINT('Ctrl Pts',(12.7440044168932,5.98148148148148,-70.2642181846359));
#5845=CARTESIAN_POINT('Ctrl Pts',(12.7851223036759,5.98251028806584,-70.2220714912688));
#5846=CARTESIAN_POINT('Ctrl Pts',(12.8811578244512,5.98365864209961,-70.1465461729803));
#5847=CARTESIAN_POINT('Ctrl Pts',(13.0609501081481,5.98414772379959,-70.0696670342708));
#5848=CARTESIAN_POINT('Ctrl Pts',(13.1959660762578,5.98533950617284,-70.0499605626476));
#5849=CARTESIAN_POINT('Ctrl Pts',(13.2650485482273,5.98611111111111,-70.0491889577093));
#5850=CARTESIAN_POINT('Ctrl Pts',(12.734745157634,6.,-70.2549589253766));
#5851=CARTESIAN_POINT('Ctrl Pts',(12.7810228586357,6.,-70.2086812243749));
#5852=CARTESIAN_POINT('Ctrl Pts',(12.8857586391356,6.,-70.1283148727348));
#5853=CARTESIAN_POINT('Ctrl Pts',(13.0687150229869,6.,-70.0525318572209));
#5854=CARTESIAN_POINT('Ctrl Pts',(13.1996019958352,6.,-70.0353000688204));
#5855=CARTESIAN_POINT('Ctrl Pts',(13.2650485482273,6.,-70.0353000688204));
#5856=CARTESIAN_POINT('',(12.734745157634,6.,-70.2549589253766));
#5857=CARTESIAN_POINT('Ctrl Pts',(12.8248232981016,5.82024419687356,-70.3450370658442));
#5858=CARTESIAN_POINT('Ctrl Pts',(12.8184288860923,5.84115781004794,-70.3386426538349));
#5859=CARTESIAN_POINT('Ctrl Pts',(12.8076730874132,5.87811535115013,-70.3278868551559));
#5860=CARTESIAN_POINT('Ctrl Pts',(12.7728569783659,5.94037618852488,-70.2930707461086));
#5861=CARTESIAN_POINT('Ctrl Pts',(12.7440044168932,5.98148148148148,-70.2642181846359));
#5862=CARTESIAN_POINT('Ctrl Pts',(12.734745157634,6.,-70.2549589253766));
#5863=CARTESIAN_POINT('',(13.2650485482273,6.,-70.0353000688204));
#5864=CARTESIAN_POINT('Origin',(13.2650485482273,6.,-70.7852623159699));
#5865=CARTESIAN_POINT('',(13.2650485482273,5.75,-70.2853000688204));
#5866=CARTESIAN_POINT('Ctrl Pts',(12.8248232981016,5.82024419687356,-70.3450370658442));
#5867=CARTESIAN_POINT('Ctrl Pts',(12.8184288860923,5.84115781004794,-70.3386426538349));
#5868=CARTESIAN_POINT('Ctrl Pts',(12.8076730874132,5.87811535115013,-70.3278868551559));
#5869=CARTESIAN_POINT('Ctrl Pts',(12.7728569783659,5.94037618852488,-70.2930707461086));
#5870=CARTESIAN_POINT('Ctrl Pts',(12.7440044168932,5.98148148148148,-70.2642181846359));
#5871=CARTESIAN_POINT('Ctrl Pts',(12.734745157634,6.,-70.2549589253766));
#5872=CARTESIAN_POINT('Ctrl Pts',(12.8004703740907,5.83070100346075,-70.3629955778458));
#5873=CARTESIAN_POINT('Ctrl Pts',(12.7935730332065,5.84971934502237,-70.3580903781011));
#5874=CARTESIAN_POINT('Ctrl Pts',(12.7800661926038,5.88437611825578,-70.3504694787295));
#5875=CARTESIAN_POINT('Ctrl Pts',(12.7349846639177,5.94425464506196,-70.3247164730915));
#5876=CARTESIAN_POINT('Ctrl Pts',(12.7018577235262,5.98251028806584,-70.3053360714186));
#5877=CARTESIAN_POINT('Ctrl Pts',(12.6884674566323,6.,-70.3012366263783));
#5878=CARTESIAN_POINT('Ctrl Pts',(12.754380410823,5.84900440781538,-70.4072057943206));
#5879=CARTESIAN_POINT('Ctrl Pts',(12.7450968899349,5.86523933197513,-70.4055226102691));
#5880=CARTESIAN_POINT('Ctrl Pts',(12.723089388523,5.89649602184712,-70.4056646906182));
#5881=CARTESIAN_POINT('Ctrl Pts',(12.6603414627336,5.95177733418324,-70.4022241078216));
#5882=CARTESIAN_POINT('Ctrl Pts',(12.6263324052377,5.98365864209961,-70.4013715921938));
#5883=CARTESIAN_POINT('Ctrl Pts',(12.6081011049922,6.,-70.4059724068783));
#5884=CARTESIAN_POINT('Ctrl Pts',(12.6637101458243,5.87116376939345,-70.5562018914035));
#5885=CARTESIAN_POINT('Ctrl Pts',(12.6508859274482,5.88481721040633,-70.5601164720921));
#5886=CARTESIAN_POINT('Ctrl Pts',(12.6216034342067,5.91243784141703,-70.5711137717526));
#5887=CARTESIAN_POINT('Ctrl Pts',(12.5775647512571,5.95548431678654,-70.5735571579621));
#5888=CARTESIAN_POINT('Ctrl Pts',(12.5494532665282,5.98414772379959,-70.5811638758907));
#5889=CARTESIAN_POINT('Ctrl Pts',(12.5323180894783,6.,-70.5889287907295));
#5890=CARTESIAN_POINT('Ctrl Pts',(12.6400863010778,5.875,-70.7102505317753));
#5891=CARTESIAN_POINT('Ctrl Pts',(12.6269690171272,5.88811728395062,-70.7098691176387));
#5892=CARTESIAN_POINT('Ctrl Pts',(12.6002200459338,5.91486625514403,-70.7093162398863));
#5893=CARTESIAN_POINT('Ctrl Pts',(12.5585533792671,5.9565329218107,-70.710340751771));
#5894=CARTESIAN_POINT('Ctrl Pts',(12.529746794905,5.98533950617284,-70.7161798440005));
#5895=CARTESIAN_POINT('Ctrl Pts',(12.5150863010778,6.,-70.7198157635778));
#5896=CARTESIAN_POINT('Ctrl Pts',(12.6400863010778,5.875,-70.7852623159699));
#5897=CARTESIAN_POINT('Ctrl Pts',(12.6261974121889,5.88888888888889,-70.7852623159699));
#5898=CARTESIAN_POINT('Ctrl Pts',(12.5984196344111,5.91666666666667,-70.7852623159699));
#5899=CARTESIAN_POINT('Ctrl Pts',(12.5567529677445,5.95833333333333,-70.7852623159699));
#5900=CARTESIAN_POINT('Ctrl Pts',(12.5289751899667,5.98611111111111,-70.7852623159699));
#5901=CARTESIAN_POINT('Ctrl Pts',(12.5150863010778,6.,-70.7852623159699));
#5902=CARTESIAN_POINT('',(12.6400863010778,5.875,-70.7852623159699));
#5903=CARTESIAN_POINT('Ctrl Pts',(12.8248232981016,5.82024419687356,-70.3450370658442));
#5904=CARTESIAN_POINT('Ctrl Pts',(12.8004703740907,5.83070100346075,-70.3629955778458));
#5905=CARTESIAN_POINT('Ctrl Pts',(12.754380410823,5.84900440781538,-70.4072057943206));
#5906=CARTESIAN_POINT('Ctrl Pts',(12.6637101458243,5.87116376939345,-70.5562018914035));
#5907=CARTESIAN_POINT('Ctrl Pts',(12.6400863010778,5.875,-70.7102505317753));
#5908=CARTESIAN_POINT('Ctrl Pts',(12.6400863010778,5.875,-70.7852623159699));
#5909=CARTESIAN_POINT('',(12.5150863010778,6.,-70.7852623159699));
#5910=CARTESIAN_POINT('',(12.5150863010778,6.,-70.7852623159699));
#5911=CARTESIAN_POINT('Origin',(13.2650485482273,6.,-70.7852623159699));
#5912=CARTESIAN_POINT('Ctrl Pts',(12.8248232981016,5.82024419687356,-70.3450370658442));
#5913=CARTESIAN_POINT('Ctrl Pts',(12.8004703740907,5.83070100346075,-70.3629955778458));
#5914=CARTESIAN_POINT('Ctrl Pts',(12.754380410823,5.84900440781538,-70.4072057943206));
#5915=CARTESIAN_POINT('Ctrl Pts',(12.6637101458243,5.87116376939345,-70.5562018914035));
#5916=CARTESIAN_POINT('Ctrl Pts',(12.6400863010778,5.875,-70.7102505317753));
#5917=CARTESIAN_POINT('Ctrl Pts',(12.6400863010778,5.875,-70.7852623159699));
#5918=CARTESIAN_POINT('Ctrl Pts',(12.8068647861,5.80978739028637,-70.3693899898551));
#5919=CARTESIAN_POINT('Ctrl Pts',(12.7859872711149,5.82009892963505,-70.3876897304371));
#5920=CARTESIAN_POINT('Ctrl Pts',(12.7458867844629,5.83818172528385,-70.4323042981484));
#5921=CARTESIAN_POINT('Ctrl Pts',(12.6682932496973,5.85873309555103,-70.5796557964381));
#5922=CARTESIAN_POINT('Ctrl Pts',(12.6532035850284,5.86188271604938,-70.7189665886001));
#5923=CARTESIAN_POINT('Ctrl Pts',(12.6539751899667,5.86111111111111,-70.7852623159699));
#5924=CARTESIAN_POINT('Ctrl Pts',(12.7819188840263,5.78724111500252,-70.4170505074487));
#5925=CARTESIAN_POINT('Ctrl Pts',(12.7658193961072,5.79754935590333,-70.4357389263124));
#5926=CARTESIAN_POINT('Ctrl Pts',(12.7342353475455,5.81518442037583,-70.481883208418));
#5927=CARTESIAN_POINT('Ctrl Pts',(12.6812733908972,5.83248669132982,-70.62694623327));
#5928=CARTESIAN_POINT('Ctrl Pts',(12.6799525562218,5.83513374485596,-70.7337832273215));
#5929=CARTESIAN_POINT('Ctrl Pts',(12.6817529677445,5.83333333333333,-70.7852623159699));
#5930=CARTESIAN_POINT('Ctrl Pts',(12.7644417046996,5.73354509654842,-70.5178098069431));
#5931=CARTESIAN_POINT('Ctrl Pts',(12.7544130693448,5.74553466852984,-70.5372388463811));
#5932=CARTESIAN_POINT('Ctrl Pts',(12.7360812219063,5.76575210131907,-70.5866860571548));
#5933=CARTESIAN_POINT('Ctrl Pts',(12.7186925310785,5.78870086327436,-70.6870042847368));
#5934=CARTESIAN_POINT('Ctrl Pts',(12.7216192228885,5.7934670781893,-70.7508911589694));
#5935=CARTESIAN_POINT('Ctrl Pts',(12.7234196344111,5.79166666666666,-70.7852623159699));
#5936=CARTESIAN_POINT('Ctrl Pts',(12.7650863010778,5.69398457395571,-70.5824145215055));
#5937=CARTESIAN_POINT('Ctrl Pts',(12.761038342375,5.70875068056918,-70.5986292198605));
#5938=CARTESIAN_POINT('Ctrl Pts',(12.7541878008204,5.73461316883805,-70.63641874504));
#5939=CARTESIAN_POINT('Ctrl Pts',(12.7491019525892,5.75977681625669,-70.7076427193568));
#5940=CARTESIAN_POINT('Ctrl Pts',(12.7504258072506,5.76466049382716,-70.7594307211717));
#5941=CARTESIAN_POINT('Ctrl Pts',(12.7511974121889,5.76388888888888,-70.7852623159699));
#5942=CARTESIAN_POINT('Ctrl Pts',(12.7650863010778,5.67678775285055,-70.6085123159699));
#5943=CARTESIAN_POINT('Ctrl Pts',(12.7650863010778,5.69221210011505,-70.6239366632344));
#5944=CARTESIAN_POINT('Ctrl Pts',(12.7650863010778,5.7189981869181,-70.6588450751581));
#5945=CARTESIAN_POINT('Ctrl Pts',(12.7650863010778,5.74425664882818,-70.7198243964661));
#5946=CARTESIAN_POINT('Ctrl Pts',(12.7650863010778,5.75,-70.7634489948777));
#5947=CARTESIAN_POINT('Ctrl Pts',(12.7650863010778,5.75,-70.7852623159699));
#5948=CARTESIAN_POINT('',(12.7650863010778,5.67678775285055,-70.6085123159699));
#5949=CARTESIAN_POINT('Ctrl Pts',(12.8248232981016,5.82024419687356,-70.3450370658442));
#5950=CARTESIAN_POINT('Ctrl Pts',(12.8068647861,5.80978739028637,-70.3693899898551));
#5951=CARTESIAN_POINT('Ctrl Pts',(12.7819188840263,5.78724111500252,-70.4170505074487));
#5952=CARTESIAN_POINT('Ctrl Pts',(12.7644417046996,5.73354509654842,-70.5178098069431));
#5953=CARTESIAN_POINT('Ctrl Pts',(12.7650863010778,5.69398457395571,-70.5824145215055));
#5954=CARTESIAN_POINT('Ctrl Pts',(12.7650863010778,5.67678775285055,-70.6085123159699));
#5955=CARTESIAN_POINT('',(12.7650863010778,5.75,-70.7852623159699));
#5956=CARTESIAN_POINT('Origin',(12.7650863010778,5.50003775285055,-70.7852623159699));
#5957=CARTESIAN_POINT('',(12.5150863010778,6.,-70.7852623159699));
#5958=CARTESIAN_POINT('Ctrl Pts',(12.8248232981016,5.82024419687356,-82.3255630717967));
#5959=CARTESIAN_POINT('Ctrl Pts',(12.8004703740907,5.83070100346075,-82.3076045597951));
#5960=CARTESIAN_POINT('Ctrl Pts',(12.754380410823,5.84900440781538,-82.2633943433202));
#5961=CARTESIAN_POINT('Ctrl Pts',(12.6637101458243,5.87116376939345,-82.1143982462374));
#5962=CARTESIAN_POINT('Ctrl Pts',(12.6400863010778,5.875,-81.9603496058656));
#5963=CARTESIAN_POINT('Ctrl Pts',(12.6400863010778,5.875,-81.885337821671));
#5964=CARTESIAN_POINT('Ctrl Pts',(12.8184288860923,5.84115781004794,-82.331957483806));
#5965=CARTESIAN_POINT('Ctrl Pts',(12.7935730332065,5.84971934502237,-82.3125097595397));
#5966=CARTESIAN_POINT('Ctrl Pts',(12.7450968899349,5.86523933197513,-82.2650775273717));
#5967=CARTESIAN_POINT('Ctrl Pts',(12.6508859274482,5.88481721040633,-82.1104836655488));
#5968=CARTESIAN_POINT('Ctrl Pts',(12.6269690171272,5.88811728395062,-81.9607310200021));
#5969=CARTESIAN_POINT('Ctrl Pts',(12.6261974121889,5.88888888888889,-81.885337821671));
#5970=CARTESIAN_POINT('Ctrl Pts',(12.8076730874132,5.87811535115013,-82.342713282485));
#5971=CARTESIAN_POINT('Ctrl Pts',(12.7800661926038,5.88437611825579,-82.3201306589114));
#5972=CARTESIAN_POINT('Ctrl Pts',(12.723089388523,5.89649602184712,-82.2649354470227));
#5973=CARTESIAN_POINT('Ctrl Pts',(12.6216034342067,5.91243784141703,-82.0994863658882));
#5974=CARTESIAN_POINT('Ctrl Pts',(12.6002200459338,5.91486625514403,-81.9612838977546));
#5975=CARTESIAN_POINT('Ctrl Pts',(12.5984196344112,5.91666666666667,-81.885337821671));
#5976=CARTESIAN_POINT('Ctrl Pts',(12.7728569783659,5.94037618852488,-82.3775293915323));
#5977=CARTESIAN_POINT('Ctrl Pts',(12.7349846639177,5.94425464506196,-82.3458836645493));
#5978=CARTESIAN_POINT('Ctrl Pts',(12.6603414627336,5.95177733418324,-82.2683760298192));
#5979=CARTESIAN_POINT('Ctrl Pts',(12.5775647512572,5.95548431678655,-82.0970429796789));
#5980=CARTESIAN_POINT('Ctrl Pts',(12.5585533792671,5.9565329218107,-81.9602593858699));
#5981=CARTESIAN_POINT('Ctrl Pts',(12.5567529677445,5.95833333333333,-81.885337821671));
#5982=CARTESIAN_POINT('Ctrl Pts',(12.7440044168932,5.98148148148148,-82.406381953005));
#5983=CARTESIAN_POINT('Ctrl Pts',(12.7018577235262,5.98251028806584,-82.3652640662223));
#5984=CARTESIAN_POINT('Ctrl Pts',(12.6263324052377,5.98365864209961,-82.2692285454471));
#5985=CARTESIAN_POINT('Ctrl Pts',(12.5494532665282,5.98414772379959,-82.0894362617501));
#5986=CARTESIAN_POINT('Ctrl Pts',(12.529746794905,5.98533950617284,-81.9544202936404));
#5987=CARTESIAN_POINT('Ctrl Pts',(12.5289751899667,5.98611111111111,-81.885337821671));
#5988=CARTESIAN_POINT('Ctrl Pts',(12.734745157634,6.,-82.4156412122642));
#5989=CARTESIAN_POINT('Ctrl Pts',(12.6884674566323,6.,-82.3693635112625));
#5990=CARTESIAN_POINT('Ctrl Pts',(12.6081011049922,6.,-82.2646277307626));
#5991=CARTESIAN_POINT('Ctrl Pts',(12.5323180894783,6.,-82.0816713469113));
#5992=CARTESIAN_POINT('Ctrl Pts',(12.5150863010778,6.,-81.9507843740631));
#5993=CARTESIAN_POINT('Ctrl Pts',(12.5150863010778,6.,-81.885337821671));
#5994=CARTESIAN_POINT('',(12.8248232981016,5.82024419687356,-82.3255630717967));
#5995=CARTESIAN_POINT('',(12.6400863010778,5.875,-81.885337821671));
#5996=CARTESIAN_POINT('Ctrl Pts',(12.8248232981016,5.82024419687356,-82.3255630717967));
#5997=CARTESIAN_POINT('Ctrl Pts',(12.8004703740907,5.83070100346075,-82.3076045597951));
#5998=CARTESIAN_POINT('Ctrl Pts',(12.754380410823,5.84900440781538,-82.2633943433202));
#5999=CARTESIAN_POINT('Ctrl Pts',(12.6637101458243,5.87116376939345,-82.1143982462374));
#6000=CARTESIAN_POINT('Ctrl Pts',(12.6400863010778,5.875,-81.9603496058656));
#6001=CARTESIAN_POINT('Ctrl Pts',(12.6400863010778,5.875,-81.885337821671));
#6002=CARTESIAN_POINT('',(12.734745157634,6.,-82.4156412122642));
#6003=CARTESIAN_POINT('Ctrl Pts',(12.8248232981016,5.82024419687356,-82.3255630717967));
#6004=CARTESIAN_POINT('Ctrl Pts',(12.8184288860923,5.84115781004794,-82.331957483806));
#6005=CARTESIAN_POINT('Ctrl Pts',(12.8076730874132,5.87811535115013,-82.342713282485));
#6006=CARTESIAN_POINT('Ctrl Pts',(12.7728569783659,5.94037618852488,-82.3775293915323));
#6007=CARTESIAN_POINT('Ctrl Pts',(12.7440044168932,5.98148148148148,-82.406381953005));
#6008=CARTESIAN_POINT('Ctrl Pts',(12.734745157634,6.,-82.4156412122642));
#6009=CARTESIAN_POINT('',(12.5150863010778,6.,-81.885337821671));
#6010=CARTESIAN_POINT('Origin',(13.2650485482272,6.,-81.885337821671));
#6011=CARTESIAN_POINT('',(12.7650863010778,5.75,-81.885337821671));
#6012=CARTESIAN_POINT('Ctrl Pts',(12.8248232981016,5.82024419687356,-82.3255630717967));
#6013=CARTESIAN_POINT('Ctrl Pts',(12.8184288860923,5.84115781004794,-82.331957483806));
#6014=CARTESIAN_POINT('Ctrl Pts',(12.8076730874132,5.87811535115013,-82.342713282485));
#6015=CARTESIAN_POINT('Ctrl Pts',(12.7728569783659,5.94037618852488,-82.3775293915323));
#6016=CARTESIAN_POINT('Ctrl Pts',(12.7440044168932,5.98148148148148,-82.406381953005));
#6017=CARTESIAN_POINT('Ctrl Pts',(12.734745157634,6.,-82.4156412122642));
#6018=CARTESIAN_POINT('Ctrl Pts',(12.8427818101031,5.83070100346075,-82.3499159958075));
#6019=CARTESIAN_POINT('Ctrl Pts',(12.8378766103585,5.84971934502237,-82.3568133366918));
#6020=CARTESIAN_POINT('Ctrl Pts',(12.8302557109868,5.88437611825579,-82.3703201772945));
#6021=CARTESIAN_POINT('Ctrl Pts',(12.8045027053489,5.94425464506196,-82.4154017059805));
#6022=CARTESIAN_POINT('Ctrl Pts',(12.7851223036759,5.98251028806584,-82.4485286463721));
#6023=CARTESIAN_POINT('Ctrl Pts',(12.7810228586357,6.,-82.461918913266));
#6024=CARTESIAN_POINT('Ctrl Pts',(12.886992026578,5.84900440781538,-82.3960059590752));
#6025=CARTESIAN_POINT('Ctrl Pts',(12.8853088425265,5.86523933197513,-82.4052894799633));
#6026=CARTESIAN_POINT('Ctrl Pts',(12.8854509228756,5.89649602184712,-82.4272969813752));
#6027=CARTESIAN_POINT('Ctrl Pts',(12.882010340079,5.95177733418324,-82.4900449071646));
#6028=CARTESIAN_POINT('Ctrl Pts',(12.8811578244512,5.98365864209961,-82.5240539646605));
#6029=CARTESIAN_POINT('Ctrl Pts',(12.8857586391357,6.,-82.542285264906));
#6030=CARTESIAN_POINT('Ctrl Pts',(13.0359881236609,5.87116376939345,-82.4866762240739));
#6031=CARTESIAN_POINT('Ctrl Pts',(13.0399027043495,5.88481721040633,-82.49950044245));
#6032=CARTESIAN_POINT('Ctrl Pts',(13.05090000401,5.91243784141703,-82.5287829356916));
#6033=CARTESIAN_POINT('Ctrl Pts',(13.0533433902195,5.95548431678655,-82.572821618641));
#6034=CARTESIAN_POINT('Ctrl Pts',(13.0609501081481,5.98414772379959,-82.60093310337));
#6035=CARTESIAN_POINT('Ctrl Pts',(13.0687150229869,6.,-82.6180682804199));
#6036=CARTESIAN_POINT('Ctrl Pts',(13.1900367640326,5.875,-82.5103000688204));
#6037=CARTESIAN_POINT('Ctrl Pts',(13.1896553498961,5.88811728395062,-82.523417352771));
#6038=CARTESIAN_POINT('Ctrl Pts',(13.1891024721436,5.91486625514403,-82.5501663239645));
#6039=CARTESIAN_POINT('Ctrl Pts',(13.1901269840283,5.9565329218107,-82.5918329906311));
#6040=CARTESIAN_POINT('Ctrl Pts',(13.1959660762579,5.98533950617284,-82.6206395749932));
#6041=CARTESIAN_POINT('Ctrl Pts',(13.1996019958352,6.,-82.6353000688204));
#6042=CARTESIAN_POINT('Ctrl Pts',(13.2650485482272,5.875,-82.5103000688204));
#6043=CARTESIAN_POINT('Ctrl Pts',(13.2650485482272,5.88888888888889,-82.5241889577093));
#6044=CARTESIAN_POINT('Ctrl Pts',(13.2650485482273,5.91666666666667,-82.5519667354871));
#6045=CARTESIAN_POINT('Ctrl Pts',(13.2650485482272,5.95833333333333,-82.5936334021537));
#6046=CARTESIAN_POINT('Ctrl Pts',(13.2650485482272,5.98611111111111,-82.6214111799315));
#6047=CARTESIAN_POINT('Ctrl Pts',(13.2650485482272,6.,-82.6353000688204));
#6048=CARTESIAN_POINT('',(13.2650485482272,5.875,-82.5103000688204));
#6049=CARTESIAN_POINT('Ctrl Pts',(12.8248232981016,5.82024419687356,-82.3255630717967));
#6050=CARTESIAN_POINT('Ctrl Pts',(12.8427818101031,5.83070100346075,-82.3499159958075));
#6051=CARTESIAN_POINT('Ctrl Pts',(12.886992026578,5.84900440781538,-82.3960059590752));
#6052=CARTESIAN_POINT('Ctrl Pts',(13.0359881236609,5.87116376939345,-82.486676224074));
#6053=CARTESIAN_POINT('Ctrl Pts',(13.1900367640326,5.875,-82.5103000688204));
#6054=CARTESIAN_POINT('Ctrl Pts',(13.2650485482272,5.875,-82.5103000688204));
#6055=CARTESIAN_POINT('',(13.2650485482272,6.,-82.6353000688204));
#6056=CARTESIAN_POINT('',(13.2650485482272,6.,-82.6353000688204));
#6057=CARTESIAN_POINT('Origin',(13.2650485482272,6.,-81.885337821671));
#6058=CARTESIAN_POINT('Ctrl Pts',(12.8248232981016,5.82024419687356,-82.3255630717967));
#6059=CARTESIAN_POINT('Ctrl Pts',(12.8427818101031,5.83070100346075,-82.3499159958075));
#6060=CARTESIAN_POINT('Ctrl Pts',(12.886992026578,5.84900440781538,-82.3960059590752));
#6061=CARTESIAN_POINT('Ctrl Pts',(13.0359881236609,5.87116376939345,-82.486676224074));
#6062=CARTESIAN_POINT('Ctrl Pts',(13.1900367640326,5.875,-82.5103000688204));
#6063=CARTESIAN_POINT('Ctrl Pts',(13.2650485482272,5.875,-82.5103000688204));
#6064=CARTESIAN_POINT('Ctrl Pts',(12.8491762221124,5.80978739028637,-82.3435215837983));
#6065=CARTESIAN_POINT('Ctrl Pts',(12.8674759626944,5.82009892963505,-82.3643990987834));
#6066=CARTESIAN_POINT('Ctrl Pts',(12.9120905304058,5.83818172528385,-82.4044995854353));
#6067=CARTESIAN_POINT('Ctrl Pts',(13.0594420286955,5.85873309555104,-82.4820931202009));
#6068=CARTESIAN_POINT('Ctrl Pts',(13.1987528208575,5.86188271604938,-82.4971827848698));
#6069=CARTESIAN_POINT('Ctrl Pts',(13.2650485482272,5.86111111111111,-82.4964111799315));
#6070=CARTESIAN_POINT('Ctrl Pts',(12.8968367397061,5.78724111500252,-82.3684674858719));
#6071=CARTESIAN_POINT('Ctrl Pts',(12.9155251585697,5.79754935590333,-82.384566973791));
#6072=CARTESIAN_POINT('Ctrl Pts',(12.9616694406754,5.81518442037583,-82.4161510223527));
#6073=CARTESIAN_POINT('Ctrl Pts',(13.1067324655274,5.83248669132982,-82.469112979001));
#6074=CARTESIAN_POINT('Ctrl Pts',(13.2135694595789,5.83513374485597,-82.4704338136764));
#6075=CARTESIAN_POINT('Ctrl Pts',(13.2650485482272,5.83333333333333,-82.4686334021537));
#6076=CARTESIAN_POINT('Ctrl Pts',(12.9975960392005,5.73354509654843,-82.3859446651987));
#6077=CARTESIAN_POINT('Ctrl Pts',(13.0170250786385,5.74553466852984,-82.3959733005534));
#6078=CARTESIAN_POINT('Ctrl Pts',(13.0664722894121,5.76575210131907,-82.4143051479919));
#6079=CARTESIAN_POINT('Ctrl Pts',(13.1667905169941,5.78870086327437,-82.4316938388197));
#6080=CARTESIAN_POINT('Ctrl Pts',(13.2306773912268,5.7934670781893,-82.4287671470097));
#6081=CARTESIAN_POINT('Ctrl Pts',(13.2650485482272,5.79166666666667,-82.4269667354871));
#6082=CARTESIAN_POINT('Ctrl Pts',(13.0622007537629,5.69398457395571,-82.3853000688204));
#6083=CARTESIAN_POINT('Ctrl Pts',(13.0784154521179,5.70875068056918,-82.3893480275232));
#6084=CARTESIAN_POINT('Ctrl Pts',(13.1162049772974,5.73461316883805,-82.3961985690778));
#6085=CARTESIAN_POINT('Ctrl Pts',(13.1874289516142,5.75977681625669,-82.401284417309));
#6086=CARTESIAN_POINT('Ctrl Pts',(13.2392169534291,5.76466049382716,-82.3999605626476));
#6087=CARTESIAN_POINT('Ctrl Pts',(13.2650485482272,5.76388888888889,-82.3991889577093));
#6088=CARTESIAN_POINT('Ctrl Pts',(13.0882985482273,5.67678775285056,-82.3853000688204));
#6089=CARTESIAN_POINT('Ctrl Pts',(13.1037228954917,5.69221210011506,-82.3853000688204));
#6090=CARTESIAN_POINT('Ctrl Pts',(13.1386313074155,5.7189981869181,-82.3853000688204));
#6091=CARTESIAN_POINT('Ctrl Pts',(13.1996106287235,5.74425664882818,-82.3853000688204));
#6092=CARTESIAN_POINT('Ctrl Pts',(13.243235227135,5.75,-82.3853000688204));
#6093=CARTESIAN_POINT('Ctrl Pts',(13.2650485482272,5.75,-82.3853000688204));
#6094=CARTESIAN_POINT('',(13.0882985482272,5.67678775285054,-82.3853000688204));
#6095=CARTESIAN_POINT('Ctrl Pts',(12.8248232981016,5.82024419687356,-82.3255630717967));
#6096=CARTESIAN_POINT('Ctrl Pts',(12.8491762221124,5.80978739028637,-82.3435215837983));
#6097=CARTESIAN_POINT('Ctrl Pts',(12.8968367397061,5.78724111500252,-82.3684674858719));
#6098=CARTESIAN_POINT('Ctrl Pts',(12.9975960392005,5.73354509654843,-82.3859446651987));
#6099=CARTESIAN_POINT('Ctrl Pts',(13.0622007537629,5.69398457395571,-82.3853000688204));
#6100=CARTESIAN_POINT('Ctrl Pts',(13.0882985482273,5.67678775285056,-82.3853000688204));
#6101=CARTESIAN_POINT('',(13.2650485482272,5.75,-82.3853000688204));
#6102=CARTESIAN_POINT('Origin',(13.2650485482272,5.50003775285056,-82.3853000688204));
#6103=CARTESIAN_POINT('',(13.2650485482272,6.,-82.6353000688204));
#6104=CARTESIAN_POINT('Ctrl Pts',(12.8248232981016,5.82024419687356,-82.3255630717967));
#6105=CARTESIAN_POINT('Ctrl Pts',(12.8491762221124,5.80978739028637,-82.3435215837983));
#6106=CARTESIAN_POINT('Ctrl Pts',(12.8968367397061,5.78724111500252,-82.3684674858719));
#6107=CARTESIAN_POINT('Ctrl Pts',(12.9975960392005,5.73354509654843,-82.3859446651987));
#6108=CARTESIAN_POINT('Ctrl Pts',(13.0622007537629,5.69398457395571,-82.3853000688204));
#6109=CARTESIAN_POINT('Ctrl Pts',(13.0882985482273,5.67678775285056,-82.3853000688204));
#6110=CARTESIAN_POINT('Ctrl Pts',(12.8312177101109,5.79933058369918,-82.3191686597874));
#6111=CARTESIAN_POINT('Ctrl Pts',(12.8527901248009,5.78930224029638,-82.3347813595249));
#6112=CARTESIAN_POINT('Ctrl Pts',(12.8968229537315,5.76728720982345,-82.3576315944879));
#6113=CARTESIAN_POINT('Ctrl Pts',(12.9914944138375,5.71384629311836,-82.3759938586663));
#6114=CARTESIAN_POINT('Ctrl Pts',(13.0488858103484,5.67730770944167,-82.3812521101176));
#6115=CARTESIAN_POINT('Ctrl Pts',(13.0728742009628,5.66136340558606,-82.3853000688204));
#6116=CARTESIAN_POINT('Ctrl Pts',(12.843478333952,5.75537767584441,-82.3069080359462));
#6117=CARTESIAN_POINT('Ctrl Pts',(12.8621885425375,5.74553793340512,-82.31869892245));
#6118=CARTESIAN_POINT('Ctrl Pts',(12.9029251479329,5.72284794446838,-82.3368376825621));
#6119=CARTESIAN_POINT('Ctrl Pts',(12.9854385121114,5.66809464983637,-82.3575826976146));
#6120=CARTESIAN_POINT('Ctrl Pts',(13.0265124157609,5.63975523558938,-82.374401568563));
#6121=CARTESIAN_POINT('Ctrl Pts',(13.0460881141597,5.62645499366235,-82.3853000688204));
#6122=CARTESIAN_POINT('Ctrl Pts',(12.8847748002578,5.64035154096161,-82.2656115696404));
#6123=CARTESIAN_POINT('Ctrl Pts',(12.8997126700673,5.63135274202462,-82.2768715937252));
#6124=CARTESIAN_POINT('Ctrl Pts',(12.9312181632817,5.61073675370984,-82.2991060829518));
#6125=CARTESIAN_POINT('Ctrl Pts',(12.9770717971716,5.58391486682566,-82.3394133374869));
#6126=CARTESIAN_POINT('Ctrl Pts',(13.0053011464937,5.57253954299302,-82.3693157203318));
#6127=CARTESIAN_POINT('Ctrl Pts',(13.0208296522496,5.56547567235435,-82.3853000688204));
#6128=CARTESIAN_POINT('Ctrl Pts',(12.8900863010778,5.54499730466529,-82.2603000688204));
#6129=CARTESIAN_POINT('Ctrl Pts',(12.9032035850284,5.54249955178669,-82.273417352771));
#6130=CARTESIAN_POINT('Ctrl Pts',(12.9299525562218,5.5373731543217,-82.3001663239644));
#6131=CARTESIAN_POINT('Ctrl Pts',(12.9716192228885,5.52950599786026,-82.3418329906311));
#6132=CARTESIAN_POINT('Ctrl Pts',(13.0004258072506,5.52438585208887,-82.3706395749932));
#6133=CARTESIAN_POINT('Ctrl Pts',(13.0150863010778,5.52185107394276,-82.3853000688204));
#6134=CARTESIAN_POINT('Ctrl Pts',(12.8900863010778,5.50003775285056,-82.2603000688204));
#6135=CARTESIAN_POINT('Ctrl Pts',(12.9039751899667,5.50003775285056,-82.2741889577093));
#6136=CARTESIAN_POINT('Ctrl Pts',(12.9317529677445,5.50003775285056,-82.3019667354871));
#6137=CARTESIAN_POINT('Ctrl Pts',(12.9734196344111,5.50003775285055,-82.3436334021537));
#6138=CARTESIAN_POINT('Ctrl Pts',(13.0011974121889,5.50003775285056,-82.3714111799315));
#6139=CARTESIAN_POINT('Ctrl Pts',(13.0150863010778,5.50003775285056,-82.3853000688204));
#6140=CARTESIAN_POINT('',(12.8900863010778,5.50003775285056,-82.2603000688204));
#6141=CARTESIAN_POINT('Ctrl Pts',(12.8248232981016,5.82024419687356,-82.3255630717967));
#6142=CARTESIAN_POINT('Ctrl Pts',(12.8312177101109,5.79933058369918,-82.3191686597874));
#6143=CARTESIAN_POINT('Ctrl Pts',(12.843478333952,5.75537767584441,-82.3069080359462));
#6144=CARTESIAN_POINT('Ctrl Pts',(12.8847748002578,5.64035154096161,-82.2656115696404));
#6145=CARTESIAN_POINT('Ctrl Pts',(12.8900863010778,5.54499730466529,-82.2603000688204));
#6146=CARTESIAN_POINT('Ctrl Pts',(12.8900863010778,5.50003775285056,-82.2603000688204));
#6147=CARTESIAN_POINT('',(13.0150863010778,5.50003775285056,-82.3853000688204));
#6148=CARTESIAN_POINT('',(13.0150863010778,5.50003775285056,-82.3853000688204));
#6149=CARTESIAN_POINT('Origin',(13.2650485482272,5.50003775285056,-82.3853000688204));
#6150=CARTESIAN_POINT('Ctrl Pts',(12.8248232981016,5.82024419687356,-82.3255630717967));
#6151=CARTESIAN_POINT('Ctrl Pts',(12.8312177101109,5.79933058369918,-82.3191686597874));
#6152=CARTESIAN_POINT('Ctrl Pts',(12.843478333952,5.75537767584441,-82.3069080359462));
#6153=CARTESIAN_POINT('Ctrl Pts',(12.8847748002578,5.64035154096161,-82.2656115696404));
#6154=CARTESIAN_POINT('Ctrl Pts',(12.8900863010778,5.54499730466529,-82.2603000688204));
#6155=CARTESIAN_POINT('Ctrl Pts',(12.8900863010778,5.50003775285056,-82.2603000688204));
#6156=CARTESIAN_POINT('Ctrl Pts',(12.8068647861,5.80978739028637,-82.3012101477858));
#6157=CARTESIAN_POINT('Ctrl Pts',(12.8156050103734,5.78930224029638,-82.2975962450973));
#6158=CARTESIAN_POINT('Ctrl Pts',(12.8316874474483,5.74553793340512,-82.2881978273607));
#6159=CARTESIAN_POINT('Ctrl Pts',(12.873514776173,5.63135274202462,-82.2506736998309));
#6160=CARTESIAN_POINT('Ctrl Pts',(12.8769690171272,5.54249955178669,-82.2471827848698));
#6161=CARTESIAN_POINT('Ctrl Pts',(12.8761974121889,5.50003775285056,-82.2464111799316));
#6162=CARTESIAN_POINT('Ctrl Pts',(12.7819188840263,5.78724111500252,-82.2535496301922));
#6163=CARTESIAN_POINT('Ctrl Pts',(12.7927547754103,5.76728720982345,-82.2535634161668));
#6164=CARTESIAN_POINT('Ctrl Pts',(12.8135486873361,5.72284794446838,-82.2474612219653));
#6165=CARTESIAN_POINT('Ctrl Pts',(12.8512802869463,5.61073675370984,-82.2191682066165));
#6166=CARTESIAN_POINT('Ctrl Pts',(12.8502200459338,5.5373731543217,-82.2204338136764));
#6167=CARTESIAN_POINT('Ctrl Pts',(12.8484196344111,5.50003775285056,-82.2186334021537));
#6168=CARTESIAN_POINT('Ctrl Pts',(12.7644417046996,5.73354509654842,-82.1527903306978));
#6169=CARTESIAN_POINT('Ctrl Pts',(12.7743925112319,5.71384629311836,-82.1588919560607));
#6170=CARTESIAN_POINT('Ctrl Pts',(12.7928036722835,5.66809464983637,-82.1649478577869));
#6171=CARTESIAN_POINT('Ctrl Pts',(12.8109730324113,5.58391486682566,-82.1733145727266));
#6172=CARTESIAN_POINT('Ctrl Pts',(12.8085533792671,5.52950599786026,-82.1787671470098));
#6173=CARTESIAN_POINT('Ctrl Pts',(12.8067529677445,5.50003775285055,-82.1769667354871));
#6174=CARTESIAN_POINT('Ctrl Pts',(12.7650863010778,5.69398457395571,-82.0881856161353));
#6175=CARTESIAN_POINT('Ctrl Pts',(12.7691342597806,5.67730770944167,-82.1015005595498));
#6176=CARTESIAN_POINT('Ctrl Pts',(12.7759848013352,5.63975523558938,-82.1238739541373));
#6177=CARTESIAN_POINT('Ctrl Pts',(12.7810706495664,5.57253954299302,-82.1450852234045));
#6178=CARTESIAN_POINT('Ctrl Pts',(12.779746794905,5.52438585208887,-82.1499605626476));
#6179=CARTESIAN_POINT('Ctrl Pts',(12.7789751899667,5.50003775285056,-82.1491889577093));
#6180=CARTESIAN_POINT('Ctrl Pts',(12.7650863010778,5.67678775285056,-82.062087821671));
#6181=CARTESIAN_POINT('Ctrl Pts',(12.7650863010778,5.66136340558606,-82.0775121689355));
#6182=CARTESIAN_POINT('Ctrl Pts',(12.7650863010778,5.62645499366235,-82.1042982557385));
#6183=CARTESIAN_POINT('Ctrl Pts',(12.7650863010778,5.56547567235435,-82.1295567176486));
#6184=CARTESIAN_POINT('Ctrl Pts',(12.7650863010778,5.52185107394276,-82.1353000688204));
#6185=CARTESIAN_POINT('Ctrl Pts',(12.7650863010778,5.50003775285056,-82.1353000688204));
#6186=CARTESIAN_POINT('',(12.7650863010778,5.67678775285055,-82.062087821671));
#6187=CARTESIAN_POINT('Ctrl Pts',(12.8248232981016,5.82024419687356,-82.3255630717967));
#6188=CARTESIAN_POINT('Ctrl Pts',(12.8068647861,5.80978739028637,-82.3012101477858));
#6189=CARTESIAN_POINT('Ctrl Pts',(12.7819188840263,5.78724111500252,-82.2535496301922));
#6190=CARTESIAN_POINT('Ctrl Pts',(12.7644417046996,5.73354509654842,-82.1527903306978));
#6191=CARTESIAN_POINT('Ctrl Pts',(12.7650863010778,5.69398457395571,-82.0881856161353));
#6192=CARTESIAN_POINT('Ctrl Pts',(12.7650863010778,5.67678775285056,-82.062087821671));
#6193=CARTESIAN_POINT('',(12.7650863010778,5.50003775285056,-82.1353000688204));
#6194=CARTESIAN_POINT('Origin',(12.7650863010778,5.50003775285056,-81.885337821671));
#6195=CARTESIAN_POINT('',(13.0150863010778,5.50003775285056,-82.3853000688204));
#6196=CARTESIAN_POINT('Ctrl Pts',(51.7881462020013,5.82024419687356,-69.9097354759881));
#6197=CARTESIAN_POINT('Ctrl Pts',(51.8061047140029,5.83070100346075,-69.8853825519772));
#6198=CARTESIAN_POINT('Ctrl Pts',(51.8503149304778,5.84900440781538,-69.8392925887096));
#6199=CARTESIAN_POINT('Ctrl Pts',(51.9993110275606,5.87116376939345,-69.7486223237108));
#6200=CARTESIAN_POINT('Ctrl Pts',(52.1533596679323,5.875,-69.7249984789643));
#6201=CARTESIAN_POINT('Ctrl Pts',(52.228371452127,5.875,-69.7249984789643));
#6202=CARTESIAN_POINT('Ctrl Pts',(51.781751789992,5.84115781004794,-69.9033410639788));
#6203=CARTESIAN_POINT('Ctrl Pts',(51.8011995142582,5.84971934502237,-69.878485211093));
#6204=CARTESIAN_POINT('Ctrl Pts',(51.8486317464262,5.86523933197513,-69.8300090678215));
#6205=CARTESIAN_POINT('Ctrl Pts',(52.0032256082493,5.88481721040633,-69.7357981053347));
#6206=CARTESIAN_POINT('Ctrl Pts',(52.1529782537958,5.88811728395062,-69.7118811950137));
#6207=CARTESIAN_POINT('Ctrl Pts',(52.228371452127,5.88888888888889,-69.7111095900755));
#6208=CARTESIAN_POINT('Ctrl Pts',(51.7709959913129,5.87811535115013,-69.8925852652998));
#6209=CARTESIAN_POINT('Ctrl Pts',(51.7935786148865,5.88437611825579,-69.8649783704903));
#6210=CARTESIAN_POINT('Ctrl Pts',(51.8487738267753,5.89649602184712,-69.8080015664096));
#6211=CARTESIAN_POINT('Ctrl Pts',(52.0142229079096,5.91243784141703,-69.7065156120932));
#6212=CARTESIAN_POINT('Ctrl Pts',(52.1524253760434,5.91486625514403,-69.6851322238203));
#6213=CARTESIAN_POINT('Ctrl Pts',(52.228371452127,5.91666666666667,-69.6833318122977));
#6214=CARTESIAN_POINT('Ctrl Pts',(51.7361798822656,5.94037618852488,-69.8577691562525));
#6215=CARTESIAN_POINT('Ctrl Pts',(51.7678256092486,5.94425464506196,-69.8198968418042));
#6216=CARTESIAN_POINT('Ctrl Pts',(51.8453332439787,5.95177733418324,-69.7452536406201));
#6217=CARTESIAN_POINT('Ctrl Pts',(52.0166662941192,5.95548431678655,-69.6624769291438));
#6218=CARTESIAN_POINT('Ctrl Pts',(52.153449887928,5.9565329218107,-69.6434655571536));
#6219=CARTESIAN_POINT('Ctrl Pts',(52.228371452127,5.95833333333333,-69.641665145631));
#6220=CARTESIAN_POINT('Ctrl Pts',(51.7073273207929,5.98148148148148,-69.8289165947798));
#6221=CARTESIAN_POINT('Ctrl Pts',(51.7484452075756,5.98251028806584,-69.7867699014127));
#6222=CARTESIAN_POINT('Ctrl Pts',(51.8444807283509,5.98365864209961,-69.7112445831242));
#6223=CARTESIAN_POINT('Ctrl Pts',(52.0242730120479,5.98414772379959,-69.6343654444148));
#6224=CARTESIAN_POINT('Ctrl Pts',(52.1592889801576,5.98533950617284,-69.6146589727915));
#6225=CARTESIAN_POINT('Ctrl Pts',(52.228371452127,5.98611111111111,-69.6138873678532));
#6226=CARTESIAN_POINT('Ctrl Pts',(51.6980680615337,6.,-69.8196573355205));
#6227=CARTESIAN_POINT('Ctrl Pts',(51.7443457625354,6.,-69.7733796345188));
#6228=CARTESIAN_POINT('Ctrl Pts',(51.8490815430353,6.,-69.6930132828787));
#6229=CARTESIAN_POINT('Ctrl Pts',(52.0320379268866,6.,-69.6172302673648));
#6230=CARTESIAN_POINT('Ctrl Pts',(52.1629248997349,6.,-69.5999984789644));
#6231=CARTESIAN_POINT('Ctrl Pts',(52.228371452127,6.,-69.5999984789644));
#6232=CARTESIAN_POINT('',(51.7881462020013,5.82024419687356,-69.9097354759881));
#6233=CARTESIAN_POINT('',(52.228371452127,5.875,-69.7249984789643));
#6234=CARTESIAN_POINT('Ctrl Pts',(51.7881462020013,5.82024419687356,-69.9097354759881));
#6235=CARTESIAN_POINT('Ctrl Pts',(51.8061047140029,5.83070100346075,-69.8853825519772));
#6236=CARTESIAN_POINT('Ctrl Pts',(51.8503149304778,5.84900440781538,-69.8392925887096));
#6237=CARTESIAN_POINT('Ctrl Pts',(51.9993110275606,5.87116376939345,-69.7486223237108));
#6238=CARTESIAN_POINT('Ctrl Pts',(52.1533596679323,5.875,-69.7249984789643));
#6239=CARTESIAN_POINT('Ctrl Pts',(52.228371452127,5.875,-69.7249984789643));
#6240=CARTESIAN_POINT('',(51.6980680615337,6.,-69.8196573355205));
#6241=CARTESIAN_POINT('Ctrl Pts',(51.7881462020013,5.82024419687356,-69.9097354759881));
#6242=CARTESIAN_POINT('Ctrl Pts',(51.781751789992,5.84115781004794,-69.9033410639788));
#6243=CARTESIAN_POINT('Ctrl Pts',(51.7709959913129,5.87811535115013,-69.8925852652998));
#6244=CARTESIAN_POINT('Ctrl Pts',(51.7361798822656,5.94037618852488,-69.8577691562525));
#6245=CARTESIAN_POINT('Ctrl Pts',(51.7073273207929,5.98148148148148,-69.8289165947798));
#6246=CARTESIAN_POINT('Ctrl Pts',(51.6980680615337,6.,-69.8196573355205));
#6247=CARTESIAN_POINT('',(52.228371452127,6.,-69.5999984789643));
#6248=CARTESIAN_POINT('Origin',(52.228371452127,6.,-70.3499607261138));
#6249=CARTESIAN_POINT('',(52.228371452127,5.75,-69.8499984789643));
#6250=CARTESIAN_POINT('Ctrl Pts',(51.7881462020013,5.82024419687356,-69.9097354759881));
#6251=CARTESIAN_POINT('Ctrl Pts',(51.781751789992,5.84115781004794,-69.9033410639788));
#6252=CARTESIAN_POINT('Ctrl Pts',(51.7709959913129,5.87811535115013,-69.8925852652998));
#6253=CARTESIAN_POINT('Ctrl Pts',(51.7361798822656,5.94037618852488,-69.8577691562525));
#6254=CARTESIAN_POINT('Ctrl Pts',(51.7073273207929,5.98148148148148,-69.8289165947798));
#6255=CARTESIAN_POINT('Ctrl Pts',(51.6980680615337,6.,-69.8196573355205));
#6256=CARTESIAN_POINT('Ctrl Pts',(51.7637932779904,5.83070100346075,-69.9276939879897));
#6257=CARTESIAN_POINT('Ctrl Pts',(51.7568959371062,5.84971934502237,-69.922788788245));
#6258=CARTESIAN_POINT('Ctrl Pts',(51.7433890965035,5.88437611825579,-69.9151678888734));
#6259=CARTESIAN_POINT('Ctrl Pts',(51.6983075678174,5.94425464506196,-69.8894148832354));
#6260=CARTESIAN_POINT('Ctrl Pts',(51.6651806274259,5.98251028806584,-69.8700344815625));
#6261=CARTESIAN_POINT('Ctrl Pts',(51.651790360532,6.,-69.8659350365222));
#6262=CARTESIAN_POINT('Ctrl Pts',(51.7177033147228,5.84900440781538,-69.9719042044646));
#6263=CARTESIAN_POINT('Ctrl Pts',(51.7084197938346,5.86523933197513,-69.970221020413));
#6264=CARTESIAN_POINT('Ctrl Pts',(51.6864122924227,5.89649602184712,-69.9703631007621));
#6265=CARTESIAN_POINT('Ctrl Pts',(51.6236643666334,5.95177733418324,-69.9669225179656));
#6266=CARTESIAN_POINT('Ctrl Pts',(51.5896553091374,5.98365864209961,-69.9660700023377));
#6267=CARTESIAN_POINT('Ctrl Pts',(51.5714240088919,6.,-69.9706708170222));
#6268=CARTESIAN_POINT('Ctrl Pts',(51.627033049724,5.87116376939345,-70.1209003015474));
#6269=CARTESIAN_POINT('Ctrl Pts',(51.6142088313479,5.88481721040633,-70.124814882236));
#6270=CARTESIAN_POINT('Ctrl Pts',(51.5849263381065,5.91243784141703,-70.1358121818965));
#6271=CARTESIAN_POINT('Ctrl Pts',(51.5408876551569,5.95548431678655,-70.138255568106));
#6272=CARTESIAN_POINT('Ctrl Pts',(51.5127761704279,5.98414772379959,-70.1458622860347));
#6273=CARTESIAN_POINT('Ctrl Pts',(51.495640993378,6.,-70.1536272008734));
#6274=CARTESIAN_POINT('Ctrl Pts',(51.6034092049775,5.875,-70.2749489419192));
#6275=CARTESIAN_POINT('Ctrl Pts',(51.5902919210269,5.88811728395062,-70.2745675277826));
#6276=CARTESIAN_POINT('Ctrl Pts',(51.5635429498335,5.91486625514403,-70.2740146500302));
#6277=CARTESIAN_POINT('Ctrl Pts',(51.5218762831668,5.9565329218107,-70.2750391619149));
#6278=CARTESIAN_POINT('Ctrl Pts',(51.4930696988047,5.98533950617284,-70.2808782541444));
#6279=CARTESIAN_POINT('Ctrl Pts',(51.4784092049775,6.,-70.2845141737217));
#6280=CARTESIAN_POINT('Ctrl Pts',(51.6034092049775,5.875,-70.3499607261138));
#6281=CARTESIAN_POINT('Ctrl Pts',(51.5895203160886,5.88888888888889,-70.3499607261138));
#6282=CARTESIAN_POINT('Ctrl Pts',(51.5617425383109,5.91666666666667,-70.3499607261138));
#6283=CARTESIAN_POINT('Ctrl Pts',(51.5200758716442,5.95833333333333,-70.3499607261138));
#6284=CARTESIAN_POINT('Ctrl Pts',(51.4922980938664,5.98611111111111,-70.3499607261138));
#6285=CARTESIAN_POINT('Ctrl Pts',(51.4784092049775,6.,-70.3499607261138));
#6286=CARTESIAN_POINT('',(51.6034092049775,5.875,-70.3499607261138));
#6287=CARTESIAN_POINT('Ctrl Pts',(51.7881462020013,5.82024419687356,-69.9097354759881));
#6288=CARTESIAN_POINT('Ctrl Pts',(51.7637932779904,5.83070100346075,-69.9276939879897));
#6289=CARTESIAN_POINT('Ctrl Pts',(51.7177033147227,5.84900440781538,-69.9719042044646));
#6290=CARTESIAN_POINT('Ctrl Pts',(51.627033049724,5.87116376939345,-70.1209003015474));
#6291=CARTESIAN_POINT('Ctrl Pts',(51.6034092049775,5.875,-70.2749489419192));
#6292=CARTESIAN_POINT('Ctrl Pts',(51.6034092049775,5.875,-70.3499607261138));
#6293=CARTESIAN_POINT('',(51.4784092049775,6.,-70.3499607261138));
#6294=CARTESIAN_POINT('',(51.4784092049775,6.,-70.3499607261138));
#6295=CARTESIAN_POINT('Origin',(52.228371452127,6.,-70.3499607261138));
#6296=CARTESIAN_POINT('Ctrl Pts',(51.7881462020013,5.82024419687356,-69.9097354759881));
#6297=CARTESIAN_POINT('Ctrl Pts',(51.7637932779904,5.83070100346075,-69.9276939879897));
#6298=CARTESIAN_POINT('Ctrl Pts',(51.7177033147227,5.84900440781538,-69.9719042044646));
#6299=CARTESIAN_POINT('Ctrl Pts',(51.627033049724,5.87116376939345,-70.1209003015474));
#6300=CARTESIAN_POINT('Ctrl Pts',(51.6034092049775,5.875,-70.2749489419192));
#6301=CARTESIAN_POINT('Ctrl Pts',(51.6034092049775,5.875,-70.3499607261138));
#6302=CARTESIAN_POINT('Ctrl Pts',(51.7701876899997,5.80978739028637,-69.934088399999));
#6303=CARTESIAN_POINT('Ctrl Pts',(51.7493101750146,5.82009892963505,-69.952388140581));
#6304=CARTESIAN_POINT('Ctrl Pts',(51.7092096883625,5.83818172528385,-69.9970027082923));
#6305=CARTESIAN_POINT('Ctrl Pts',(51.631616153597,5.85873309555104,-70.144354206582));
#6306=CARTESIAN_POINT('Ctrl Pts',(51.6165264889281,5.86188271604938,-70.283664998744));
#6307=CARTESIAN_POINT('Ctrl Pts',(51.6172980938664,5.86111111111111,-70.3499607261138));
#6308=CARTESIAN_POINT('Ctrl Pts',(51.745241787926,5.78724111500251,-69.9817489175926));
#6309=CARTESIAN_POINT('Ctrl Pts',(51.7291423000069,5.79754935590333,-70.0004373364563));
#6310=CARTESIAN_POINT('Ctrl Pts',(51.6975582514453,5.81518442037583,-70.0465816185619));
#6311=CARTESIAN_POINT('Ctrl Pts',(51.6445962947969,5.83248669132982,-70.1916446434139));
#6312=CARTESIAN_POINT('Ctrl Pts',(51.6432754601215,5.83513374485597,-70.2984816374654));
#6313=CARTESIAN_POINT('Ctrl Pts',(51.6450758716442,5.83333333333333,-70.3499607261138));
#6314=CARTESIAN_POINT('Ctrl Pts',(51.7277646085993,5.73354509654842,-70.082508217087));
#6315=CARTESIAN_POINT('Ctrl Pts',(51.7177359732445,5.74553466852984,-70.1019372565251));
#6316=CARTESIAN_POINT('Ctrl Pts',(51.699404125806,5.76575210131907,-70.1513844672986));
#6317=CARTESIAN_POINT('Ctrl Pts',(51.6820154349782,5.78870086327437,-70.2517026948807));
#6318=CARTESIAN_POINT('Ctrl Pts',(51.6849421267882,5.7934670781893,-70.3155895691134));
#6319=CARTESIAN_POINT('Ctrl Pts',(51.6867425383109,5.79166666666666,-70.3499607261138));
#6320=CARTESIAN_POINT('Ctrl Pts',(51.7284092049775,5.69398457395571,-70.1471129316494));
#6321=CARTESIAN_POINT('Ctrl Pts',(51.7243612462747,5.70875068056918,-70.1633276300044));
#6322=CARTESIAN_POINT('Ctrl Pts',(51.7175107047201,5.73461316883805,-70.2011171551839));
#6323=CARTESIAN_POINT('Ctrl Pts',(51.7124248564889,5.75977681625669,-70.2723411295007));
#6324=CARTESIAN_POINT('Ctrl Pts',(51.7137487111504,5.76466049382716,-70.3241291313156));
#6325=CARTESIAN_POINT('Ctrl Pts',(51.7145203160886,5.76388888888888,-70.3499607261138));
#6326=CARTESIAN_POINT('Ctrl Pts',(51.7284092049775,5.67678775285055,-70.1732107261138));
#6327=CARTESIAN_POINT('Ctrl Pts',(51.7284092049775,5.69221210011505,-70.1886350733783));
#6328=CARTESIAN_POINT('Ctrl Pts',(51.7284092049775,5.7189981869181,-70.223543485302));
#6329=CARTESIAN_POINT('Ctrl Pts',(51.7284092049775,5.74425664882818,-70.28452280661));
#6330=CARTESIAN_POINT('Ctrl Pts',(51.7284092049775,5.75,-70.3281474050216));
#6331=CARTESIAN_POINT('Ctrl Pts',(51.7284092049775,5.75,-70.3499607261138));
#6332=CARTESIAN_POINT('',(51.7284092049775,5.67678775285055,-70.1732107261138));
#6333=CARTESIAN_POINT('Ctrl Pts',(51.7881462020013,5.82024419687356,-69.9097354759881));
#6334=CARTESIAN_POINT('Ctrl Pts',(51.7701876899997,5.80978739028637,-69.934088399999));
#6335=CARTESIAN_POINT('Ctrl Pts',(51.745241787926,5.78724111500251,-69.9817489175926));
#6336=CARTESIAN_POINT('Ctrl Pts',(51.7277646085993,5.73354509654842,-70.082508217087));
#6337=CARTESIAN_POINT('Ctrl Pts',(51.7284092049775,5.69398457395571,-70.1471129316494));
#6338=CARTESIAN_POINT('Ctrl Pts',(51.7284092049775,5.67678775285055,-70.1732107261138));
#6339=CARTESIAN_POINT('',(51.7284092049775,5.75,-70.3499607261138));
#6340=CARTESIAN_POINT('Origin',(51.7284092049775,5.50003775285055,-70.3499607261138));
#6341=CARTESIAN_POINT('',(51.4784092049775,6.,-70.3499607261138));
#6342=CARTESIAN_POINT('Ctrl Pts',(51.7881462020013,5.82024419687356,-69.9097354759881));
#6343=CARTESIAN_POINT('Ctrl Pts',(51.7701876899997,5.80978739028637,-69.934088399999));
#6344=CARTESIAN_POINT('Ctrl Pts',(51.745241787926,5.78724111500251,-69.9817489175926));
#6345=CARTESIAN_POINT('Ctrl Pts',(51.7277646085993,5.73354509654842,-70.082508217087));
#6346=CARTESIAN_POINT('Ctrl Pts',(51.7284092049775,5.69398457395571,-70.1471129316494));
#6347=CARTESIAN_POINT('Ctrl Pts',(51.7284092049775,5.67678775285055,-70.1732107261138));
#6348=CARTESIAN_POINT('Ctrl Pts',(51.7945406140106,5.79933058369918,-69.9161298879974));
#6349=CARTESIAN_POINT('Ctrl Pts',(51.7789279142731,5.78930224029638,-69.9377023026874));
#6350=CARTESIAN_POINT('Ctrl Pts',(51.75607767931,5.76728720982345,-69.981735131618));
#6351=CARTESIAN_POINT('Ctrl Pts',(51.7377154151316,5.71384629311836,-70.0764065917241));
#6352=CARTESIAN_POINT('Ctrl Pts',(51.7324571636803,5.67730770944166,-70.1337979882349));
#6353=CARTESIAN_POINT('Ctrl Pts',(51.7284092049775,5.66136340558605,-70.1577863788493));
#6354=CARTESIAN_POINT('Ctrl Pts',(51.8068012378517,5.75537767584441,-69.9283905118385));
#6355=CARTESIAN_POINT('Ctrl Pts',(51.795010351348,5.74553793340511,-69.9471007204241));
#6356=CARTESIAN_POINT('Ctrl Pts',(51.7768715912358,5.72284794446838,-69.9878373258195));
#6357=CARTESIAN_POINT('Ctrl Pts',(51.7561265761832,5.66809464983636,-70.0703506899979));
#6358=CARTESIAN_POINT('Ctrl Pts',(51.7393077052349,5.63975523558938,-70.1114245936474));
#6359=CARTESIAN_POINT('Ctrl Pts',(51.7284092049775,5.62645499366235,-70.1310002920462));
#6360=CARTESIAN_POINT('Ctrl Pts',(51.8480977041575,5.64035154096161,-69.9696869781444));
#6361=CARTESIAN_POINT('Ctrl Pts',(51.8368376800727,5.63135274202462,-69.9846248479538));
#6362=CARTESIAN_POINT('Ctrl Pts',(51.8146031908461,5.61073675370984,-70.0161303411682));
#6363=CARTESIAN_POINT('Ctrl Pts',(51.774295936311,5.58391486682565,-70.0619839750581));
#6364=CARTESIAN_POINT('Ctrl Pts',(51.7443935534661,5.57253954299302,-70.0902133243803));
#6365=CARTESIAN_POINT('Ctrl Pts',(51.7284092049775,5.56547567235435,-70.1057418301362));
#6366=CARTESIAN_POINT('Ctrl Pts',(51.8534092049775,5.54499730466529,-69.9749984789644));
#6367=CARTESIAN_POINT('Ctrl Pts',(51.8402919210269,5.54249955178669,-69.988115762915));
#6368=CARTESIAN_POINT('Ctrl Pts',(51.8135429498335,5.5373731543217,-70.0148647341084));
#6369=CARTESIAN_POINT('Ctrl Pts',(51.7718762831668,5.52950599786025,-70.056531400775));
#6370=CARTESIAN_POINT('Ctrl Pts',(51.7430696988047,5.52438585208887,-70.0853379851372));
#6371=CARTESIAN_POINT('Ctrl Pts',(51.7284092049775,5.52185107394276,-70.0999984789644));
#6372=CARTESIAN_POINT('Ctrl Pts',(51.8534092049775,5.50003775285056,-69.9749984789644));
#6373=CARTESIAN_POINT('Ctrl Pts',(51.8395203160886,5.50003775285056,-69.9888873678532));
#6374=CARTESIAN_POINT('Ctrl Pts',(51.8117425383109,5.50003775285055,-70.016665145631));
#6375=CARTESIAN_POINT('Ctrl Pts',(51.7700758716442,5.50003775285055,-70.0583318122977));
#6376=CARTESIAN_POINT('Ctrl Pts',(51.7422980938664,5.50003775285055,-70.0861095900755));
#6377=CARTESIAN_POINT('Ctrl Pts',(51.7284092049775,5.50003775285055,-70.0999984789644));
#6378=CARTESIAN_POINT('',(51.8534092049775,5.50003775285056,-69.9749984789644));
#6379=CARTESIAN_POINT('Ctrl Pts',(51.7881462020013,5.82024419687356,-69.9097354759881));
#6380=CARTESIAN_POINT('Ctrl Pts',(51.7945406140106,5.79933058369918,-69.9161298879974));
#6381=CARTESIAN_POINT('Ctrl Pts',(51.8068012378517,5.75537767584441,-69.9283905118385));
#6382=CARTESIAN_POINT('Ctrl Pts',(51.8480977041575,5.64035154096161,-69.9696869781444));
#6383=CARTESIAN_POINT('Ctrl Pts',(51.8534092049775,5.54499730466529,-69.9749984789644));
#6384=CARTESIAN_POINT('Ctrl Pts',(51.8534092049775,5.50003775285056,-69.9749984789644));
#6385=CARTESIAN_POINT('',(51.7284092049775,5.50003775285055,-70.0999984789644));
#6386=CARTESIAN_POINT('',(51.7284092049775,5.50003775285055,-70.0999984789644));
#6387=CARTESIAN_POINT('Origin',(51.7284092049775,5.50003775285055,-70.3499607261138));
#6388=CARTESIAN_POINT('Ctrl Pts',(51.7881462020013,5.82024419687356,-69.9097354759881));
#6389=CARTESIAN_POINT('Ctrl Pts',(51.7945406140106,5.79933058369918,-69.9161298879974));
#6390=CARTESIAN_POINT('Ctrl Pts',(51.8068012378517,5.75537767584441,-69.9283905118385));
#6391=CARTESIAN_POINT('Ctrl Pts',(51.8480977041575,5.64035154096161,-69.9696869781444));
#6392=CARTESIAN_POINT('Ctrl Pts',(51.8534092049775,5.54499730466529,-69.9749984789644));
#6393=CARTESIAN_POINT('Ctrl Pts',(51.8534092049775,5.50003775285056,-69.9749984789644));
#6394=CARTESIAN_POINT('Ctrl Pts',(51.8124991260122,5.80978739028637,-69.8917769639865));
#6395=CARTESIAN_POINT('Ctrl Pts',(51.8161130287006,5.78930224029638,-69.9005171882599));
#6396=CARTESIAN_POINT('Ctrl Pts',(51.8255114464372,5.74553793340511,-69.9165996253348));
#6397=CARTESIAN_POINT('Ctrl Pts',(51.863035573967,5.63135274202462,-69.9584269540595));
#6398=CARTESIAN_POINT('Ctrl Pts',(51.8665264889281,5.54249955178669,-69.9618811950137));
#6399=CARTESIAN_POINT('Ctrl Pts',(51.8672980938664,5.50003775285056,-69.9611095900755));
#6400=CARTESIAN_POINT('Ctrl Pts',(51.8601596436058,5.78724111500252,-69.8668310619128));
#6401=CARTESIAN_POINT('Ctrl Pts',(51.8601458576312,5.76728720982345,-69.8776669532969));
#6402=CARTESIAN_POINT('Ctrl Pts',(51.8662480518326,5.72284794446838,-69.8984608652227));
#6403=CARTESIAN_POINT('Ctrl Pts',(51.8945410671814,5.61073675370984,-69.9361924648328));
#6404=CARTESIAN_POINT('Ctrl Pts',(51.8932754601216,5.5373731543217,-69.9351322238203));
#6405=CARTESIAN_POINT('Ctrl Pts',(51.8950758716442,5.50003775285055,-69.9333318122977));
#6406=CARTESIAN_POINT('Ctrl Pts',(51.9609189431001,5.73354509654842,-69.8493538825861));
#6407=CARTESIAN_POINT('Ctrl Pts',(51.9548173177372,5.71384629311836,-69.8593046891185));
#6408=CARTESIAN_POINT('Ctrl Pts',(51.9487614160111,5.66809464983636,-69.87771585017));
#6409=CARTESIAN_POINT('Ctrl Pts',(51.9403947010712,5.58391486682566,-69.8958852102979));
#6410=CARTESIAN_POINT('Ctrl Pts',(51.9349421267882,5.52950599786025,-69.8934655571536));
#6411=CARTESIAN_POINT('Ctrl Pts',(51.9367425383108,5.50003775285055,-69.891665145631));
#6412=CARTESIAN_POINT('Ctrl Pts',(52.0255236576626,5.69398457395571,-69.8499984789644));
#6413=CARTESIAN_POINT('Ctrl Pts',(52.0122087142481,5.67730770944167,-69.8540464376671));
#6414=CARTESIAN_POINT('Ctrl Pts',(51.9898353196606,5.63975523558938,-69.8608969792217));
#6415=CARTESIAN_POINT('Ctrl Pts',(51.9686240503935,5.57253954299302,-69.8659828274529));
#6416=CARTESIAN_POINT('Ctrl Pts',(51.9637487111504,5.52438585208887,-69.8646589727915));
#6417=CARTESIAN_POINT('Ctrl Pts',(51.9645203160886,5.50003775285055,-69.8638873678532));
#6418=CARTESIAN_POINT('Ctrl Pts',(52.051621452127,5.67678775285055,-69.8499984789644));
#6419=CARTESIAN_POINT('Ctrl Pts',(52.0361971048625,5.66136340558605,-69.8499984789644));
#6420=CARTESIAN_POINT('Ctrl Pts',(52.0094110180594,5.62645499366235,-69.8499984789643));
#6421=CARTESIAN_POINT('Ctrl Pts',(51.9841525561493,5.56547567235435,-69.8499984789643));
#6422=CARTESIAN_POINT('Ctrl Pts',(51.9784092049775,5.52185107394276,-69.8499984789643));
#6423=CARTESIAN_POINT('Ctrl Pts',(51.9784092049775,5.50003775285055,-69.8499984789643));
#6424=CARTESIAN_POINT('',(52.051621452127,5.67678775285055,-69.8499984789643));
#6425=CARTESIAN_POINT('Ctrl Pts',(51.7881462020013,5.82024419687356,-69.9097354759881));
#6426=CARTESIAN_POINT('Ctrl Pts',(51.8124991260122,5.80978739028637,-69.8917769639865));
#6427=CARTESIAN_POINT('Ctrl Pts',(51.8601596436058,5.78724111500252,-69.8668310619128));
#6428=CARTESIAN_POINT('Ctrl Pts',(51.9609189431001,5.73354509654842,-69.8493538825861));
#6429=CARTESIAN_POINT('Ctrl Pts',(52.0255236576626,5.69398457395571,-69.8499984789644));
#6430=CARTESIAN_POINT('Ctrl Pts',(52.051621452127,5.67678775285055,-69.8499984789644));
#6431=CARTESIAN_POINT('',(51.9784092049775,5.50003775285055,-69.8499984789643));
#6432=CARTESIAN_POINT('Origin',(52.228371452127,5.50003775285055,-69.8499984789643));
#6433=CARTESIAN_POINT('',(51.7284092049775,5.50003775285055,-70.0999984789644));
#6434=CARTESIAN_POINT('Ctrl Pts',(64.5464548345798,5.82024419687357,-69.909735475988));
#6435=CARTESIAN_POINT('Ctrl Pts',(64.5708077585907,5.83070100346076,-69.9276939879896));
#6436=CARTESIAN_POINT('Ctrl Pts',(64.6168977218583,5.84900440781538,-69.9719042044645));
#6437=CARTESIAN_POINT('Ctrl Pts',(64.7075679868571,5.87116376939345,-70.1209003015474));
#6438=CARTESIAN_POINT('Ctrl Pts',(64.7311918316036,5.875,-70.2749489419191));
#6439=CARTESIAN_POINT('Ctrl Pts',(64.7311918316036,5.875,-70.3499607261137));
#6440=CARTESIAN_POINT('Ctrl Pts',(64.5528492465891,5.84115781004795,-69.9033410639787));
#6441=CARTESIAN_POINT('Ctrl Pts',(64.5777050994749,5.84971934502237,-69.922788788245));
#6442=CARTESIAN_POINT('Ctrl Pts',(64.6261812427465,5.86523933197513,-69.970221020413));
#6443=CARTESIAN_POINT('Ctrl Pts',(64.7203922052332,5.88481721040633,-70.124814882236));
#6444=CARTESIAN_POINT('Ctrl Pts',(64.7443091155542,5.88811728395062,-70.2745675277826));
#6445=CARTESIAN_POINT('Ctrl Pts',(64.7450807204924,5.88888888888889,-70.3499607261137));
#6446=CARTESIAN_POINT('Ctrl Pts',(64.5636050452682,5.87811535115013,-69.8925852652997));
#6447=CARTESIAN_POINT('Ctrl Pts',(64.5912119400776,5.88437611825579,-69.9151678888733));
#6448=CARTESIAN_POINT('Ctrl Pts',(64.6481887441584,5.89649602184712,-69.970363100762));
#6449=CARTESIAN_POINT('Ctrl Pts',(64.7496746984746,5.91243784141703,-70.1358121818964));
#6450=CARTESIAN_POINT('Ctrl Pts',(64.7710580867476,5.91486625514403,-70.2740146500301));
#6451=CARTESIAN_POINT('Ctrl Pts',(64.7728584982703,5.91666666666667,-70.3499607261137));
#6452=CARTESIAN_POINT('Ctrl Pts',(64.5984211543154,5.94037618852488,-69.8577691562524));
#6453=CARTESIAN_POINT('Ctrl Pts',(64.6362934687637,5.94425464506196,-69.8894148832353));
#6454=CARTESIAN_POINT('Ctrl Pts',(64.7109366699477,5.95177733418324,-69.9669225179655));
#6455=CARTESIAN_POINT('Ctrl Pts',(64.7937133814243,5.95548431678655,-70.138255568106));
#6456=CARTESIAN_POINT('Ctrl Pts',(64.8127247534142,5.9565329218107,-70.2750391619148));
#6457=CARTESIAN_POINT('Ctrl Pts',(64.8145251649369,5.95833333333333,-70.3499607261137));
#6458=CARTESIAN_POINT('Ctrl Pts',(64.6272737157881,5.98148148148148,-69.8289165947797));
#6459=CARTESIAN_POINT('Ctrl Pts',(64.6694204091552,5.98251028806584,-69.8700344815624));
#6460=CARTESIAN_POINT('Ctrl Pts',(64.7449457274437,5.98365864209961,-69.9660700023376));
#6461=CARTESIAN_POINT('Ctrl Pts',(64.8218248661532,5.98414772379959,-70.1458622860346));
#6462=CARTESIAN_POINT('Ctrl Pts',(64.8415313377764,5.98533950617284,-70.2808782541443));
#6463=CARTESIAN_POINT('Ctrl Pts',(64.8423029427147,5.98611111111111,-70.3499607261137));
#6464=CARTESIAN_POINT('Ctrl Pts',(64.6365329750474,6.,-69.8196573355204));
#6465=CARTESIAN_POINT('Ctrl Pts',(64.6828106760491,6.,-69.8659350365221));
#6466=CARTESIAN_POINT('Ctrl Pts',(64.7631770276892,6.,-69.9706708170221));
#6467=CARTESIAN_POINT('Ctrl Pts',(64.8389600432031,6.,-70.1536272008734));
#6468=CARTESIAN_POINT('Ctrl Pts',(64.8561918316036,6.,-70.2845141737216));
#6469=CARTESIAN_POINT('Ctrl Pts',(64.8561918316036,6.,-70.3499607261137));
#6470=CARTESIAN_POINT('',(64.5464548345798,5.82024419687357,-69.909735475988));
#6471=CARTESIAN_POINT('',(64.7311918316036,5.875,-70.3499607261137));
#6472=CARTESIAN_POINT('Ctrl Pts',(64.5464548345798,5.82024419687357,-69.909735475988));
#6473=CARTESIAN_POINT('Ctrl Pts',(64.5708077585907,5.83070100346076,-69.9276939879896));
#6474=CARTESIAN_POINT('Ctrl Pts',(64.6168977218583,5.84900440781538,-69.9719042044645));
#6475=CARTESIAN_POINT('Ctrl Pts',(64.7075679868571,5.87116376939345,-70.1209003015474));
#6476=CARTESIAN_POINT('Ctrl Pts',(64.7311918316036,5.875,-70.2749489419191));
#6477=CARTESIAN_POINT('Ctrl Pts',(64.7311918316036,5.875,-70.3499607261137));
#6478=CARTESIAN_POINT('',(64.6365329750474,6.,-69.8196573355204));
#6479=CARTESIAN_POINT('Ctrl Pts',(64.5464548345798,5.82024419687357,-69.909735475988));
#6480=CARTESIAN_POINT('Ctrl Pts',(64.5528492465891,5.84115781004795,-69.9033410639787));
#6481=CARTESIAN_POINT('Ctrl Pts',(64.5636050452682,5.87811535115013,-69.8925852652997));
#6482=CARTESIAN_POINT('Ctrl Pts',(64.5984211543154,5.94037618852488,-69.8577691562524));
#6483=CARTESIAN_POINT('Ctrl Pts',(64.6272737157881,5.98148148148148,-69.8289165947797));
#6484=CARTESIAN_POINT('Ctrl Pts',(64.6365329750474,6.,-69.8196573355204));
#6485=CARTESIAN_POINT('',(64.8561918316036,6.,-70.3499607261137));
#6486=CARTESIAN_POINT('Origin',(64.1062295844541,6.,-70.3499607261137));
#6487=CARTESIAN_POINT('',(64.6061918316036,5.75,-70.3499607261137));
#6488=CARTESIAN_POINT('Ctrl Pts',(64.5464548345798,5.82024419687357,-69.909735475988));
#6489=CARTESIAN_POINT('Ctrl Pts',(64.5528492465891,5.84115781004795,-69.9033410639787));
#6490=CARTESIAN_POINT('Ctrl Pts',(64.5636050452682,5.87811535115013,-69.8925852652997));
#6491=CARTESIAN_POINT('Ctrl Pts',(64.5984211543154,5.94037618852488,-69.8577691562524));
#6492=CARTESIAN_POINT('Ctrl Pts',(64.6272737157881,5.98148148148148,-69.8289165947797));
#6493=CARTESIAN_POINT('Ctrl Pts',(64.6365329750474,6.,-69.8196573355204));
#6494=CARTESIAN_POINT('Ctrl Pts',(64.5284963225782,5.83070100346076,-69.8853825519771));
#6495=CARTESIAN_POINT('Ctrl Pts',(64.5334015223228,5.84971934502237,-69.8784852110929));
#6496=CARTESIAN_POINT('Ctrl Pts',(64.5410224216946,5.88437611825579,-69.8649783704903));
#6497=CARTESIAN_POINT('Ctrl Pts',(64.5667754273325,5.94425464506196,-69.8198968418041));
#6498=CARTESIAN_POINT('Ctrl Pts',(64.5861558290054,5.98251028806584,-69.7867699014126));
#6499=CARTESIAN_POINT('Ctrl Pts',(64.5902552740457,6.,-69.7733796345187));
#6500=CARTESIAN_POINT('Ctrl Pts',(64.4842861061033,5.84900440781538,-69.8392925887095));
#6501=CARTESIAN_POINT('Ctrl Pts',(64.4859692901549,5.86523933197513,-69.8300090678214));
#6502=CARTESIAN_POINT('Ctrl Pts',(64.4858272098058,5.89649602184712,-69.8080015664095));
#6503=CARTESIAN_POINT('Ctrl Pts',(64.4892677926024,5.95177733418324,-69.7452536406201));
#6504=CARTESIAN_POINT('Ctrl Pts',(64.4901203082302,5.98365864209961,-69.7112445831242));
#6505=CARTESIAN_POINT('Ctrl Pts',(64.4855194935457,6.,-69.6930132828787));
#6506=CARTESIAN_POINT('Ctrl Pts',(64.3352900090205,5.87116376939345,-69.7486223237107));
#6507=CARTESIAN_POINT('Ctrl Pts',(64.3313754283318,5.88481721040633,-69.7357981053347));
#6508=CARTESIAN_POINT('Ctrl Pts',(64.3203781286715,5.91243784141703,-69.7065156120932));
#6509=CARTESIAN_POINT('Ctrl Pts',(64.3179347424619,5.95548431678655,-69.6624769291436));
#6510=CARTESIAN_POINT('Ctrl Pts',(64.3103280245332,5.98414772379959,-69.6343654444147));
#6511=CARTESIAN_POINT('Ctrl Pts',(64.3025631096944,6.,-69.6172302673648));
#6512=CARTESIAN_POINT('Ctrl Pts',(64.1812413686487,5.875,-69.7249984789643));
#6513=CARTESIAN_POINT('Ctrl Pts',(64.1816227827853,5.88811728395062,-69.7118811950137));
#6514=CARTESIAN_POINT('Ctrl Pts',(64.1821756605378,5.91486625514404,-69.6851322238203));
#6515=CARTESIAN_POINT('Ctrl Pts',(64.181151148653,5.9565329218107,-69.6434655571536));
#6516=CARTESIAN_POINT('Ctrl Pts',(64.1753120564235,5.98533950617284,-69.6146589727914));
#6517=CARTESIAN_POINT('Ctrl Pts',(64.1716761368462,6.,-69.5999984789643));
#6518=CARTESIAN_POINT('Ctrl Pts',(64.1062295844541,5.875,-69.7249984789643));
#6519=CARTESIAN_POINT('Ctrl Pts',(64.1062295844541,5.88888888888889,-69.7111095900754));
#6520=CARTESIAN_POINT('Ctrl Pts',(64.1062295844541,5.91666666666667,-69.6833318122977));
#6521=CARTESIAN_POINT('Ctrl Pts',(64.1062295844541,5.95833333333333,-69.6416651456309));
#6522=CARTESIAN_POINT('Ctrl Pts',(64.1062295844541,5.98611111111111,-69.6138873678532));
#6523=CARTESIAN_POINT('Ctrl Pts',(64.1062295844541,6.,-69.5999984789643));
#6524=CARTESIAN_POINT('',(64.1062295844541,5.875,-69.7249984789643));
#6525=CARTESIAN_POINT('Ctrl Pts',(64.5464548345798,5.82024419687357,-69.909735475988));
#6526=CARTESIAN_POINT('Ctrl Pts',(64.5284963225782,5.83070100346076,-69.8853825519771));
#6527=CARTESIAN_POINT('Ctrl Pts',(64.4842861061033,5.84900440781538,-69.8392925887095));
#6528=CARTESIAN_POINT('Ctrl Pts',(64.3352900090205,5.87116376939345,-69.7486223237108));
#6529=CARTESIAN_POINT('Ctrl Pts',(64.1812413686487,5.875,-69.7249984789643));
#6530=CARTESIAN_POINT('Ctrl Pts',(64.1062295844541,5.875,-69.7249984789643));
#6531=CARTESIAN_POINT('',(64.1062295844541,6.,-69.5999984789643));
#6532=CARTESIAN_POINT('',(64.1062295844541,6.,-69.5999984789643));
#6533=CARTESIAN_POINT('Origin',(64.1062295844541,6.,-70.3499607261137));
#6534=CARTESIAN_POINT('Ctrl Pts',(64.5464548345798,5.82024419687357,-69.909735475988));
#6535=CARTESIAN_POINT('Ctrl Pts',(64.5284963225782,5.83070100346076,-69.8853825519771));
#6536=CARTESIAN_POINT('Ctrl Pts',(64.4842861061033,5.84900440781538,-69.8392925887095));
#6537=CARTESIAN_POINT('Ctrl Pts',(64.3352900090205,5.87116376939345,-69.7486223237108));
#6538=CARTESIAN_POINT('Ctrl Pts',(64.1812413686487,5.875,-69.7249984789643));
#6539=CARTESIAN_POINT('Ctrl Pts',(64.1062295844541,5.875,-69.7249984789643));
#6540=CARTESIAN_POINT('Ctrl Pts',(64.5221019105689,5.80978739028637,-69.8917769639864));
#6541=CARTESIAN_POINT('Ctrl Pts',(64.5038021699869,5.82009892963505,-69.8708994490013));
#6542=CARTESIAN_POINT('Ctrl Pts',(64.4591876022755,5.83818172528385,-69.8307989623493));
#6543=CARTESIAN_POINT('Ctrl Pts',(64.3118361039859,5.85873309555104,-69.7532054275838));
#6544=CARTESIAN_POINT('Ctrl Pts',(64.1725253118239,5.86188271604938,-69.7381157629149));
#6545=CARTESIAN_POINT('Ctrl Pts',(64.1062295844541,5.86111111111111,-69.7388873678532));
#6546=CARTESIAN_POINT('Ctrl Pts',(64.4744413929753,5.78724111500252,-69.8668310619128));
#6547=CARTESIAN_POINT('Ctrl Pts',(64.4557529741117,5.79754935590333,-69.8507315739937));
#6548=CARTESIAN_POINT('Ctrl Pts',(64.409608692006,5.81518442037583,-69.819147525432));
#6549=CARTESIAN_POINT('Ctrl Pts',(64.2645456671539,5.83248669132982,-69.7661855687837));
#6550=CARTESIAN_POINT('Ctrl Pts',(64.1577086731025,5.83513374485597,-69.7648647341083));
#6551=CARTESIAN_POINT('Ctrl Pts',(64.1062295844541,5.83333333333333,-69.7666651456309));
#6552=CARTESIAN_POINT('Ctrl Pts',(64.3736820934809,5.73354509654843,-69.8493538825861));
#6553=CARTESIAN_POINT('Ctrl Pts',(64.3542530540428,5.74553466852984,-69.8393252472313));
#6554=CARTESIAN_POINT('Ctrl Pts',(64.3048058432692,5.76575210131907,-69.8209933997928));
#6555=CARTESIAN_POINT('Ctrl Pts',(64.2044876156873,5.78870086327437,-69.803604708965));
#6556=CARTESIAN_POINT('Ctrl Pts',(64.1406007414545,5.7934670781893,-69.806531400775));
#6557=CARTESIAN_POINT('Ctrl Pts',(64.1062295844541,5.79166666666667,-69.8083318122976));
#6558=CARTESIAN_POINT('Ctrl Pts',(64.3090773789185,5.69398457395571,-69.8499984789643));
#6559=CARTESIAN_POINT('Ctrl Pts',(64.2928626805635,5.70875068056918,-69.8459505202615));
#6560=CARTESIAN_POINT('Ctrl Pts',(64.255073155384,5.73461316883805,-69.8390999787069));
#6561=CARTESIAN_POINT('Ctrl Pts',(64.1838491810672,5.75977681625669,-69.8340141304757));
#6562=CARTESIAN_POINT('Ctrl Pts',(64.1320611792523,5.76466049382716,-69.8353379851371));
#6563=CARTESIAN_POINT('Ctrl Pts',(64.1062295844541,5.76388888888889,-69.8361095900754));
#6564=CARTESIAN_POINT('Ctrl Pts',(64.2829795844541,5.67678775285056,-69.8499984789643));
#6565=CARTESIAN_POINT('Ctrl Pts',(64.2675552371896,5.69221210011506,-69.8499984789643));
#6566=CARTESIAN_POINT('Ctrl Pts',(64.2326468252659,5.7189981869181,-69.8499984789643));
#6567=CARTESIAN_POINT('Ctrl Pts',(64.1716675039579,5.74425664882818,-69.8499984789643));
#6568=CARTESIAN_POINT('Ctrl Pts',(64.1280429055463,5.75,-69.8499984789643));
#6569=CARTESIAN_POINT('Ctrl Pts',(64.1062295844541,5.75,-69.8499984789643));
#6570=CARTESIAN_POINT('',(64.2829795844541,5.67678775285056,-69.8499984789643));
#6571=CARTESIAN_POINT('Ctrl Pts',(64.5464548345798,5.82024419687357,-69.909735475988));
#6572=CARTESIAN_POINT('Ctrl Pts',(64.5221019105689,5.80978739028637,-69.8917769639864));
#6573=CARTESIAN_POINT('Ctrl Pts',(64.4744413929753,5.78724111500252,-69.8668310619128));
#6574=CARTESIAN_POINT('Ctrl Pts',(64.3736820934809,5.73354509654843,-69.8493538825861));
#6575=CARTESIAN_POINT('Ctrl Pts',(64.3090773789185,5.69398457395571,-69.8499984789643));
#6576=CARTESIAN_POINT('Ctrl Pts',(64.2829795844541,5.67678775285056,-69.8499984789643));
#6577=CARTESIAN_POINT('',(64.1062295844541,5.75,-69.8499984789643));
#6578=CARTESIAN_POINT('Origin',(64.1062295844541,5.50003775285056,-69.8499984789643));
#6579=CARTESIAN_POINT('',(64.1062295844541,6.,-69.5999984789643));
#6580=CARTESIAN_POINT('Ctrl Pts',(64.5464548345798,5.82024419687357,-69.909735475988));
#6581=CARTESIAN_POINT('Ctrl Pts',(64.5221019105689,5.80978739028637,-69.8917769639864));
#6582=CARTESIAN_POINT('Ctrl Pts',(64.4744413929753,5.78724111500252,-69.8668310619128));
#6583=CARTESIAN_POINT('Ctrl Pts',(64.3736820934809,5.73354509654843,-69.8493538825861));
#6584=CARTESIAN_POINT('Ctrl Pts',(64.3090773789185,5.69398457395571,-69.8499984789643));
#6585=CARTESIAN_POINT('Ctrl Pts',(64.2829795844541,5.67678775285056,-69.8499984789643));
#6586=CARTESIAN_POINT('Ctrl Pts',(64.5400604225705,5.79933058369918,-69.9161298879973));
#6587=CARTESIAN_POINT('Ctrl Pts',(64.5184880078805,5.78930224029638,-69.9005171882598));
#6588=CARTESIAN_POINT('Ctrl Pts',(64.4744551789499,5.76728720982345,-69.8776669532968));
#6589=CARTESIAN_POINT('Ctrl Pts',(64.3797837188438,5.71384629311836,-69.8593046891184));
#6590=CARTESIAN_POINT('Ctrl Pts',(64.322392322333,5.67730770944167,-69.8540464376671));
#6591=CARTESIAN_POINT('Ctrl Pts',(64.2984039317186,5.66136340558606,-69.8499984789643));
#6592=CARTESIAN_POINT('Ctrl Pts',(64.5277997987293,5.75537767584441,-69.9283905118385));
#6593=CARTESIAN_POINT('Ctrl Pts',(64.5090895901438,5.74553793340512,-69.9165996253348));
#6594=CARTESIAN_POINT('Ctrl Pts',(64.4683529847484,5.72284794446838,-69.8984608652226));
#6595=CARTESIAN_POINT('Ctrl Pts',(64.38583962057,5.66809464983636,-69.87771585017));
#6596=CARTESIAN_POINT('Ctrl Pts',(64.3447657169205,5.63975523558938,-69.8608969792217));
#6597=CARTESIAN_POINT('Ctrl Pts',(64.3251900185217,5.62645499366235,-69.8499984789643));
#6598=CARTESIAN_POINT('Ctrl Pts',(64.4865033324236,5.64035154096161,-69.9696869781443));
#6599=CARTESIAN_POINT('Ctrl Pts',(64.4715654626141,5.63135274202462,-69.9584269540594));
#6600=CARTESIAN_POINT('Ctrl Pts',(64.4400599693996,5.61073675370984,-69.9361924648328));
#6601=CARTESIAN_POINT('Ctrl Pts',(64.3942063355098,5.58391486682566,-69.8958852102978));
#6602=CARTESIAN_POINT('Ctrl Pts',(64.3659769861876,5.57253954299302,-69.8659828274529));
#6603=CARTESIAN_POINT('Ctrl Pts',(64.3504484804317,5.56547567235435,-69.8499984789643));
#6604=CARTESIAN_POINT('Ctrl Pts',(64.4811918316036,5.54499730466529,-69.9749984789643));
#6605=CARTESIAN_POINT('Ctrl Pts',(64.4680745476529,5.54249955178669,-69.9618811950137));
#6606=CARTESIAN_POINT('Ctrl Pts',(64.4413255764595,5.5373731543217,-69.9351322238202));
#6607=CARTESIAN_POINT('Ctrl Pts',(64.3996589097929,5.52950599786026,-69.8934655571536));
#6608=CARTESIAN_POINT('Ctrl Pts',(64.3708523254307,5.52438585208887,-69.8646589727914));
#6609=CARTESIAN_POINT('Ctrl Pts',(64.3561918316036,5.52185107394276,-69.8499984789643));
#6610=CARTESIAN_POINT('Ctrl Pts',(64.4811918316036,5.50003775285056,-69.9749984789643));
#6611=CARTESIAN_POINT('Ctrl Pts',(64.4673029427147,5.50003775285056,-69.9611095900754));
#6612=CARTESIAN_POINT('Ctrl Pts',(64.4395251649369,5.50003775285056,-69.9333318122976));
#6613=CARTESIAN_POINT('Ctrl Pts',(64.3978584982702,5.50003775285056,-69.8916651456309));
#6614=CARTESIAN_POINT('Ctrl Pts',(64.3700807204925,5.50003775285056,-69.8638873678532));
#6615=CARTESIAN_POINT('Ctrl Pts',(64.3561918316036,5.50003775285056,-69.8499984789643));
#6616=CARTESIAN_POINT('',(64.4811918316036,5.50003775285056,-69.9749984789643));
#6617=CARTESIAN_POINT('Ctrl Pts',(64.5464548345798,5.82024419687357,-69.909735475988));
#6618=CARTESIAN_POINT('Ctrl Pts',(64.5400604225705,5.79933058369918,-69.9161298879973));
#6619=CARTESIAN_POINT('Ctrl Pts',(64.5277997987293,5.75537767584441,-69.9283905118385));
#6620=CARTESIAN_POINT('Ctrl Pts',(64.4865033324236,5.64035154096161,-69.9696869781443));
#6621=CARTESIAN_POINT('Ctrl Pts',(64.4811918316036,5.54499730466529,-69.9749984789643));
#6622=CARTESIAN_POINT('Ctrl Pts',(64.4811918316036,5.50003775285056,-69.9749984789643));
#6623=CARTESIAN_POINT('',(64.3561918316036,5.50003775285056,-69.8499984789643));
#6624=CARTESIAN_POINT('',(64.3561918316036,5.50003775285056,-69.8499984789643));
#6625=CARTESIAN_POINT('Origin',(64.1062295844541,5.50003775285056,-69.8499984789643));
#6626=CARTESIAN_POINT('Ctrl Pts',(64.5464548345798,5.82024419687357,-69.909735475988));
#6627=CARTESIAN_POINT('Ctrl Pts',(64.5400604225705,5.79933058369918,-69.9161298879973));
#6628=CARTESIAN_POINT('Ctrl Pts',(64.5277997987293,5.75537767584441,-69.9283905118385));
#6629=CARTESIAN_POINT('Ctrl Pts',(64.4865033324236,5.64035154096161,-69.9696869781443));
#6630=CARTESIAN_POINT('Ctrl Pts',(64.4811918316036,5.54499730466529,-69.9749984789643));
#6631=CARTESIAN_POINT('Ctrl Pts',(64.4811918316036,5.50003775285056,-69.9749984789643));
#6632=CARTESIAN_POINT('Ctrl Pts',(64.5644133465814,5.80978739028637,-69.9340883999989));
#6633=CARTESIAN_POINT('Ctrl Pts',(64.555673122308,5.78930224029638,-69.9377023026874));
#6634=CARTESIAN_POINT('Ctrl Pts',(64.5395906852331,5.74553793340512,-69.947100720424));
#6635=CARTESIAN_POINT('Ctrl Pts',(64.4977633565084,5.63135274202462,-69.9846248479538));
#6636=CARTESIAN_POINT('Ctrl Pts',(64.4943091155542,5.54249955178669,-69.9881157629149));
#6637=CARTESIAN_POINT('Ctrl Pts',(64.4950807204925,5.50003775285056,-69.9888873678532));
#6638=CARTESIAN_POINT('Ctrl Pts',(64.5893592486551,5.78724111500252,-69.9817489175926));
#6639=CARTESIAN_POINT('Ctrl Pts',(64.5785233572711,5.76728720982345,-69.981735131618));
#6640=CARTESIAN_POINT('Ctrl Pts',(64.5577294453453,5.72284794446838,-69.9878373258194));
#6641=CARTESIAN_POINT('Ctrl Pts',(64.519997845735,5.61073675370984,-70.0161303411682));
#6642=CARTESIAN_POINT('Ctrl Pts',(64.5210580867476,5.5373731543217,-70.0148647341083));
#6643=CARTESIAN_POINT('Ctrl Pts',(64.5228584982702,5.50003775285056,-70.0166651456309));
#6644=CARTESIAN_POINT('Ctrl Pts',(64.6068364279818,5.73354509654842,-70.0825082170869));
#6645=CARTESIAN_POINT('Ctrl Pts',(64.5968856214494,5.71384629311836,-70.076406591724));
#6646=CARTESIAN_POINT('Ctrl Pts',(64.5784744603978,5.66809464983636,-70.0703506899978));
#6647=CARTESIAN_POINT('Ctrl Pts',(64.56030510027,5.58391486682566,-70.061983975058));
#6648=CARTESIAN_POINT('Ctrl Pts',(64.5627247534143,5.52950599786026,-70.056531400775));
#6649=CARTESIAN_POINT('Ctrl Pts',(64.5645251649369,5.50003775285056,-70.0583318122976));
#6650=CARTESIAN_POINT('Ctrl Pts',(64.6061918316036,5.69398457395571,-70.1471129316494));
#6651=CARTESIAN_POINT('Ctrl Pts',(64.6021438729008,5.67730770944167,-70.1337979882349));
#6652=CARTESIAN_POINT('Ctrl Pts',(64.5952933313461,5.63975523558938,-70.1114245936474));
#6653=CARTESIAN_POINT('Ctrl Pts',(64.590207483115,5.57253954299302,-70.0902133243802));
#6654=CARTESIAN_POINT('Ctrl Pts',(64.5915313377764,5.52438585208887,-70.0853379851371));
#6655=CARTESIAN_POINT('Ctrl Pts',(64.5923029427147,5.50003775285056,-70.0861095900754));
#6656=CARTESIAN_POINT('Ctrl Pts',(64.6061918316036,5.67678775285056,-70.1732107261137));
#6657=CARTESIAN_POINT('Ctrl Pts',(64.6061918316036,5.66136340558606,-70.1577863788492));
#6658=CARTESIAN_POINT('Ctrl Pts',(64.6061918316036,5.62645499366235,-70.1310002920462));
#6659=CARTESIAN_POINT('Ctrl Pts',(64.6061918316035,5.56547567235435,-70.1057418301361));
#6660=CARTESIAN_POINT('Ctrl Pts',(64.6061918316036,5.52185107394276,-70.0999984789643));
#6661=CARTESIAN_POINT('Ctrl Pts',(64.6061918316036,5.50003775285056,-70.0999984789643));
#6662=CARTESIAN_POINT('',(64.6061918316036,5.67678775285056,-70.1732107261137));
#6663=CARTESIAN_POINT('Ctrl Pts',(64.5464548345798,5.82024419687357,-69.909735475988));
#6664=CARTESIAN_POINT('Ctrl Pts',(64.5644133465814,5.80978739028637,-69.9340883999989));
#6665=CARTESIAN_POINT('Ctrl Pts',(64.5893592486551,5.78724111500252,-69.9817489175926));
#6666=CARTESIAN_POINT('Ctrl Pts',(64.6068364279818,5.73354509654842,-70.0825082170869));
#6667=CARTESIAN_POINT('Ctrl Pts',(64.6061918316036,5.69398457395571,-70.1471129316494));
#6668=CARTESIAN_POINT('Ctrl Pts',(64.6061918316036,5.67678775285056,-70.1732107261137));
#6669=CARTESIAN_POINT('',(64.6061918316036,5.50003775285056,-70.0999984789643));
#6670=CARTESIAN_POINT('Origin',(64.6061918316036,5.50003775285056,-70.3499607261137));
#6671=CARTESIAN_POINT('',(64.3561918316036,5.50003775285056,-69.8499984789643));
#6672=CARTESIAN_POINT('Ctrl Pts',(51.7881462020013,5.82024419687356,-82.4538007011428));
#6673=CARTESIAN_POINT('Ctrl Pts',(51.7637932779904,5.83070100346075,-82.4358421891412));
#6674=CARTESIAN_POINT('Ctrl Pts',(51.7177033147228,5.84900440781538,-82.3916319726663));
#6675=CARTESIAN_POINT('Ctrl Pts',(51.627033049724,5.87116376939345,-82.2426358755835));
#6676=CARTESIAN_POINT('Ctrl Pts',(51.6034092049775,5.875,-82.0885872352117));
#6677=CARTESIAN_POINT('Ctrl Pts',(51.6034092049775,5.875,-82.0135754510171));
#6678=CARTESIAN_POINT('Ctrl Pts',(51.781751789992,5.84115781004794,-82.4601951131521));
#6679=CARTESIAN_POINT('Ctrl Pts',(51.7568959371062,5.84971934502237,-82.4407473888858));
#6680=CARTESIAN_POINT('Ctrl Pts',(51.7084197938346,5.86523933197513,-82.3933151567178));
#6681=CARTESIAN_POINT('Ctrl Pts',(51.6142088313479,5.88481721040633,-82.2387212948948));
#6682=CARTESIAN_POINT('Ctrl Pts',(51.5902919210269,5.88811728395062,-82.0889686493482));
#6683=CARTESIAN_POINT('Ctrl Pts',(51.5895203160886,5.88888888888889,-82.0135754510171));
#6684=CARTESIAN_POINT('Ctrl Pts',(51.770995991313,5.87811535115013,-82.4709509118312));
#6685=CARTESIAN_POINT('Ctrl Pts',(51.7433890965035,5.88437611825579,-82.4483682882576));
#6686=CARTESIAN_POINT('Ctrl Pts',(51.6864122924227,5.89649602184712,-82.3931730763688));
#6687=CARTESIAN_POINT('Ctrl Pts',(51.5849263381064,5.91243784141703,-82.2277239952343));
#6688=CARTESIAN_POINT('Ctrl Pts',(51.5635429498335,5.91486625514403,-82.0895215271007));
#6689=CARTESIAN_POINT('Ctrl Pts',(51.5617425383109,5.91666666666667,-82.0135754510171));
#6690=CARTESIAN_POINT('Ctrl Pts',(51.7361798822656,5.94037618852488,-82.5057670208784));
#6691=CARTESIAN_POINT('Ctrl Pts',(51.6983075678174,5.94425464506196,-82.4741212938954));
#6692=CARTESIAN_POINT('Ctrl Pts',(51.6236643666334,5.95177733418324,-82.3966136591653));
#6693=CARTESIAN_POINT('Ctrl Pts',(51.5408876551569,5.95548431678655,-82.2252806090249));
#6694=CARTESIAN_POINT('Ctrl Pts',(51.5218762831668,5.9565329218107,-82.0884970152159));
#6695=CARTESIAN_POINT('Ctrl Pts',(51.5200758716442,5.95833333333333,-82.0135754510171));
#6696=CARTESIAN_POINT('Ctrl Pts',(51.7073273207929,5.98148148148148,-82.5346195823511));
#6697=CARTESIAN_POINT('Ctrl Pts',(51.6651806274259,5.98251028806584,-82.4935016955684));
#6698=CARTESIAN_POINT('Ctrl Pts',(51.5896553091374,5.98365864209961,-82.3974661747932));
#6699=CARTESIAN_POINT('Ctrl Pts',(51.5127761704279,5.98414772379959,-82.2176738910962));
#6700=CARTESIAN_POINT('Ctrl Pts',(51.4930696988047,5.98533950617284,-82.0826579229865));
#6701=CARTESIAN_POINT('Ctrl Pts',(51.4922980938664,5.98611111111111,-82.0135754510171));
#6702=CARTESIAN_POINT('Ctrl Pts',(51.6980680615337,6.,-82.5438788416103));
#6703=CARTESIAN_POINT('Ctrl Pts',(51.651790360532,6.,-82.4976011406086));
#6704=CARTESIAN_POINT('Ctrl Pts',(51.5714240088919,6.,-82.3928653601087));
#6705=CARTESIAN_POINT('Ctrl Pts',(51.495640993378,6.,-82.2099089762575));
#6706=CARTESIAN_POINT('Ctrl Pts',(51.4784092049775,6.,-82.0790220034091));
#6707=CARTESIAN_POINT('Ctrl Pts',(51.4784092049775,6.,-82.0135754510171));
#6708=CARTESIAN_POINT('',(51.7881462020013,5.82024419687356,-82.4538007011428));
#6709=CARTESIAN_POINT('',(51.6034092049775,5.875,-82.0135754510171));
#6710=CARTESIAN_POINT('Ctrl Pts',(51.7881462020013,5.82024419687356,-82.4538007011428));
#6711=CARTESIAN_POINT('Ctrl Pts',(51.7637932779904,5.83070100346075,-82.4358421891412));
#6712=CARTESIAN_POINT('Ctrl Pts',(51.7177033147228,5.84900440781538,-82.3916319726663));
#6713=CARTESIAN_POINT('Ctrl Pts',(51.627033049724,5.87116376939345,-82.2426358755835));
#6714=CARTESIAN_POINT('Ctrl Pts',(51.6034092049775,5.875,-82.0885872352117));
#6715=CARTESIAN_POINT('Ctrl Pts',(51.6034092049775,5.875,-82.0135754510171));
#6716=CARTESIAN_POINT('',(51.6980680615337,6.,-82.5438788416103));
#6717=CARTESIAN_POINT('Ctrl Pts',(51.7881462020013,5.82024419687356,-82.4538007011428));
#6718=CARTESIAN_POINT('Ctrl Pts',(51.781751789992,5.84115781004794,-82.4601951131521));
#6719=CARTESIAN_POINT('Ctrl Pts',(51.770995991313,5.87811535115013,-82.4709509118312));
#6720=CARTESIAN_POINT('Ctrl Pts',(51.7361798822656,5.94037618852488,-82.5057670208784));
#6721=CARTESIAN_POINT('Ctrl Pts',(51.7073273207929,5.98148148148148,-82.5346195823511));
#6722=CARTESIAN_POINT('Ctrl Pts',(51.6980680615337,6.,-82.5438788416103));
#6723=CARTESIAN_POINT('',(51.4784092049775,6.,-82.0135754510171));
#6724=CARTESIAN_POINT('Origin',(52.228371452127,6.,-82.0135754510171));
#6725=CARTESIAN_POINT('',(51.7284092049775,5.75,-82.0135754510171));
#6726=CARTESIAN_POINT('Ctrl Pts',(51.7881462020013,5.82024419687356,-82.4538007011428));
#6727=CARTESIAN_POINT('Ctrl Pts',(51.781751789992,5.84115781004794,-82.4601951131521));
#6728=CARTESIAN_POINT('Ctrl Pts',(51.770995991313,5.87811535115013,-82.4709509118312));
#6729=CARTESIAN_POINT('Ctrl Pts',(51.7361798822656,5.94037618852488,-82.5057670208784));
#6730=CARTESIAN_POINT('Ctrl Pts',(51.7073273207929,5.98148148148148,-82.5346195823511));
#6731=CARTESIAN_POINT('Ctrl Pts',(51.6980680615337,6.,-82.5438788416103));
#6732=CARTESIAN_POINT('Ctrl Pts',(51.8061047140029,5.83070100346075,-82.4781536251537));
#6733=CARTESIAN_POINT('Ctrl Pts',(51.8011995142582,5.84971934502237,-82.4850509660379));
#6734=CARTESIAN_POINT('Ctrl Pts',(51.7935786148866,5.88437611825579,-82.4985578066406));
#6735=CARTESIAN_POINT('Ctrl Pts',(51.7678256092486,5.94425464506196,-82.5436393353266));
#6736=CARTESIAN_POINT('Ctrl Pts',(51.7484452075757,5.98251028806584,-82.5767662757181));
#6737=CARTESIAN_POINT('Ctrl Pts',(51.7443457625354,6.,-82.590156542612));
#6738=CARTESIAN_POINT('Ctrl Pts',(51.8503149304778,5.84900440781538,-82.5242435884213));
#6739=CARTESIAN_POINT('Ctrl Pts',(51.8486317464262,5.86523933197513,-82.5335271093094));
#6740=CARTESIAN_POINT('Ctrl Pts',(51.8487738267753,5.89649602184712,-82.5555346107214));
#6741=CARTESIAN_POINT('Ctrl Pts',(51.8453332439787,5.95177733418324,-82.6182825365107));
#6742=CARTESIAN_POINT('Ctrl Pts',(51.8444807283509,5.98365864209961,-82.6522915940066));
#6743=CARTESIAN_POINT('Ctrl Pts',(51.8490815430354,6.,-82.6705228942521));
#6744=CARTESIAN_POINT('Ctrl Pts',(51.9993110275606,5.87116376939346,-82.61491385342));
#6745=CARTESIAN_POINT('Ctrl Pts',(52.0032256082492,5.88481721040633,-82.6277380717961));
#6746=CARTESIAN_POINT('Ctrl Pts',(52.0142229079097,5.91243784141703,-82.6570205650376));
#6747=CARTESIAN_POINT('Ctrl Pts',(52.0166662941191,5.95548431678655,-82.7010592479872));
#6748=CARTESIAN_POINT('Ctrl Pts',(52.0242730120478,5.98414772379959,-82.7291707327161));
#6749=CARTESIAN_POINT('Ctrl Pts',(52.0320379268866,6.,-82.746305909766));
#6750=CARTESIAN_POINT('Ctrl Pts',(52.1533596679324,5.875,-82.6385376981665));
#6751=CARTESIAN_POINT('Ctrl Pts',(52.1529782537958,5.88811728395062,-82.6516549821171));
#6752=CARTESIAN_POINT('Ctrl Pts',(52.1524253760434,5.91486625514404,-82.6784039533106));
#6753=CARTESIAN_POINT('Ctrl Pts',(52.1534498879281,5.9565329218107,-82.7200706199772));
#6754=CARTESIAN_POINT('Ctrl Pts',(52.1592889801576,5.98533950617284,-82.7488772043394));
#6755=CARTESIAN_POINT('Ctrl Pts',(52.1629248997349,6.,-82.7635376981665));
#6756=CARTESIAN_POINT('Ctrl Pts',(52.228371452127,5.875,-82.6385376981665));
#6757=CARTESIAN_POINT('Ctrl Pts',(52.228371452127,5.88888888888889,-82.6524265870554));
#6758=CARTESIAN_POINT('Ctrl Pts',(52.228371452127,5.91666666666667,-82.6802043648332));
#6759=CARTESIAN_POINT('Ctrl Pts',(52.228371452127,5.95833333333333,-82.7218710314999));
#6760=CARTESIAN_POINT('Ctrl Pts',(52.228371452127,5.98611111111111,-82.7496488092777));
#6761=CARTESIAN_POINT('Ctrl Pts',(52.228371452127,6.,-82.7635376981665));
#6762=CARTESIAN_POINT('',(52.228371452127,5.875,-82.6385376981665));
#6763=CARTESIAN_POINT('Ctrl Pts',(51.7881462020013,5.82024419687356,-82.4538007011428));
#6764=CARTESIAN_POINT('Ctrl Pts',(51.8061047140029,5.83070100346075,-82.4781536251537));
#6765=CARTESIAN_POINT('Ctrl Pts',(51.8503149304777,5.84900440781538,-82.5242435884213));
#6766=CARTESIAN_POINT('Ctrl Pts',(51.9993110275606,5.87116376939346,-82.6149138534201));
#6767=CARTESIAN_POINT('Ctrl Pts',(52.1533596679324,5.875,-82.6385376981665));
#6768=CARTESIAN_POINT('Ctrl Pts',(52.228371452127,5.875,-82.6385376981665));
#6769=CARTESIAN_POINT('',(52.228371452127,6.,-82.7635376981665));
#6770=CARTESIAN_POINT('',(52.228371452127,6.,-82.7635376981665));
#6771=CARTESIAN_POINT('Origin',(52.228371452127,6.,-82.0135754510171));
#6772=CARTESIAN_POINT('Ctrl Pts',(51.7881462020013,5.82024419687356,-82.4538007011428));
#6773=CARTESIAN_POINT('Ctrl Pts',(51.8061047140029,5.83070100346075,-82.4781536251537));
#6774=CARTESIAN_POINT('Ctrl Pts',(51.8503149304777,5.84900440781538,-82.5242435884213));
#6775=CARTESIAN_POINT('Ctrl Pts',(51.9993110275606,5.87116376939346,-82.6149138534201));
#6776=CARTESIAN_POINT('Ctrl Pts',(52.1533596679324,5.875,-82.6385376981665));
#6777=CARTESIAN_POINT('Ctrl Pts',(52.228371452127,5.875,-82.6385376981665));
#6778=CARTESIAN_POINT('Ctrl Pts',(51.8124991260122,5.80978739028637,-82.4717592131444));
#6779=CARTESIAN_POINT('Ctrl Pts',(51.8307988665942,5.82009892963505,-82.4926367281295));
#6780=CARTESIAN_POINT('Ctrl Pts',(51.8754134343055,5.83818172528385,-82.5327372147814));
#6781=CARTESIAN_POINT('Ctrl Pts',(52.0227649325952,5.85873309555104,-82.610330749547));
#6782=CARTESIAN_POINT('Ctrl Pts',(52.1620757247572,5.86188271604938,-82.6254204142159));
#6783=CARTESIAN_POINT('Ctrl Pts',(52.228371452127,5.86111111111111,-82.6246488092776));
#6784=CARTESIAN_POINT('Ctrl Pts',(51.8601596436058,5.78724111500252,-82.496705115218));
#6785=CARTESIAN_POINT('Ctrl Pts',(51.8788480624694,5.79754935590333,-82.5128046031371));
#6786=CARTESIAN_POINT('Ctrl Pts',(51.9249923445751,5.81518442037583,-82.5443886516989));
#6787=CARTESIAN_POINT('Ctrl Pts',(52.0700553694271,5.83248669132982,-82.597350608347));
#6788=CARTESIAN_POINT('Ctrl Pts',(52.1768923634786,5.83513374485597,-82.5986714430225));
#6789=CARTESIAN_POINT('Ctrl Pts',(52.228371452127,5.83333333333334,-82.5968710314999));
#6790=CARTESIAN_POINT('Ctrl Pts',(51.9609189431002,5.73354509654843,-82.5141822945448));
#6791=CARTESIAN_POINT('Ctrl Pts',(51.9803479825383,5.74553466852984,-82.5242109298995));
#6792=CARTESIAN_POINT('Ctrl Pts',(52.0297951933118,5.76575210131908,-82.5425427773379));
#6793=CARTESIAN_POINT('Ctrl Pts',(52.1301134208939,5.78870086327437,-82.5599314681659));
#6794=CARTESIAN_POINT('Ctrl Pts',(52.1940002951266,5.7934670781893,-82.5570047763558));
#6795=CARTESIAN_POINT('Ctrl Pts',(52.228371452127,5.79166666666667,-82.5552043648332));
#6796=CARTESIAN_POINT('Ctrl Pts',(52.0255236576626,5.69398457395571,-82.5135376981665));
#6797=CARTESIAN_POINT('Ctrl Pts',(52.0417383560176,5.70875068056918,-82.5175856568693));
#6798=CARTESIAN_POINT('Ctrl Pts',(52.0795278811971,5.73461316883805,-82.524436198424));
#6799=CARTESIAN_POINT('Ctrl Pts',(52.1507518555139,5.75977681625669,-82.5295220466551));
#6800=CARTESIAN_POINT('Ctrl Pts',(52.2025398573288,5.76466049382716,-82.5281981919937));
#6801=CARTESIAN_POINT('Ctrl Pts',(52.228371452127,5.76388888888889,-82.5274265870554));
#6802=CARTESIAN_POINT('Ctrl Pts',(52.051621452127,5.67678775285056,-82.5135376981665));
#6803=CARTESIAN_POINT('Ctrl Pts',(52.0670457993915,5.69221210011506,-82.5135376981665));
#6804=CARTESIAN_POINT('Ctrl Pts',(52.1019542113152,5.7189981869181,-82.5135376981665));
#6805=CARTESIAN_POINT('Ctrl Pts',(52.1629335326232,5.74425664882819,-82.5135376981665));
#6806=CARTESIAN_POINT('Ctrl Pts',(52.2065581310348,5.75,-82.5135376981665));
#6807=CARTESIAN_POINT('Ctrl Pts',(52.228371452127,5.75,-82.5135376981665));
#6808=CARTESIAN_POINT('',(52.051621452127,5.67678775285056,-82.5135376981665));
#6809=CARTESIAN_POINT('Ctrl Pts',(51.7881462020013,5.82024419687356,-82.4538007011428));
#6810=CARTESIAN_POINT('Ctrl Pts',(51.8124991260122,5.80978739028637,-82.4717592131444));
#6811=CARTESIAN_POINT('Ctrl Pts',(51.8601596436058,5.78724111500252,-82.496705115218));
#6812=CARTESIAN_POINT('Ctrl Pts',(51.9609189431002,5.73354509654843,-82.5141822945448));
#6813=CARTESIAN_POINT('Ctrl Pts',(52.0255236576626,5.69398457395571,-82.5135376981665));
#6814=CARTESIAN_POINT('Ctrl Pts',(52.051621452127,5.67678775285056,-82.5135376981665));
#6815=CARTESIAN_POINT('',(52.228371452127,5.75,-82.5135376981665));
#6816=CARTESIAN_POINT('Origin',(52.228371452127,5.50003775285055,-82.5135376981665));
#6817=CARTESIAN_POINT('',(52.228371452127,6.,-82.7635376981665));
#6818=CARTESIAN_POINT('Ctrl Pts',(51.7881462020013,5.82024419687356,-82.4538007011428));
#6819=CARTESIAN_POINT('Ctrl Pts',(51.8124991260122,5.80978739028637,-82.4717592131444));
#6820=CARTESIAN_POINT('Ctrl Pts',(51.8601596436058,5.78724111500252,-82.496705115218));
#6821=CARTESIAN_POINT('Ctrl Pts',(51.9609189431002,5.73354509654843,-82.5141822945448));
#6822=CARTESIAN_POINT('Ctrl Pts',(52.0255236576626,5.69398457395571,-82.5135376981665));
#6823=CARTESIAN_POINT('Ctrl Pts',(52.051621452127,5.67678775285056,-82.5135376981665));
#6824=CARTESIAN_POINT('Ctrl Pts',(51.7945406140106,5.79933058369918,-82.4474062891335));
#6825=CARTESIAN_POINT('Ctrl Pts',(51.8161130287006,5.78930224029638,-82.463018988871));
#6826=CARTESIAN_POINT('Ctrl Pts',(51.8601458576312,5.76728720982345,-82.485869223834));
#6827=CARTESIAN_POINT('Ctrl Pts',(51.9548173177373,5.71384629311837,-82.5042314880124));
#6828=CARTESIAN_POINT('Ctrl Pts',(52.0122087142481,5.67730770944167,-82.5094897394638));
#6829=CARTESIAN_POINT('Ctrl Pts',(52.0361971048625,5.66136340558606,-82.5135376981665));
#6830=CARTESIAN_POINT('Ctrl Pts',(51.8068012378517,5.75537767584442,-82.4351456652923));
#6831=CARTESIAN_POINT('Ctrl Pts',(51.8255114464373,5.74553793340512,-82.446936551796));
#6832=CARTESIAN_POINT('Ctrl Pts',(51.8662480518326,5.72284794446838,-82.4650753119082));
#6833=CARTESIAN_POINT('Ctrl Pts',(51.9487614160111,5.66809464983636,-82.4858203269608));
#6834=CARTESIAN_POINT('Ctrl Pts',(51.9898353196606,5.63975523558938,-82.5026391979091));
#6835=CARTESIAN_POINT('Ctrl Pts',(52.0094110180594,5.62645499366235,-82.5135376981665));
#6836=CARTESIAN_POINT('Ctrl Pts',(51.8480977041575,5.64035154096161,-82.3938491989865));
#6837=CARTESIAN_POINT('Ctrl Pts',(51.863035573967,5.63135274202462,-82.4051092230713));
#6838=CARTESIAN_POINT('Ctrl Pts',(51.8945410671815,5.61073675370984,-82.427343712298));
#6839=CARTESIAN_POINT('Ctrl Pts',(51.9403947010712,5.58391486682566,-82.4676509668329));
#6840=CARTESIAN_POINT('Ctrl Pts',(51.9686240503935,5.57253954299302,-82.4975533496779));
#6841=CARTESIAN_POINT('Ctrl Pts',(51.9841525561494,5.56547567235435,-82.5135376981665));
#6842=CARTESIAN_POINT('Ctrl Pts',(51.8534092049775,5.54499730466529,-82.3885376981665));
#6843=CARTESIAN_POINT('Ctrl Pts',(51.8665264889282,5.54249955178669,-82.4016549821172));
#6844=CARTESIAN_POINT('Ctrl Pts',(51.8932754601216,5.5373731543217,-82.4284039533105));
#6845=CARTESIAN_POINT('Ctrl Pts',(51.9349421267882,5.52950599786025,-82.4700706199772));
#6846=CARTESIAN_POINT('Ctrl Pts',(51.9637487111504,5.52438585208887,-82.4988772043394));
#6847=CARTESIAN_POINT('Ctrl Pts',(51.9784092049775,5.52185107394276,-82.5135376981665));
#6848=CARTESIAN_POINT('Ctrl Pts',(51.8534092049775,5.50003775285055,-82.3885376981665));
#6849=CARTESIAN_POINT('Ctrl Pts',(51.8672980938664,5.50003775285055,-82.4024265870554));
#6850=CARTESIAN_POINT('Ctrl Pts',(51.8950758716442,5.50003775285055,-82.4302043648332));
#6851=CARTESIAN_POINT('Ctrl Pts',(51.9367425383109,5.50003775285055,-82.4718710314998));
#6852=CARTESIAN_POINT('Ctrl Pts',(51.9645203160886,5.50003775285055,-82.4996488092776));
#6853=CARTESIAN_POINT('Ctrl Pts',(51.9784092049775,5.50003775285055,-82.5135376981665));
#6854=CARTESIAN_POINT('',(51.8534092049775,5.50003775285055,-82.3885376981665));
#6855=CARTESIAN_POINT('Ctrl Pts',(51.7881462020013,5.82024419687356,-82.4538007011428));
#6856=CARTESIAN_POINT('Ctrl Pts',(51.7945406140106,5.79933058369918,-82.4474062891335));
#6857=CARTESIAN_POINT('Ctrl Pts',(51.8068012378517,5.75537767584442,-82.4351456652923));
#6858=CARTESIAN_POINT('Ctrl Pts',(51.8480977041575,5.64035154096161,-82.3938491989865));
#6859=CARTESIAN_POINT('Ctrl Pts',(51.8534092049775,5.54499730466529,-82.3885376981665));
#6860=CARTESIAN_POINT('Ctrl Pts',(51.8534092049775,5.50003775285055,-82.3885376981665));
#6861=CARTESIAN_POINT('',(51.9784092049775,5.50003775285055,-82.5135376981665));
#6862=CARTESIAN_POINT('',(51.9784092049775,5.50003775285055,-82.5135376981665));
#6863=CARTESIAN_POINT('Origin',(52.228371452127,5.50003775285055,-82.5135376981665));
#6864=CARTESIAN_POINT('Ctrl Pts',(51.7881462020013,5.82024419687356,-82.4538007011428));
#6865=CARTESIAN_POINT('Ctrl Pts',(51.7945406140106,5.79933058369918,-82.4474062891335));
#6866=CARTESIAN_POINT('Ctrl Pts',(51.8068012378517,5.75537767584442,-82.4351456652923));
#6867=CARTESIAN_POINT('Ctrl Pts',(51.8480977041575,5.64035154096161,-82.3938491989865));
#6868=CARTESIAN_POINT('Ctrl Pts',(51.8534092049775,5.54499730466529,-82.3885376981665));
#6869=CARTESIAN_POINT('Ctrl Pts',(51.8534092049775,5.50003775285055,-82.3885376981665));
#6870=CARTESIAN_POINT('Ctrl Pts',(51.7701876899997,5.80978739028637,-82.4294477771319));
#6871=CARTESIAN_POINT('Ctrl Pts',(51.7789279142731,5.78930224029638,-82.4258338744434));
#6872=CARTESIAN_POINT('Ctrl Pts',(51.795010351348,5.74553793340512,-82.4164354567068));
#6873=CARTESIAN_POINT('Ctrl Pts',(51.8368376800727,5.63135274202462,-82.378911329177));
#6874=CARTESIAN_POINT('Ctrl Pts',(51.8402919210269,5.54249955178669,-82.3754204142159));
#6875=CARTESIAN_POINT('Ctrl Pts',(51.8395203160887,5.50003775285055,-82.3746488092777));
#6876=CARTESIAN_POINT('Ctrl Pts',(51.745241787926,5.78724111500252,-82.3817872595383));
#6877=CARTESIAN_POINT('Ctrl Pts',(51.7560776793101,5.76728720982345,-82.3818010455129));
#6878=CARTESIAN_POINT('Ctrl Pts',(51.7768715912358,5.72284794446838,-82.3756988513114));
#6879=CARTESIAN_POINT('Ctrl Pts',(51.8146031908461,5.61073675370984,-82.3474058359626));
#6880=CARTESIAN_POINT('Ctrl Pts',(51.8135429498335,5.5373731543217,-82.3486714430225));
#6881=CARTESIAN_POINT('Ctrl Pts',(51.8117425383109,5.50003775285055,-82.3468710314999));
#6882=CARTESIAN_POINT('Ctrl Pts',(51.7277646085993,5.73354509654842,-82.2810279600439));
#6883=CARTESIAN_POINT('Ctrl Pts',(51.7377154151316,5.71384629311836,-82.2871295854068));
#6884=CARTESIAN_POINT('Ctrl Pts',(51.7561265761833,5.66809464983636,-82.2931854871329));
#6885=CARTESIAN_POINT('Ctrl Pts',(51.7742959363111,5.58391486682566,-82.3015522020728));
#6886=CARTESIAN_POINT('Ctrl Pts',(51.7718762831668,5.52950599786025,-82.3070047763558));
#6887=CARTESIAN_POINT('Ctrl Pts',(51.7700758716442,5.50003775285055,-82.3052043648332));
#6888=CARTESIAN_POINT('Ctrl Pts',(51.7284092049775,5.69398457395571,-82.2164232454814));
#6889=CARTESIAN_POINT('Ctrl Pts',(51.7324571636803,5.67730770944166,-82.2297381888959));
#6890=CARTESIAN_POINT('Ctrl Pts',(51.7393077052349,5.63975523558938,-82.2521115834835));
#6891=CARTESIAN_POINT('Ctrl Pts',(51.7443935534661,5.57253954299301,-82.2733228527506));
#6892=CARTESIAN_POINT('Ctrl Pts',(51.7430696988047,5.52438585208887,-82.2781981919937));
#6893=CARTESIAN_POINT('Ctrl Pts',(51.7422980938664,5.50003775285055,-82.2774265870554));
#6894=CARTESIAN_POINT('Ctrl Pts',(51.7284092049775,5.67678775285055,-82.1903254510171));
#6895=CARTESIAN_POINT('Ctrl Pts',(51.7284092049775,5.66136340558605,-82.2057497982816));
#6896=CARTESIAN_POINT('Ctrl Pts',(51.7284092049775,5.62645499366235,-82.2325358850846));
#6897=CARTESIAN_POINT('Ctrl Pts',(51.7284092049775,5.56547567235435,-82.2577943469947));
#6898=CARTESIAN_POINT('Ctrl Pts',(51.7284092049775,5.52185107394276,-82.2635376981665));
#6899=CARTESIAN_POINT('Ctrl Pts',(51.7284092049775,5.50003775285055,-82.2635376981665));
#6900=CARTESIAN_POINT('',(51.7284092049775,5.67678775285056,-82.1903254510171));
#6901=CARTESIAN_POINT('Ctrl Pts',(51.7881462020013,5.82024419687356,-82.4538007011428));
#6902=CARTESIAN_POINT('Ctrl Pts',(51.7701876899997,5.80978739028637,-82.4294477771319));
#6903=CARTESIAN_POINT('Ctrl Pts',(51.745241787926,5.78724111500252,-82.3817872595383));
#6904=CARTESIAN_POINT('Ctrl Pts',(51.7277646085993,5.73354509654842,-82.2810279600439));
#6905=CARTESIAN_POINT('Ctrl Pts',(51.7284092049775,5.69398457395571,-82.2164232454814));
#6906=CARTESIAN_POINT('Ctrl Pts',(51.7284092049775,5.67678775285055,-82.1903254510171));
#6907=CARTESIAN_POINT('',(51.7284092049775,5.50003775285055,-82.2635376981665));
#6908=CARTESIAN_POINT('Origin',(51.7284092049775,5.50003775285055,-82.0135754510171));
#6909=CARTESIAN_POINT('',(51.9784092049775,5.50003775285055,-82.5135376981665));
#6910=CARTESIAN_POINT('Ctrl Pts',(64.5464548345799,5.82024419687356,-82.4538007011426));
#6911=CARTESIAN_POINT('Ctrl Pts',(64.5284963225783,5.83070100346075,-82.4781536251535));
#6912=CARTESIAN_POINT('Ctrl Pts',(64.4842861061035,5.84900440781538,-82.5242435884212));
#6913=CARTESIAN_POINT('Ctrl Pts',(64.3352900090206,5.87116376939345,-82.6149138534199));
#6914=CARTESIAN_POINT('Ctrl Pts',(64.1812413686488,5.875,-82.6385376981664));
#6915=CARTESIAN_POINT('Ctrl Pts',(64.1062295844542,5.875,-82.6385376981664));
#6916=CARTESIAN_POINT('Ctrl Pts',(64.5528492465892,5.84115781004794,-82.4601951131519));
#6917=CARTESIAN_POINT('Ctrl Pts',(64.5334015223229,5.84971934502237,-82.4850509660377));
#6918=CARTESIAN_POINT('Ctrl Pts',(64.485969290155,5.86523933197513,-82.5335271093093));
#6919=CARTESIAN_POINT('Ctrl Pts',(64.331375428332,5.88481721040633,-82.627738071796));
#6920=CARTESIAN_POINT('Ctrl Pts',(64.1816227827854,5.88811728395062,-82.651654982117));
#6921=CARTESIAN_POINT('Ctrl Pts',(64.1062295844542,5.88888888888889,-82.6524265870553));
#6922=CARTESIAN_POINT('Ctrl Pts',(64.5636050452683,5.87811535115013,-82.470950911831));
#6923=CARTESIAN_POINT('Ctrl Pts',(64.5410224216947,5.88437611825579,-82.4985578066404));
#6924=CARTESIAN_POINT('Ctrl Pts',(64.4858272098059,5.89649602184712,-82.5555346107213));
#6925=CARTESIAN_POINT('Ctrl Pts',(64.3203781286715,5.91243784141703,-82.6570205650374));
#6926=CARTESIAN_POINT('Ctrl Pts',(64.1821756605378,5.91486625514403,-82.6784039533105));
#6927=CARTESIAN_POINT('Ctrl Pts',(64.1062295844542,5.91666666666667,-82.6802043648331));
#6928=CARTESIAN_POINT('Ctrl Pts',(64.5984211543155,5.94037618852488,-82.5057670208783));
#6929=CARTESIAN_POINT('Ctrl Pts',(64.5667754273326,5.94425464506196,-82.5436393353265));
#6930=CARTESIAN_POINT('Ctrl Pts',(64.4892677926024,5.95177733418324,-82.6182825365105));
#6931=CARTESIAN_POINT('Ctrl Pts',(64.3179347424621,5.95548431678655,-82.7010592479871));
#6932=CARTESIAN_POINT('Ctrl Pts',(64.1811511486531,5.9565329218107,-82.7200706199771));
#6933=CARTESIAN_POINT('Ctrl Pts',(64.1062295844542,5.95833333333333,-82.7218710314997));
#6934=CARTESIAN_POINT('Ctrl Pts',(64.6272737157882,5.98148148148148,-82.5346195823509));
#6935=CARTESIAN_POINT('Ctrl Pts',(64.5861558290055,5.98251028806584,-82.576766275718));
#6936=CARTESIAN_POINT('Ctrl Pts',(64.4901203082303,5.98365864209961,-82.6522915940065));
#6937=CARTESIAN_POINT('Ctrl Pts',(64.3103280245334,5.98414772379959,-82.729170732716));
#6938=CARTESIAN_POINT('Ctrl Pts',(64.1753120564236,5.98533950617284,-82.7488772043392));
#6939=CARTESIAN_POINT('Ctrl Pts',(64.1062295844542,5.98611111111111,-82.7496488092775));
#6940=CARTESIAN_POINT('Ctrl Pts',(64.6365329750475,6.,-82.5438788416102));
#6941=CARTESIAN_POINT('Ctrl Pts',(64.5902552740458,6.,-82.5901565426119));
#6942=CARTESIAN_POINT('Ctrl Pts',(64.4855194935458,6.,-82.670522894252));
#6943=CARTESIAN_POINT('Ctrl Pts',(64.3025631096946,6.,-82.7463059097659));
#6944=CARTESIAN_POINT('Ctrl Pts',(64.1716761368463,6.,-82.7635376981664));
#6945=CARTESIAN_POINT('Ctrl Pts',(64.1062295844542,6.,-82.7635376981664));
#6946=CARTESIAN_POINT('',(64.5464548345799,5.82024419687356,-82.4538007011426));
#6947=CARTESIAN_POINT('',(64.1062295844542,5.875,-82.6385376981664));
#6948=CARTESIAN_POINT('Ctrl Pts',(64.5464548345799,5.82024419687356,-82.4538007011426));
#6949=CARTESIAN_POINT('Ctrl Pts',(64.5284963225783,5.83070100346075,-82.4781536251535));
#6950=CARTESIAN_POINT('Ctrl Pts',(64.4842861061035,5.84900440781538,-82.5242435884212));
#6951=CARTESIAN_POINT('Ctrl Pts',(64.3352900090206,5.87116376939345,-82.6149138534199));
#6952=CARTESIAN_POINT('Ctrl Pts',(64.1812413686488,5.875,-82.6385376981664));
#6953=CARTESIAN_POINT('Ctrl Pts',(64.1062295844542,5.875,-82.6385376981664));
#6954=CARTESIAN_POINT('',(64.6365329750475,6.,-82.5438788416102));
#6955=CARTESIAN_POINT('Ctrl Pts',(64.5464548345799,5.82024419687356,-82.4538007011426));
#6956=CARTESIAN_POINT('Ctrl Pts',(64.5528492465892,5.84115781004794,-82.4601951131519));
#6957=CARTESIAN_POINT('Ctrl Pts',(64.5636050452683,5.87811535115013,-82.470950911831));
#6958=CARTESIAN_POINT('Ctrl Pts',(64.5984211543155,5.94037618852488,-82.5057670208783));
#6959=CARTESIAN_POINT('Ctrl Pts',(64.6272737157882,5.98148148148148,-82.5346195823509));
#6960=CARTESIAN_POINT('Ctrl Pts',(64.6365329750475,6.,-82.5438788416102));
#6961=CARTESIAN_POINT('',(64.1062295844542,6.,-82.7635376981664));
#6962=CARTESIAN_POINT('Origin',(64.1062295844542,6.,-82.0135754510169));
#6963=CARTESIAN_POINT('',(64.1062295844542,5.75,-82.5135376981664));
#6964=CARTESIAN_POINT('Ctrl Pts',(64.5464548345799,5.82024419687356,-82.4538007011426));
#6965=CARTESIAN_POINT('Ctrl Pts',(64.5528492465892,5.84115781004794,-82.4601951131519));
#6966=CARTESIAN_POINT('Ctrl Pts',(64.5636050452683,5.87811535115013,-82.470950911831));
#6967=CARTESIAN_POINT('Ctrl Pts',(64.5984211543155,5.94037618852488,-82.5057670208783));
#6968=CARTESIAN_POINT('Ctrl Pts',(64.6272737157882,5.98148148148148,-82.5346195823509));
#6969=CARTESIAN_POINT('Ctrl Pts',(64.6365329750475,6.,-82.5438788416102));
#6970=CARTESIAN_POINT('Ctrl Pts',(64.5708077585908,5.83070100346075,-82.4358421891411));
#6971=CARTESIAN_POINT('Ctrl Pts',(64.577705099475,5.84971934502237,-82.4407473888857));
#6972=CARTESIAN_POINT('Ctrl Pts',(64.5912119400777,5.88437611825579,-82.4483682882574));
#6973=CARTESIAN_POINT('Ctrl Pts',(64.6362934687638,5.94425464506196,-82.4741212938953));
#6974=CARTESIAN_POINT('Ctrl Pts',(64.6694204091553,5.98251028806584,-82.4935016955682));
#6975=CARTESIAN_POINT('Ctrl Pts',(64.6828106760492,6.,-82.4976011406085));
#6976=CARTESIAN_POINT('Ctrl Pts',(64.6168977218584,5.84900440781538,-82.3916319726662));
#6977=CARTESIAN_POINT('Ctrl Pts',(64.6261812427466,5.86523933197513,-82.3933151567177));
#6978=CARTESIAN_POINT('Ctrl Pts',(64.6481887441585,5.89649602184712,-82.3931730763686));
#6979=CARTESIAN_POINT('Ctrl Pts',(64.7109366699478,5.95177733418324,-82.3966136591653));
#6980=CARTESIAN_POINT('Ctrl Pts',(64.7449457274438,5.98365864209961,-82.397466174793));
#6981=CARTESIAN_POINT('Ctrl Pts',(64.7631770276893,6.,-82.3928653601085));
#6982=CARTESIAN_POINT('Ctrl Pts',(64.7075679868572,5.87116376939346,-82.2426358755833));
#6983=CARTESIAN_POINT('Ctrl Pts',(64.7203922052333,5.88481721040633,-82.2387212948946));
#6984=CARTESIAN_POINT('Ctrl Pts',(64.7496746984748,5.91243784141703,-82.2277239952343));
#6985=CARTESIAN_POINT('Ctrl Pts',(64.7937133814243,5.95548431678655,-82.2252806090247));
#6986=CARTESIAN_POINT('Ctrl Pts',(64.8218248661532,5.98414772379959,-82.217673891096));
#6987=CARTESIAN_POINT('Ctrl Pts',(64.8389600432032,6.,-82.2099089762573));
#6988=CARTESIAN_POINT('Ctrl Pts',(64.7311918316037,5.875,-82.0885872352115));
#6989=CARTESIAN_POINT('Ctrl Pts',(64.7443091155543,5.88811728395062,-82.0889686493481));
#6990=CARTESIAN_POINT('Ctrl Pts',(64.7710580867477,5.91486625514404,-82.0895215271005));
#6991=CARTESIAN_POINT('Ctrl Pts',(64.8127247534143,5.9565329218107,-82.0884970152159));
#6992=CARTESIAN_POINT('Ctrl Pts',(64.8415313377765,5.98533950617284,-82.0826579229863));
#6993=CARTESIAN_POINT('Ctrl Pts',(64.8561918316037,6.,-82.079022003409));
#6994=CARTESIAN_POINT('Ctrl Pts',(64.7311918316037,5.875,-82.0135754510169));
#6995=CARTESIAN_POINT('Ctrl Pts',(64.7450807204926,5.88888888888889,-82.0135754510169));
#6996=CARTESIAN_POINT('Ctrl Pts',(64.7728584982703,5.91666666666667,-82.0135754510169));
#6997=CARTESIAN_POINT('Ctrl Pts',(64.814525164937,5.95833333333333,-82.0135754510169));
#6998=CARTESIAN_POINT('Ctrl Pts',(64.8423029427148,5.98611111111111,-82.0135754510169));
#6999=CARTESIAN_POINT('Ctrl Pts',(64.8561918316037,6.,-82.0135754510169));
#7000=CARTESIAN_POINT('',(64.7311918316037,5.875,-82.0135754510169));
#7001=CARTESIAN_POINT('Ctrl Pts',(64.5464548345799,5.82024419687356,-82.4538007011426));
#7002=CARTESIAN_POINT('Ctrl Pts',(64.5708077585908,5.83070100346075,-82.4358421891411));
#7003=CARTESIAN_POINT('Ctrl Pts',(64.6168977218584,5.84900440781538,-82.3916319726661));
#7004=CARTESIAN_POINT('Ctrl Pts',(64.7075679868572,5.87116376939346,-82.2426358755833));
#7005=CARTESIAN_POINT('Ctrl Pts',(64.7311918316037,5.875,-82.0885872352115));
#7006=CARTESIAN_POINT('Ctrl Pts',(64.7311918316037,5.875,-82.0135754510169));
#7007=CARTESIAN_POINT('',(64.8561918316037,6.,-82.0135754510169));
#7008=CARTESIAN_POINT('',(64.8561918316037,6.,-82.0135754510169));
#7009=CARTESIAN_POINT('Origin',(64.1062295844542,6.,-82.0135754510169));
#7010=CARTESIAN_POINT('Ctrl Pts',(64.5464548345799,5.82024419687356,-82.4538007011426));
#7011=CARTESIAN_POINT('Ctrl Pts',(64.5708077585908,5.83070100346075,-82.4358421891411));
#7012=CARTESIAN_POINT('Ctrl Pts',(64.6168977218584,5.84900440781538,-82.3916319726661));
#7013=CARTESIAN_POINT('Ctrl Pts',(64.7075679868572,5.87116376939346,-82.2426358755833));
#7014=CARTESIAN_POINT('Ctrl Pts',(64.7311918316037,5.875,-82.0885872352115));
#7015=CARTESIAN_POINT('Ctrl Pts',(64.7311918316037,5.875,-82.0135754510169));
#7016=CARTESIAN_POINT('Ctrl Pts',(64.5644133465815,5.80978739028637,-82.4294477771318));
#7017=CARTESIAN_POINT('Ctrl Pts',(64.5852908615666,5.82009892963505,-82.4111480365497));
#7018=CARTESIAN_POINT('Ctrl Pts',(64.6253913482186,5.83818172528385,-82.3665334688383));
#7019=CARTESIAN_POINT('Ctrl Pts',(64.7029848829841,5.85873309555104,-82.2191819705487));
#7020=CARTESIAN_POINT('Ctrl Pts',(64.718074547653,5.86188271604938,-82.0798711783867));
#7021=CARTESIAN_POINT('Ctrl Pts',(64.7173029427148,5.86111111111111,-82.0135754510169));
#7022=CARTESIAN_POINT('Ctrl Pts',(64.5893592486552,5.78724111500252,-82.3817872595382));
#7023=CARTESIAN_POINT('Ctrl Pts',(64.6054587365743,5.79754935590333,-82.3630988406745));
#7024=CARTESIAN_POINT('Ctrl Pts',(64.637042785136,5.81518442037583,-82.3169545585689));
#7025=CARTESIAN_POINT('Ctrl Pts',(64.6900047417843,5.83248669132982,-82.1718915337168));
#7026=CARTESIAN_POINT('Ctrl Pts',(64.6913255764596,5.83513374485597,-82.0650545396653));
#7027=CARTESIAN_POINT('Ctrl Pts',(64.689525164937,5.83333333333334,-82.0135754510169));
#7028=CARTESIAN_POINT('Ctrl Pts',(64.6068364279819,5.73354509654843,-82.2810279600437));
#7029=CARTESIAN_POINT('Ctrl Pts',(64.6168650633367,5.74553466852985,-82.2615989206056));
#7030=CARTESIAN_POINT('Ctrl Pts',(64.6351969107751,5.76575210131908,-82.212151709832));
#7031=CARTESIAN_POINT('Ctrl Pts',(64.652585601603,5.78870086327437,-82.1118334822501));
#7032=CARTESIAN_POINT('Ctrl Pts',(64.649658909793,5.7934670781893,-82.0479466080174));
#7033=CARTESIAN_POINT('Ctrl Pts',(64.6478584982703,5.79166666666667,-82.0135754510169));
#7034=CARTESIAN_POINT('Ctrl Pts',(64.6061918316037,5.69398457395571,-82.2164232454813));
#7035=CARTESIAN_POINT('Ctrl Pts',(64.6102397903064,5.70875068056918,-82.2002085471263));
#7036=CARTESIAN_POINT('Ctrl Pts',(64.6170903318611,5.73461316883805,-82.1624190219468));
#7037=CARTESIAN_POINT('Ctrl Pts',(64.6221761800922,5.75977681625669,-82.09119504763));
#7038=CARTESIAN_POINT('Ctrl Pts',(64.6208523254308,5.76466049382716,-82.0394070458151));
#7039=CARTESIAN_POINT('Ctrl Pts',(64.6200807204926,5.76388888888889,-82.0135754510169));
#7040=CARTESIAN_POINT('Ctrl Pts',(64.6061918316037,5.67678775285056,-82.1903254510169));
#7041=CARTESIAN_POINT('Ctrl Pts',(64.6061918316037,5.69221210011506,-82.1749011037524));
#7042=CARTESIAN_POINT('Ctrl Pts',(64.6061918316037,5.7189981869181,-82.1399926918288));
#7043=CARTESIAN_POINT('Ctrl Pts',(64.6061918316037,5.74425664882819,-82.0790133705207));
#7044=CARTESIAN_POINT('Ctrl Pts',(64.6061918316037,5.75,-82.0353887721091));
#7045=CARTESIAN_POINT('Ctrl Pts',(64.6061918316037,5.75,-82.0135754510169));
#7046=CARTESIAN_POINT('',(64.6061918316037,5.67678775285056,-82.1903254510169));
#7047=CARTESIAN_POINT('Ctrl Pts',(64.5464548345799,5.82024419687356,-82.4538007011426));
#7048=CARTESIAN_POINT('Ctrl Pts',(64.5644133465815,5.80978739028637,-82.4294477771318));
#7049=CARTESIAN_POINT('Ctrl Pts',(64.5893592486552,5.78724111500252,-82.3817872595382));
#7050=CARTESIAN_POINT('Ctrl Pts',(64.6068364279819,5.73354509654843,-82.2810279600437));
#7051=CARTESIAN_POINT('Ctrl Pts',(64.6061918316037,5.69398457395571,-82.2164232454813));
#7052=CARTESIAN_POINT('Ctrl Pts',(64.6061918316037,5.67678775285056,-82.1903254510169));
#7053=CARTESIAN_POINT('',(64.6061918316037,5.75,-82.0135754510169));
#7054=CARTESIAN_POINT('Origin',(64.6061918316037,5.50003775285055,-82.0135754510169));
#7055=CARTESIAN_POINT('',(64.8561918316037,6.,-82.0135754510169));
#7056=CARTESIAN_POINT('Ctrl Pts',(64.5464548345799,5.82024419687356,-82.4538007011426));
#7057=CARTESIAN_POINT('Ctrl Pts',(64.5644133465815,5.80978739028637,-82.4294477771318));
#7058=CARTESIAN_POINT('Ctrl Pts',(64.5893592486552,5.78724111500252,-82.3817872595382));
#7059=CARTESIAN_POINT('Ctrl Pts',(64.6068364279819,5.73354509654843,-82.2810279600437));
#7060=CARTESIAN_POINT('Ctrl Pts',(64.6061918316037,5.69398457395571,-82.2164232454813));
#7061=CARTESIAN_POINT('Ctrl Pts',(64.6061918316037,5.67678775285056,-82.1903254510169));
#7062=CARTESIAN_POINT('Ctrl Pts',(64.5400604225706,5.79933058369918,-82.4474062891333));
#7063=CARTESIAN_POINT('Ctrl Pts',(64.5556731223081,5.78930224029638,-82.4258338744433));
#7064=CARTESIAN_POINT('Ctrl Pts',(64.5785233572711,5.76728720982345,-82.3818010455128));
#7065=CARTESIAN_POINT('Ctrl Pts',(64.5968856214496,5.71384629311837,-82.2871295854067));
#7066=CARTESIAN_POINT('Ctrl Pts',(64.6021438729009,5.67730770944167,-82.2297381888958));
#7067=CARTESIAN_POINT('Ctrl Pts',(64.6061918316037,5.66136340558606,-82.2057497982814));
#7068=CARTESIAN_POINT('Ctrl Pts',(64.5277997987294,5.75537767584441,-82.4351456652922));
#7069=CARTESIAN_POINT('Ctrl Pts',(64.5395906852332,5.74553793340512,-82.4164354567066));
#7070=CARTESIAN_POINT('Ctrl Pts',(64.5577294453454,5.72284794446838,-82.3756988513113));
#7071=CARTESIAN_POINT('Ctrl Pts',(64.5784744603979,5.66809464983636,-82.2931854871328));
#7072=CARTESIAN_POINT('Ctrl Pts',(64.5952933313462,5.63975523558938,-82.2521115834833));
#7073=CARTESIAN_POINT('Ctrl Pts',(64.6061918316037,5.62645499366235,-82.2325358850845));
#7074=CARTESIAN_POINT('Ctrl Pts',(64.4865033324236,5.64035154096161,-82.3938491989864));
#7075=CARTESIAN_POINT('Ctrl Pts',(64.4977633565085,5.63135274202462,-82.3789113291769));
#7076=CARTESIAN_POINT('Ctrl Pts',(64.5199978457351,5.61073675370984,-82.3474058359625));
#7077=CARTESIAN_POINT('Ctrl Pts',(64.5603051002701,5.58391486682566,-82.3015522020726));
#7078=CARTESIAN_POINT('Ctrl Pts',(64.5902074831151,5.57253954299302,-82.2733228527505));
#7079=CARTESIAN_POINT('Ctrl Pts',(64.6061918316037,5.56547567235435,-82.2577943469946));
#7080=CARTESIAN_POINT('Ctrl Pts',(64.4811918316037,5.54499730466529,-82.3885376981664));
#7081=CARTESIAN_POINT('Ctrl Pts',(64.4943091155543,5.54249955178669,-82.3754204142158));
#7082=CARTESIAN_POINT('Ctrl Pts',(64.5210580867477,5.5373731543217,-82.3486714430223));
#7083=CARTESIAN_POINT('Ctrl Pts',(64.5627247534144,5.52950599786025,-82.3070047763557));
#7084=CARTESIAN_POINT('Ctrl Pts',(64.5915313377765,5.52438585208887,-82.2781981919935));
#7085=CARTESIAN_POINT('Ctrl Pts',(64.6061918316037,5.52185107394276,-82.2635376981664));
#7086=CARTESIAN_POINT('Ctrl Pts',(64.4811918316037,5.50003775285055,-82.3885376981664));
#7087=CARTESIAN_POINT('Ctrl Pts',(64.4950807204926,5.50003775285055,-82.3746488092775));
#7088=CARTESIAN_POINT('Ctrl Pts',(64.5228584982703,5.50003775285055,-82.3468710314997));
#7089=CARTESIAN_POINT('Ctrl Pts',(64.564525164937,5.50003775285055,-82.305204364833));
#7090=CARTESIAN_POINT('Ctrl Pts',(64.5923029427148,5.50003775285055,-82.2774265870553));
#7091=CARTESIAN_POINT('Ctrl Pts',(64.6061918316037,5.50003775285055,-82.2635376981664));
#7092=CARTESIAN_POINT('',(64.4811918316037,5.50003775285055,-82.3885376981664));
#7093=CARTESIAN_POINT('Ctrl Pts',(64.5464548345799,5.82024419687356,-82.4538007011426));
#7094=CARTESIAN_POINT('Ctrl Pts',(64.5400604225706,5.79933058369918,-82.4474062891333));
#7095=CARTESIAN_POINT('Ctrl Pts',(64.5277997987294,5.75537767584441,-82.4351456652922));
#7096=CARTESIAN_POINT('Ctrl Pts',(64.4865033324236,5.64035154096161,-82.3938491989864));
#7097=CARTESIAN_POINT('Ctrl Pts',(64.4811918316037,5.54499730466529,-82.3885376981664));
#7098=CARTESIAN_POINT('Ctrl Pts',(64.4811918316037,5.50003775285055,-82.3885376981664));
#7099=CARTESIAN_POINT('',(64.6061918316037,5.50003775285055,-82.2635376981664));
#7100=CARTESIAN_POINT('',(64.6061918316037,5.50003775285055,-82.2635376981664));
#7101=CARTESIAN_POINT('Origin',(64.6061918316037,5.50003775285055,-82.0135754510169));
#7102=CARTESIAN_POINT('Ctrl Pts',(64.5464548345799,5.82024419687356,-82.4538007011426));
#7103=CARTESIAN_POINT('Ctrl Pts',(64.5400604225706,5.79933058369918,-82.4474062891333));
#7104=CARTESIAN_POINT('Ctrl Pts',(64.5277997987294,5.75537767584441,-82.4351456652922));
#7105=CARTESIAN_POINT('Ctrl Pts',(64.4865033324236,5.64035154096161,-82.3938491989864));
#7106=CARTESIAN_POINT('Ctrl Pts',(64.4811918316037,5.54499730466529,-82.3885376981664));
#7107=CARTESIAN_POINT('Ctrl Pts',(64.4811918316037,5.50003775285055,-82.3885376981664));
#7108=CARTESIAN_POINT('Ctrl Pts',(64.522101910569,5.80978739028637,-82.4717592131442));
#7109=CARTESIAN_POINT('Ctrl Pts',(64.5184880078806,5.78930224029638,-82.4630189888708));
#7110=CARTESIAN_POINT('Ctrl Pts',(64.5090895901439,5.74553793340512,-82.4469365517959));
#7111=CARTESIAN_POINT('Ctrl Pts',(64.4715654626142,5.63135274202462,-82.4051092230712));
#7112=CARTESIAN_POINT('Ctrl Pts',(64.4680745476531,5.54249955178669,-82.401654982117));
#7113=CARTESIAN_POINT('Ctrl Pts',(64.4673029427148,5.50003775285055,-82.4024265870553));
#7114=CARTESIAN_POINT('Ctrl Pts',(64.4744413929754,5.78724111500252,-82.4967051152179));
#7115=CARTESIAN_POINT('Ctrl Pts',(64.47445517895,5.76728720982345,-82.4858692238339));
#7116=CARTESIAN_POINT('Ctrl Pts',(64.4683529847486,5.72284794446838,-82.4650753119081));
#7117=CARTESIAN_POINT('Ctrl Pts',(64.4400599693997,5.61073675370984,-82.4273437122978));
#7118=CARTESIAN_POINT('Ctrl Pts',(64.4413255764596,5.5373731543217,-82.4284039533104));
#7119=CARTESIAN_POINT('Ctrl Pts',(64.439525164937,5.50003775285055,-82.4302043648331));
#7120=CARTESIAN_POINT('Ctrl Pts',(64.373682093481,5.73354509654842,-82.5141822945446));
#7121=CARTESIAN_POINT('Ctrl Pts',(64.3797837188439,5.71384629311836,-82.5042314880123));
#7122=CARTESIAN_POINT('Ctrl Pts',(64.38583962057,5.66809464983636,-82.4858203269606));
#7123=CARTESIAN_POINT('Ctrl Pts',(64.3942063355099,5.58391486682566,-82.4676509668329));
#7124=CARTESIAN_POINT('Ctrl Pts',(64.3996589097929,5.52950599786025,-82.4700706199771));
#7125=CARTESIAN_POINT('Ctrl Pts',(64.3978584982703,5.50003775285055,-82.4718710314997));
#7126=CARTESIAN_POINT('Ctrl Pts',(64.3090773789186,5.69398457395571,-82.5135376981664));
#7127=CARTESIAN_POINT('Ctrl Pts',(64.3223923223331,5.67730770944166,-82.5094897394636));
#7128=CARTESIAN_POINT('Ctrl Pts',(64.3447657169205,5.63975523558938,-82.502639197909));
#7129=CARTESIAN_POINT('Ctrl Pts',(64.3659769861877,5.57253954299301,-82.4975533496778));
#7130=CARTESIAN_POINT('Ctrl Pts',(64.3708523254308,5.52438585208887,-82.4988772043392));
#7131=CARTESIAN_POINT('Ctrl Pts',(64.3700807204926,5.50003775285055,-82.4996488092775));
#7132=CARTESIAN_POINT('Ctrl Pts',(64.2829795844542,5.67678775285055,-82.5135376981664));
#7133=CARTESIAN_POINT('Ctrl Pts',(64.2984039317187,5.66136340558605,-82.5135376981664));
#7134=CARTESIAN_POINT('Ctrl Pts',(64.3251900185217,5.62645499366235,-82.5135376981664));
#7135=CARTESIAN_POINT('Ctrl Pts',(64.3504484804319,5.56547567235435,-82.5135376981663));
#7136=CARTESIAN_POINT('Ctrl Pts',(64.3561918316037,5.52185107394276,-82.5135376981664));
#7137=CARTESIAN_POINT('Ctrl Pts',(64.3561918316037,5.50003775285055,-82.5135376981664));
#7138=CARTESIAN_POINT('',(64.2829795844542,5.67678775285055,-82.5135376981664));
#7139=CARTESIAN_POINT('Ctrl Pts',(64.5464548345799,5.82024419687356,-82.4538007011426));
#7140=CARTESIAN_POINT('Ctrl Pts',(64.522101910569,5.80978739028637,-82.4717592131442));
#7141=CARTESIAN_POINT('Ctrl Pts',(64.4744413929754,5.78724111500252,-82.4967051152179));
#7142=CARTESIAN_POINT('Ctrl Pts',(64.373682093481,5.73354509654842,-82.5141822945446));
#7143=CARTESIAN_POINT('Ctrl Pts',(64.3090773789186,5.69398457395571,-82.5135376981664));
#7144=CARTESIAN_POINT('Ctrl Pts',(64.2829795844542,5.67678775285055,-82.5135376981664));
#7145=CARTESIAN_POINT('',(64.3561918316037,5.50003775285055,-82.5135376981664));
#7146=CARTESIAN_POINT('Origin',(64.1062295844542,5.50003775285055,-82.5135376981664));
#7147=CARTESIAN_POINT('',(64.6061918316037,5.50003775285055,-82.2635376981664));
#7148=CARTESIAN_POINT('Ctrl Pts',(64.5464548345799,5.82024419687356,-82.4538007011426));
#7149=CARTESIAN_POINT('Ctrl Pts',(64.522101910569,5.80978739028637,-82.4717592131442));
#7150=CARTESIAN_POINT('Ctrl Pts',(64.4744413929754,5.78724111500252,-82.4967051152179));
#7151=CARTESIAN_POINT('Ctrl Pts',(64.373682093481,5.73354509654842,-82.5141822945446));
#7152=CARTESIAN_POINT('Ctrl Pts',(64.3090773789186,5.69398457395571,-82.5135376981664));
#7153=CARTESIAN_POINT('Ctrl Pts',(64.2829795844542,5.67678775285055,-82.5135376981664));
#7154=CARTESIAN_POINT('Ctrl Pts',(64.5284963225783,5.83070100346075,-82.4781536251535));
#7155=CARTESIAN_POINT('Ctrl Pts',(64.503802169987,5.82009892963505,-82.4926367281293));
#7156=CARTESIAN_POINT('Ctrl Pts',(64.4557529741118,5.79754935590333,-82.512804603137));
#7157=CARTESIAN_POINT('Ctrl Pts',(64.3542530540429,5.74553466852984,-82.5242109298994));
#7158=CARTESIAN_POINT('Ctrl Pts',(64.2928626805636,5.70875068056918,-82.5175856568692));
#7159=CARTESIAN_POINT('Ctrl Pts',(64.2675552371897,5.69221210011505,-82.5135376981664));
#7160=CARTESIAN_POINT('Ctrl Pts',(64.4842861061034,5.84900440781538,-82.5242435884212));
#7161=CARTESIAN_POINT('Ctrl Pts',(64.4591876022757,5.83818172528385,-82.5327372147813));
#7162=CARTESIAN_POINT('Ctrl Pts',(64.4096086920061,5.81518442037583,-82.5443886516987));
#7163=CARTESIAN_POINT('Ctrl Pts',(64.3048058432694,5.76575210131908,-82.5425427773379));
#7164=CARTESIAN_POINT('Ctrl Pts',(64.2550731553841,5.73461316883805,-82.5244361984238));
#7165=CARTESIAN_POINT('Ctrl Pts',(64.232646825266,5.7189981869181,-82.5135376981664));
#7166=CARTESIAN_POINT('Ctrl Pts',(64.3352900090206,5.87116376939345,-82.6149138534199));
#7167=CARTESIAN_POINT('Ctrl Pts',(64.311836103986,5.85873309555104,-82.6103307495469));
#7168=CARTESIAN_POINT('Ctrl Pts',(64.2645456671541,5.83248669132983,-82.597350608347));
#7169=CARTESIAN_POINT('Ctrl Pts',(64.2044876156874,5.78870086327436,-82.5599314681656));
#7170=CARTESIAN_POINT('Ctrl Pts',(64.1838491810673,5.75977681625669,-82.529522046655));
#7171=CARTESIAN_POINT('Ctrl Pts',(64.171667503958,5.74425664882818,-82.5135376981664));
#7172=CARTESIAN_POINT('Ctrl Pts',(64.1812413686488,5.875,-82.6385376981664));
#7173=CARTESIAN_POINT('Ctrl Pts',(64.172525311824,5.86188271604938,-82.6254204142158));
#7174=CARTESIAN_POINT('Ctrl Pts',(64.1577086731026,5.83513374485597,-82.5986714430223));
#7175=CARTESIAN_POINT('Ctrl Pts',(64.1406007414546,5.7934670781893,-82.5570047763557));
#7176=CARTESIAN_POINT('Ctrl Pts',(64.1320611792524,5.76466049382716,-82.5281981919936));
#7177=CARTESIAN_POINT('Ctrl Pts',(64.1280429055464,5.75,-82.5135376981664));
#7178=CARTESIAN_POINT('Ctrl Pts',(64.1062295844542,5.875,-82.6385376981664));
#7179=CARTESIAN_POINT('Ctrl Pts',(64.1062295844542,5.86111111111111,-82.6246488092775));
#7180=CARTESIAN_POINT('Ctrl Pts',(64.1062295844542,5.83333333333333,-82.5968710314997));
#7181=CARTESIAN_POINT('Ctrl Pts',(64.1062295844542,5.79166666666667,-82.5552043648331));
#7182=CARTESIAN_POINT('Ctrl Pts',(64.1062295844542,5.76388888888889,-82.5274265870553));
#7183=CARTESIAN_POINT('Ctrl Pts',(64.1062295844542,5.75,-82.5135376981664));
#7184=CARTESIAN_POINT('',(64.1062295844542,5.75,-82.5135376981664));
#7185=CARTESIAN_POINT('',(64.1062295844542,5.75,-82.5135376981664));
#7186=CARTESIAN_POINT('Origin',(64.1062295844542,5.50003775285055,-82.5135376981664));
#7187=CARTESIAN_POINT('Ctrl Pts',(51.7881462020013,5.82024419687356,-82.4538007011428));
#7188=CARTESIAN_POINT('Ctrl Pts',(51.7701876899997,5.80978739028637,-82.4294477771319));
#7189=CARTESIAN_POINT('Ctrl Pts',(51.745241787926,5.78724111500252,-82.3817872595383));
#7190=CARTESIAN_POINT('Ctrl Pts',(51.7277646085993,5.73354509654842,-82.2810279600439));
#7191=CARTESIAN_POINT('Ctrl Pts',(51.7284092049775,5.69398457395571,-82.2164232454814));
#7192=CARTESIAN_POINT('Ctrl Pts',(51.7284092049775,5.67678775285055,-82.1903254510171));
#7193=CARTESIAN_POINT('Ctrl Pts',(51.7637932779904,5.83070100346075,-82.4358421891412));
#7194=CARTESIAN_POINT('Ctrl Pts',(51.7493101750146,5.82009892963505,-82.4111480365499));
#7195=CARTESIAN_POINT('Ctrl Pts',(51.7291423000069,5.79754935590333,-82.3630988406746));
#7196=CARTESIAN_POINT('Ctrl Pts',(51.7177359732446,5.74553466852984,-82.2615989206058));
#7197=CARTESIAN_POINT('Ctrl Pts',(51.7243612462748,5.70875068056918,-82.2002085471264));
#7198=CARTESIAN_POINT('Ctrl Pts',(51.7284092049775,5.69221210011505,-82.1749011037526));
#7199=CARTESIAN_POINT('Ctrl Pts',(51.7177033147228,5.84900440781538,-82.3916319726663));
#7200=CARTESIAN_POINT('Ctrl Pts',(51.7092096883626,5.83818172528385,-82.3665334688385));
#7201=CARTESIAN_POINT('Ctrl Pts',(51.6975582514452,5.81518442037583,-82.316954558569));
#7202=CARTESIAN_POINT('Ctrl Pts',(51.6994041258061,5.76575210131908,-82.2121517098322));
#7203=CARTESIAN_POINT('Ctrl Pts',(51.7175107047201,5.73461316883805,-82.1624190219469));
#7204=CARTESIAN_POINT('Ctrl Pts',(51.7284092049775,5.7189981869181,-82.1399926918288));
#7205=CARTESIAN_POINT('Ctrl Pts',(51.627033049724,5.87116376939345,-82.2426358755835));
#7206=CARTESIAN_POINT('Ctrl Pts',(51.6316161535971,5.85873309555104,-82.2191819705489));
#7207=CARTESIAN_POINT('Ctrl Pts',(51.6445962947969,5.83248669132983,-82.1718915337169));
#7208=CARTESIAN_POINT('Ctrl Pts',(51.6820154349782,5.78870086327436,-82.1118334822502));
#7209=CARTESIAN_POINT('Ctrl Pts',(51.712424856489,5.75977681625669,-82.0911950476302));
#7210=CARTESIAN_POINT('Ctrl Pts',(51.7284092049775,5.74425664882818,-82.0790133705209));
#7211=CARTESIAN_POINT('Ctrl Pts',(51.6034092049775,5.875,-82.0885872352117));
#7212=CARTESIAN_POINT('Ctrl Pts',(51.6165264889281,5.86188271604938,-82.0798711783869));
#7213=CARTESIAN_POINT('Ctrl Pts',(51.6432754601215,5.83513374485597,-82.0650545396655));
#7214=CARTESIAN_POINT('Ctrl Pts',(51.6849421267882,5.7934670781893,-82.0479466080175));
#7215=CARTESIAN_POINT('Ctrl Pts',(51.7137487111504,5.76466049382716,-82.0394070458153));
#7216=CARTESIAN_POINT('Ctrl Pts',(51.7284092049775,5.75,-82.0353887721093));
#7217=CARTESIAN_POINT('Ctrl Pts',(51.6034092049775,5.875,-82.0135754510171));
#7218=CARTESIAN_POINT('Ctrl Pts',(51.6172980938664,5.86111111111111,-82.0135754510171));
#7219=CARTESIAN_POINT('Ctrl Pts',(51.6450758716442,5.83333333333333,-82.0135754510171));
#7220=CARTESIAN_POINT('Ctrl Pts',(51.6867425383109,5.79166666666667,-82.0135754510171));
#7221=CARTESIAN_POINT('Ctrl Pts',(51.7145203160886,5.76388888888889,-82.0135754510171));
#7222=CARTESIAN_POINT('Ctrl Pts',(51.7284092049775,5.75,-82.0135754510171));
#7223=CARTESIAN_POINT('',(51.7284092049775,5.75,-82.0135754510171));
#7224=CARTESIAN_POINT('',(51.7284092049775,5.75,-82.0135754510171));
#7225=CARTESIAN_POINT('Origin',(51.7284092049775,5.50003775285055,-82.0135754510171));
#7226=CARTESIAN_POINT('Origin',(51.6530968226541,5.875,-82.6385376981665));
#7227=CARTESIAN_POINT('',(51.6530968226541,5.75,-82.5135376981665));
#7228=CARTESIAN_POINT('',(51.6530968226541,6.,-82.7635376981665));
#7229=CARTESIAN_POINT('Ctrl Pts',(64.5464548345798,5.82024419687357,-69.909735475988));
#7230=CARTESIAN_POINT('Ctrl Pts',(64.5644133465814,5.80978739028637,-69.9340883999989));
#7231=CARTESIAN_POINT('Ctrl Pts',(64.5893592486551,5.78724111500251,-69.9817489175925));
#7232=CARTESIAN_POINT('Ctrl Pts',(64.6068364279818,5.73354509654843,-70.0825082170869));
#7233=CARTESIAN_POINT('Ctrl Pts',(64.6061918316036,5.69398457395571,-70.1471129316494));
#7234=CARTESIAN_POINT('Ctrl Pts',(64.6061918316036,5.67678775285055,-70.1732107261137));
#7235=CARTESIAN_POINT('Ctrl Pts',(64.5708077585907,5.83070100346076,-69.9276939879896));
#7236=CARTESIAN_POINT('Ctrl Pts',(64.5852908615665,5.82009892963505,-69.9523881405809));
#7237=CARTESIAN_POINT('Ctrl Pts',(64.6054587365742,5.79754935590333,-70.0004373364562));
#7238=CARTESIAN_POINT('Ctrl Pts',(64.6168650633365,5.74553466852984,-70.101937256525));
#7239=CARTESIAN_POINT('Ctrl Pts',(64.6102397903063,5.70875068056918,-70.1633276300044));
#7240=CARTESIAN_POINT('Ctrl Pts',(64.6061918316036,5.69221210011505,-70.1886350733782));
#7241=CARTESIAN_POINT('Ctrl Pts',(64.6168977218583,5.84900440781538,-69.9719042044645));
#7242=CARTESIAN_POINT('Ctrl Pts',(64.6253913482185,5.83818172528385,-69.9970027082923));
#7243=CARTESIAN_POINT('Ctrl Pts',(64.6370427851358,5.81518442037583,-70.046581618562));
#7244=CARTESIAN_POINT('Ctrl Pts',(64.6351969107751,5.76575210131908,-70.1513844672985));
#7245=CARTESIAN_POINT('Ctrl Pts',(64.617090331861,5.73461316883805,-70.2011171551838));
#7246=CARTESIAN_POINT('Ctrl Pts',(64.6061918316035,5.7189981869181,-70.2235434853019));
#7247=CARTESIAN_POINT('Ctrl Pts',(64.7075679868571,5.87116376939345,-70.1209003015473));
#7248=CARTESIAN_POINT('Ctrl Pts',(64.7029848829841,5.85873309555104,-70.1443542065819));
#7249=CARTESIAN_POINT('Ctrl Pts',(64.6900047417842,5.83248669132983,-70.1916446434138));
#7250=CARTESIAN_POINT('Ctrl Pts',(64.6525856016028,5.78870086327436,-70.2517026948806));
#7251=CARTESIAN_POINT('Ctrl Pts',(64.6221761800922,5.75977681625669,-70.2723411295006));
#7252=CARTESIAN_POINT('Ctrl Pts',(64.6061918316036,5.74425664882818,-70.2845228066099));
#7253=CARTESIAN_POINT('Ctrl Pts',(64.7311918316036,5.875,-70.2749489419191));
#7254=CARTESIAN_POINT('Ctrl Pts',(64.7180745476529,5.86188271604938,-70.2836649987439));
#7255=CARTESIAN_POINT('Ctrl Pts',(64.6913255764595,5.83513374485597,-70.2984816374653));
#7256=CARTESIAN_POINT('Ctrl Pts',(64.6496589097928,5.7934670781893,-70.3155895691133));
#7257=CARTESIAN_POINT('Ctrl Pts',(64.6208523254307,5.76466049382716,-70.3241291313155));
#7258=CARTESIAN_POINT('Ctrl Pts',(64.6061918316036,5.75,-70.3281474050215));
#7259=CARTESIAN_POINT('Ctrl Pts',(64.7311918316036,5.875,-70.3499607261137));
#7260=CARTESIAN_POINT('Ctrl Pts',(64.7173029427147,5.86111111111111,-70.3499607261137));
#7261=CARTESIAN_POINT('Ctrl Pts',(64.6895251649369,5.83333333333333,-70.3499607261137));
#7262=CARTESIAN_POINT('Ctrl Pts',(64.6478584982702,5.79166666666667,-70.3499607261137));
#7263=CARTESIAN_POINT('Ctrl Pts',(64.6200807204925,5.76388888888889,-70.3499607261137));
#7264=CARTESIAN_POINT('Ctrl Pts',(64.6061918316036,5.75,-70.3499607261137));
#7265=CARTESIAN_POINT('',(64.6061918316036,5.75,-70.3499607261137));
#7266=CARTESIAN_POINT('',(64.6061918316036,5.75,-70.3499607261137));
#7267=CARTESIAN_POINT('Origin',(64.6061918316036,5.50003775285056,-70.3499607261137));
#7268=CARTESIAN_POINT('Ctrl Pts',(51.7881462020013,5.82024419687356,-69.9097354759881));
#7269=CARTESIAN_POINT('Ctrl Pts',(51.8124991260122,5.80978739028637,-69.8917769639865));
#7270=CARTESIAN_POINT('Ctrl Pts',(51.8601596436058,5.78724111500252,-69.8668310619128));
#7271=CARTESIAN_POINT('Ctrl Pts',(51.9609189431002,5.73354509654842,-69.8493538825861));
#7272=CARTESIAN_POINT('Ctrl Pts',(52.0255236576626,5.69398457395571,-69.8499984789643));
#7273=CARTESIAN_POINT('Ctrl Pts',(52.051621452127,5.67678775285055,-69.8499984789643));
#7274=CARTESIAN_POINT('Ctrl Pts',(51.8061047140029,5.83070100346075,-69.8853825519772));
#7275=CARTESIAN_POINT('Ctrl Pts',(51.8307988665942,5.82009892963505,-69.8708994490014));
#7276=CARTESIAN_POINT('Ctrl Pts',(51.8788480624694,5.79754935590333,-69.8507315739937));
#7277=CARTESIAN_POINT('Ctrl Pts',(51.9803479825383,5.74553466852984,-69.8393252472314));
#7278=CARTESIAN_POINT('Ctrl Pts',(52.0417383560176,5.70875068056918,-69.8459505202616));
#7279=CARTESIAN_POINT('Ctrl Pts',(52.0670457993915,5.69221210011505,-69.8499984789643));
#7280=CARTESIAN_POINT('Ctrl Pts',(51.8503149304777,5.84900440781538,-69.8392925887096));
#7281=CARTESIAN_POINT('Ctrl Pts',(51.8754134343055,5.83818172528385,-69.8307989623494));
#7282=CARTESIAN_POINT('Ctrl Pts',(51.9249923445751,5.81518442037583,-69.819147525432));
#7283=CARTESIAN_POINT('Ctrl Pts',(52.0297951933118,5.76575210131908,-69.8209933997929));
#7284=CARTESIAN_POINT('Ctrl Pts',(52.0795278811971,5.73461316883805,-69.8390999787069));
#7285=CARTESIAN_POINT('Ctrl Pts',(52.1019542113151,5.7189981869181,-69.8499984789643));
#7286=CARTESIAN_POINT('Ctrl Pts',(51.9993110275606,5.87116376939345,-69.7486223237108));
#7287=CARTESIAN_POINT('Ctrl Pts',(52.0227649325952,5.85873309555104,-69.7532054275839));
#7288=CARTESIAN_POINT('Ctrl Pts',(52.0700553694271,5.83248669132983,-69.7661855687837));
#7289=CARTESIAN_POINT('Ctrl Pts',(52.1301134208938,5.78870086327436,-69.803604708965));
#7290=CARTESIAN_POINT('Ctrl Pts',(52.1507518555139,5.75977681625669,-69.8340141304758));
#7291=CARTESIAN_POINT('Ctrl Pts',(52.1629335326232,5.74425664882818,-69.8499984789644));
#7292=CARTESIAN_POINT('Ctrl Pts',(52.1533596679323,5.875,-69.7249984789643));
#7293=CARTESIAN_POINT('Ctrl Pts',(52.1620757247572,5.86188271604938,-69.738115762915));
#7294=CARTESIAN_POINT('Ctrl Pts',(52.1768923634786,5.83513374485597,-69.7648647341083));
#7295=CARTESIAN_POINT('Ctrl Pts',(52.1940002951265,5.7934670781893,-69.8065314007751));
#7296=CARTESIAN_POINT('Ctrl Pts',(52.2025398573288,5.76466049382716,-69.8353379851372));
#7297=CARTESIAN_POINT('Ctrl Pts',(52.2065581310348,5.75,-69.8499984789643));
#7298=CARTESIAN_POINT('Ctrl Pts',(52.228371452127,5.875,-69.7249984789643));
#7299=CARTESIAN_POINT('Ctrl Pts',(52.228371452127,5.86111111111111,-69.7388873678532));
#7300=CARTESIAN_POINT('Ctrl Pts',(52.228371452127,5.83333333333333,-69.766665145631));
#7301=CARTESIAN_POINT('Ctrl Pts',(52.228371452127,5.79166666666667,-69.8083318122977));
#7302=CARTESIAN_POINT('Ctrl Pts',(52.228371452127,5.76388888888889,-69.8361095900755));
#7303=CARTESIAN_POINT('Ctrl Pts',(52.228371452127,5.75,-69.8499984789643));
#7304=CARTESIAN_POINT('',(52.228371452127,5.75,-69.8499984789643));
#7305=CARTESIAN_POINT('',(52.228371452127,5.75,-69.8499984789643));
#7306=CARTESIAN_POINT('Origin',(52.228371452127,5.50003775285055,-69.8499984789643));
#7307=CARTESIAN_POINT('Origin',(51.6034092049775,5.875,-65.9817691763267));
#7308=CARTESIAN_POINT('',(51.4784092049775,6.,-65.9817691763267));
#7309=CARTESIAN_POINT('',(51.7284092049775,5.75,-65.9817691763267));
#7310=CARTESIAN_POINT('Origin',(45.2142055093409,5.875,-69.7249984789644));
#7311=CARTESIAN_POINT('',(45.2142055093409,5.75,-69.8499984789644));
#7312=CARTESIAN_POINT('',(45.2142055093409,6.,-69.5999984789644));
#7313=CARTESIAN_POINT('Origin',(51.8534092049775,0.,-69.9749984789643));
#7314=CARTESIAN_POINT('',(51.9784092049775,4.5,-69.8499984789643));
#7315=CARTESIAN_POINT('',(51.7284092049775,4.5,-70.0999984789644));
#7316=CARTESIAN_POINT('',(54.1213068132785,4.5,-67.7071008706633));
#7317=CARTESIAN_POINT('',(51.7284092049775,0.,-70.0999984789644));
#7318=CARTESIAN_POINT('',(51.9784092049775,0.,-69.8499984789643));
#7319=CARTESIAN_POINT('Origin',(64.7311918316034,5.875,-57.8999995667255));
#7320=CARTESIAN_POINT('',(64.8561918316034,6.,-57.8999995667255));
#7321=CARTESIAN_POINT('',(64.6061918316034,5.75,-57.8999995667255));
#7322=CARTESIAN_POINT('Origin',(64.4811918316036,0.,-69.9749984789643));
#7323=CARTESIAN_POINT('',(64.6061918316036,4.5,-70.0999984789643));
#7324=CARTESIAN_POINT('',(64.3561918316036,4.5,-69.8499984789643));
#7325=CARTESIAN_POINT('',(52.4796448710094,4.5,-57.9734515183701));
#7326=CARTESIAN_POINT('',(64.3561918316036,0.,-69.8499984789643));
#7327=CARTESIAN_POINT('',(64.6061918316036,0.,-70.0999984789643));
#7328=CARTESIAN_POINT('Origin',(51.8534092049775,0.,-82.3885376981665));
#7329=CARTESIAN_POINT('',(51.7284092049775,4.5,-82.2635376981665));
#7330=CARTESIAN_POINT('',(51.9784092049775,4.5,-82.5135376981665));
#7331=CARTESIAN_POINT('',(39.9054230962391,4.5,-70.4405515894289));
#7332=CARTESIAN_POINT('',(51.9784092049775,0.,-82.5135376981665));
#7333=CARTESIAN_POINT('',(51.7284092049775,0.,-82.2635376981665));
#7334=CARTESIAN_POINT('Origin',(64.4811918316037,0.,-82.3885376981664));
#7335=CARTESIAN_POINT('',(64.3561918316037,4.5,-82.5135376981664));
#7336=CARTESIAN_POINT('',(64.6061918316037,4.5,-82.2635376981664));
#7337=CARTESIAN_POINT('',(66.6955285880484,4.5,-80.1742009417217));
#7338=CARTESIAN_POINT('',(64.6061918316037,0.,-82.2635376981664));
#7339=CARTESIAN_POINT('',(64.3561918316037,0.,-82.5135376981664));
#7340=CARTESIAN_POINT('Origin',(51.7284092049775,0.,-69.8499984789643));
#7341=CARTESIAN_POINT('',(45.2142055093409,4.5,-69.8499984789643));
#7342=CARTESIAN_POINT('Origin',(64.6061918316035,0.,-68.0499984789643));
#7343=CARTESIAN_POINT('',(64.6061918316034,4.5,-57.8999995667255));
#7344=CARTESIAN_POINT('Origin',(38.7000018137041,6.,-47.7500006544869));
#7345=CARTESIAN_POINT('',(1.50000002235174,6.,3.50000016624108));
#7346=CARTESIAN_POINT('',(75.9000036050566,6.,3.50000016624108));
#7347=CARTESIAN_POINT('',(75.9000036050566,6.,3.50000016624108));
#7348=CARTESIAN_POINT('',(75.9000036050566,6.,-99.000001475215));
#7349=CARTESIAN_POINT('',(75.9000036050566,6.,-99.000001475215));
#7350=CARTESIAN_POINT('',(1.50000002235174,6.,-99.000001475215));
#7351=CARTESIAN_POINT('',(1.50000002235174,6.,-99.000001475215));
#7352=CARTESIAN_POINT('',(1.50000002235174,6.,3.50000016624108));
#7353=CARTESIAN_POINT('',(25.382544057391,6.,-70.0353000688204));
#7354=CARTESIAN_POINT('',(12.5150863010778,6.,-65.4176503616537));
#7355=CARTESIAN_POINT('',(41.382544057391,6.,-82.6353000688204));
#7356=CARTESIAN_POINT('',(43.6150863010779,6.,-58.6676503616537));
#7357=CARTESIAN_POINT('',(51.5104162626414,6.,-59.7292941501997));
#7358=CARTESIAN_POINT('',(64.5104162626414,6.,-59.7292941501997));
#7359=CARTESIAN_POINT('',(51.6052090381728,6.,-59.7292941501997));
#7360=CARTESIAN_POINT('',(65.0104162626414,6.,-59.2292941501997));
#7361=CARTESIAN_POINT('Origin',(64.5104162626414,6.,-59.2292941501997));
#7362=CARTESIAN_POINT('',(65.0104162626414,6.,-46.2292941501997));
#7363=CARTESIAN_POINT('',(65.0104162626414,6.,-46.9896474023433));
#7364=CARTESIAN_POINT('',(64.5104162626414,6.,-45.7292941501997));
#7365=CARTESIAN_POINT('Origin',(64.5104162626414,6.,-46.2292941501997));
#7366=CARTESIAN_POINT('',(51.5104162626414,6.,-45.7292941501997));
#7367=CARTESIAN_POINT('',(45.1052090381728,6.,-45.7292941501997));
#7368=CARTESIAN_POINT('',(51.0104162626414,6.,-46.2292941501997));
#7369=CARTESIAN_POINT('Origin',(51.5104162626414,6.,-46.2292941501997));
#7370=CARTESIAN_POINT('',(51.0104162626414,6.,-59.2292941501997));
#7371=CARTESIAN_POINT('',(51.0104162626414,6.,-53.4896474023433));
#7372=CARTESIAN_POINT('Origin',(51.5104162626414,6.,-59.2292941501997));
#7373=CARTESIAN_POINT('',(13.4104162626414,6.,-21.6292941501997));
#7374=CARTESIAN_POINT('',(26.4104162626414,6.,-21.6292941501997));
#7375=CARTESIAN_POINT('',(32.5552090381728,6.,-21.6292941501997));
#7376=CARTESIAN_POINT('',(26.9104162626414,6.,-21.1292941501997));
#7377=CARTESIAN_POINT('Origin',(26.4104162626414,6.,-21.1292941501997));
#7378=CARTESIAN_POINT('',(26.9104162626414,6.,-8.12929415019971));
#7379=CARTESIAN_POINT('',(26.9104162626414,6.,-27.9396474023433));
#7380=CARTESIAN_POINT('',(26.4104162626414,6.,-7.62929415019971));
#7381=CARTESIAN_POINT('Origin',(26.4104162626414,6.,-8.12929415019971));
#7382=CARTESIAN_POINT('',(13.4104162626414,6.,-7.62929415019971));
#7383=CARTESIAN_POINT('',(26.0552090381728,6.,-7.62929415019971));
#7384=CARTESIAN_POINT('',(12.9104162626414,6.,-8.12929415019971));
#7385=CARTESIAN_POINT('Origin',(13.4104162626414,6.,-8.12929415019971));
#7386=CARTESIAN_POINT('',(12.9104162626414,6.,-21.1292941501997));
#7387=CARTESIAN_POINT('',(12.9104162626414,6.,-34.4396474023433));
#7388=CARTESIAN_POINT('Origin',(13.4104162626414,6.,-21.1292941501997));
#7389=CARTESIAN_POINT('',(13.4104162626414,6.,-40.6792941501997));
#7390=CARTESIAN_POINT('',(26.4104162626414,6.,-40.6792941501997));
#7391=CARTESIAN_POINT('',(32.5552090381728,6.,-40.6792941501997));
#7392=CARTESIAN_POINT('',(26.9104162626414,6.,-40.1792941501997));
#7393=CARTESIAN_POINT('Origin',(26.4104162626414,6.,-40.1792941501997));
#7394=CARTESIAN_POINT('',(26.9104162626414,6.,-27.1792941501997));
#7395=CARTESIAN_POINT('',(26.9104162626414,6.,-37.4646474023433));
#7396=CARTESIAN_POINT('',(26.4104162626414,6.,-26.6792941501997));
#7397=CARTESIAN_POINT('Origin',(26.4104162626414,6.,-27.1792941501997));
#7398=CARTESIAN_POINT('',(13.4104162626414,6.,-26.6792941501997));
#7399=CARTESIAN_POINT('',(26.0552090381728,6.,-26.6792941501997));
#7400=CARTESIAN_POINT('',(12.9104162626414,6.,-27.1792941501997));
#7401=CARTESIAN_POINT('Origin',(13.4104162626414,6.,-27.1792941501997));
#7402=CARTESIAN_POINT('',(12.9104162626414,6.,-40.1792941501997));
#7403=CARTESIAN_POINT('',(12.9104162626414,6.,-43.9646474023433));
#7404=CARTESIAN_POINT('Origin',(13.4104162626414,6.,-40.1792941501997));
#7405=CARTESIAN_POINT('',(32.4604162626414,6.,-59.7292941501997));
#7406=CARTESIAN_POINT('',(45.4604162626414,6.,-59.7292941501998));
#7407=CARTESIAN_POINT('',(42.0802090381728,6.,-59.7292941501997));
#7408=CARTESIAN_POINT('',(45.9604162626414,6.,-59.2292941501997));
#7409=CARTESIAN_POINT('Origin',(45.4604162626414,6.,-59.2292941501997));
#7410=CARTESIAN_POINT('',(45.9604162626414,6.,-46.2292941501997));
#7411=CARTESIAN_POINT('',(45.9604162626414,6.,-46.9896474023433));
#7412=CARTESIAN_POINT('',(45.4604162626414,6.,-45.7292941501997));
#7413=CARTESIAN_POINT('Origin',(45.4604162626414,6.,-46.2292941501997));
#7414=CARTESIAN_POINT('',(32.4604162626414,6.,-45.7292941501997));
#7415=CARTESIAN_POINT('',(35.5802090381728,6.,-45.7292941501997));
#7416=CARTESIAN_POINT('',(31.9604162626414,6.,-46.2292941501997));
#7417=CARTESIAN_POINT('Origin',(32.4604162626414,6.,-46.2292941501997));
#7418=CARTESIAN_POINT('',(31.9604162626414,6.,-59.2292941501997));
#7419=CARTESIAN_POINT('',(31.9604162626414,6.,-53.4896474023434));
#7420=CARTESIAN_POINT('Origin',(32.4604162626414,6.,-59.2292941501997));
#7421=CARTESIAN_POINT('',(51.5104162626414,6.,-40.6792941501997));
#7422=CARTESIAN_POINT('',(64.5104162626414,6.,-40.6792941501997));
#7423=CARTESIAN_POINT('',(51.6052090381728,6.,-40.6792941501997));
#7424=CARTESIAN_POINT('',(65.0104162626414,6.,-40.1792941501997));
#7425=CARTESIAN_POINT('Origin',(64.5104162626414,6.,-40.1792941501997));
#7426=CARTESIAN_POINT('',(65.0104162626414,6.,-27.1792941501997));
#7427=CARTESIAN_POINT('',(65.0104162626414,6.,-37.4646474023433));
#7428=CARTESIAN_POINT('',(64.5104162626414,6.,-26.6792941501997));
#7429=CARTESIAN_POINT('Origin',(64.5104162626414,6.,-27.1792941501997));
#7430=CARTESIAN_POINT('',(51.5104162626414,6.,-26.6792941501997));
#7431=CARTESIAN_POINT('',(45.1052090381728,6.,-26.6792941501997));
#7432=CARTESIAN_POINT('',(51.0104162626414,6.,-27.1792941501997));
#7433=CARTESIAN_POINT('Origin',(51.5104162626414,6.,-27.1792941501997));
#7434=CARTESIAN_POINT('',(51.0104162626414,6.,-40.1792941501997));
#7435=CARTESIAN_POINT('',(51.0104162626414,6.,-43.9646474023433));
#7436=CARTESIAN_POINT('Origin',(51.5104162626414,6.,-40.1792941501997));
#7437=CARTESIAN_POINT('',(32.4604162626414,6.,-21.6292941501997));
#7438=CARTESIAN_POINT('',(45.4604162626414,6.,-21.6292941501997));
#7439=CARTESIAN_POINT('',(42.0802090381728,6.,-21.6292941501997));
#7440=CARTESIAN_POINT('',(45.9604162626414,6.,-21.1292941501997));
#7441=CARTESIAN_POINT('Origin',(45.4604162626414,6.,-21.1292941501997));
#7442=CARTESIAN_POINT('',(45.9604162626414,6.,-8.12929415019971));
#7443=CARTESIAN_POINT('',(45.9604162626414,6.,-27.9396474023433));
#7444=CARTESIAN_POINT('',(45.4604162626414,6.,-7.62929415019971));
#7445=CARTESIAN_POINT('Origin',(45.4604162626414,6.,-8.12929415019971));
#7446=CARTESIAN_POINT('',(32.4604162626414,6.,-7.62929415019971));
#7447=CARTESIAN_POINT('',(35.5802090381728,6.,-7.62929415019971));
#7448=CARTESIAN_POINT('',(31.9604162626414,6.,-8.12929415019971));
#7449=CARTESIAN_POINT('Origin',(32.4604162626414,6.,-8.12929415019971));
#7450=CARTESIAN_POINT('',(31.9604162626414,6.,-21.1292941501997));
#7451=CARTESIAN_POINT('',(31.9604162626414,6.,-34.4396474023433));
#7452=CARTESIAN_POINT('Origin',(32.4604162626414,6.,-21.1292941501997));
#7453=CARTESIAN_POINT('',(13.4104162626414,6.,-59.7292941501997));
#7454=CARTESIAN_POINT('',(26.4104162626414,6.,-59.7292941501997));
#7455=CARTESIAN_POINT('',(32.5552090381728,6.,-59.7292941501997));
#7456=CARTESIAN_POINT('',(26.9104162626414,6.,-59.2292941501997));
#7457=CARTESIAN_POINT('Origin',(26.4104162626414,6.,-59.2292941501997));
#7458=CARTESIAN_POINT('',(26.9104162626413,6.,-46.2292941501997));
#7459=CARTESIAN_POINT('',(26.9104162626414,6.,-46.9896474023433));
#7460=CARTESIAN_POINT('',(26.4104162626414,6.,-45.7292941501997));
#7461=CARTESIAN_POINT('Origin',(26.4104162626414,6.,-46.2292941501997));
#7462=CARTESIAN_POINT('',(13.4104162626414,6.,-45.7292941501997));
#7463=CARTESIAN_POINT('',(26.0552090381728,6.,-45.7292941501997));
#7464=CARTESIAN_POINT('',(12.9104162626414,6.,-46.2292941501997));
#7465=CARTESIAN_POINT('Origin',(13.4104162626414,6.,-46.2292941501997));
#7466=CARTESIAN_POINT('',(12.9104162626414,6.,-59.2292941501997));
#7467=CARTESIAN_POINT('',(12.9104162626414,6.,-53.4896474023434));
#7468=CARTESIAN_POINT('Origin',(13.4104162626414,6.,-59.2292941501997));
#7469=CARTESIAN_POINT('',(32.4604162626414,6.,-40.6792941501997));
#7470=CARTESIAN_POINT('',(45.4604162626414,6.,-40.6792941501997));
#7471=CARTESIAN_POINT('',(42.0802090381728,6.,-40.6792941501997));
#7472=CARTESIAN_POINT('',(45.9604162626414,6.,-40.1792941501997));
#7473=CARTESIAN_POINT('Origin',(45.4604162626414,6.,-40.1792941501997));
#7474=CARTESIAN_POINT('',(45.9604162626414,6.,-27.1792941501997));
#7475=CARTESIAN_POINT('',(45.9604162626414,6.,-37.4646474023433));
#7476=CARTESIAN_POINT('',(45.4604162626414,6.,-26.6792941501997));
#7477=CARTESIAN_POINT('Origin',(45.4604162626414,6.,-27.1792941501997));
#7478=CARTESIAN_POINT('',(32.4604162626414,6.,-26.6792941501997));
#7479=CARTESIAN_POINT('',(35.5802090381727,6.,-26.6792941501997));
#7480=CARTESIAN_POINT('',(31.9604162626414,6.,-27.1792941501997));
#7481=CARTESIAN_POINT('Origin',(32.4604162626414,6.,-27.1792941501997));
#7482=CARTESIAN_POINT('',(31.9604162626414,6.,-40.1792941501997));
#7483=CARTESIAN_POINT('',(31.9604162626414,6.,-43.9646474023433));
#7484=CARTESIAN_POINT('Origin',(32.4604162626414,6.,-40.1792941501997));
#7485=CARTESIAN_POINT('',(51.5104162626413,6.,-21.6292941501997));
#7486=CARTESIAN_POINT('',(64.5104162626414,6.,-21.6292941501997));
#7487=CARTESIAN_POINT('',(51.6052090381728,6.,-21.6292941501997));
#7488=CARTESIAN_POINT('',(65.0104162626414,6.,-21.1292941501997));
#7489=CARTESIAN_POINT('Origin',(64.5104162626414,6.,-21.1292941501997));
#7490=CARTESIAN_POINT('',(65.0104162626414,6.,-8.1292941501997));
#7491=CARTESIAN_POINT('',(65.0104162626414,6.,-27.9396474023433));
#7492=CARTESIAN_POINT('',(64.5104162626414,6.,-7.6292941501997));
#7493=CARTESIAN_POINT('Origin',(64.5104162626414,6.,-8.1292941501997));
#7494=CARTESIAN_POINT('',(51.5104162626413,6.,-7.6292941501997));
#7495=CARTESIAN_POINT('',(45.1052090381727,6.,-7.6292941501997));
#7496=CARTESIAN_POINT('',(51.0104162626413,6.,-8.1292941501997));
#7497=CARTESIAN_POINT('Origin',(51.5104162626413,6.,-8.1292941501997));
#7498=CARTESIAN_POINT('',(51.0104162626413,6.,-21.1292941501997));
#7499=CARTESIAN_POINT('',(51.0104162626413,6.,-34.4396474023433));
#7500=CARTESIAN_POINT('Origin',(51.5104162626413,6.,-21.1292941501997));
#7501=CARTESIAN_POINT('Origin',(64.6061918316037,0.,-82.5135376981664));
#7502=CARTESIAN_POINT('',(51.6530968226541,4.5,-82.5135376981665));
#7503=CARTESIAN_POINT('Origin',(51.7284092049775,0.,-84.2135376981665));
#7504=CARTESIAN_POINT('',(51.7284092049775,4.5,-65.9817691763267));
#7505=CARTESIAN_POINT('Ctrl Pts',(12.8248232981016,5.82024419687356,-82.3255630717967));
#7506=CARTESIAN_POINT('Ctrl Pts',(12.8068647861,5.80978739028637,-82.3012101477858));
#7507=CARTESIAN_POINT('Ctrl Pts',(12.7819188840263,5.78724111500252,-82.2535496301922));
#7508=CARTESIAN_POINT('Ctrl Pts',(12.7644417046996,5.73354509654842,-82.1527903306978));
#7509=CARTESIAN_POINT('Ctrl Pts',(12.7650863010778,5.69398457395571,-82.0881856161353));
#7510=CARTESIAN_POINT('Ctrl Pts',(12.7650863010778,5.67678775285055,-82.062087821671));
#7511=CARTESIAN_POINT('Ctrl Pts',(12.8004703740907,5.83070100346075,-82.3076045597951));
#7512=CARTESIAN_POINT('Ctrl Pts',(12.7859872711149,5.82009892963505,-82.2829104072038));
#7513=CARTESIAN_POINT('Ctrl Pts',(12.7658193961072,5.79754935590333,-82.2348612113285));
#7514=CARTESIAN_POINT('Ctrl Pts',(12.7544130693448,5.74553466852984,-82.1333612912597));
#7515=CARTESIAN_POINT('Ctrl Pts',(12.761038342375,5.70875068056918,-82.0719709177803));
#7516=CARTESIAN_POINT('Ctrl Pts',(12.7650863010778,5.69221210011505,-82.0466634744065));
#7517=CARTESIAN_POINT('Ctrl Pts',(12.754380410823,5.84900440781537,-82.2633943433202));
#7518=CARTESIAN_POINT('Ctrl Pts',(12.7458867844629,5.83818172528385,-82.2382958394924));
#7519=CARTESIAN_POINT('Ctrl Pts',(12.7342353475455,5.81518442037583,-82.1887169292228));
#7520=CARTESIAN_POINT('Ctrl Pts',(12.7360812219063,5.76575210131908,-82.0839140804861));
#7521=CARTESIAN_POINT('Ctrl Pts',(12.7541878008204,5.73461316883805,-82.0341813926008));
#7522=CARTESIAN_POINT('Ctrl Pts',(12.7650863010778,5.7189981869181,-82.0117550624828));
#7523=CARTESIAN_POINT('Ctrl Pts',(12.6637101458243,5.87116376939345,-82.1143982462374));
#7524=CARTESIAN_POINT('Ctrl Pts',(12.6682932496973,5.85873309555104,-82.0909443412028));
#7525=CARTESIAN_POINT('Ctrl Pts',(12.6812733908972,5.83248669132983,-82.0436539043708));
#7526=CARTESIAN_POINT('Ctrl Pts',(12.7186925310785,5.78870086327436,-81.9835958529042));
#7527=CARTESIAN_POINT('Ctrl Pts',(12.7491019525892,5.75977681625669,-81.9629574182841));
#7528=CARTESIAN_POINT('Ctrl Pts',(12.7650863010778,5.74425664882818,-81.9507757411748));
#7529=CARTESIAN_POINT('Ctrl Pts',(12.6400863010778,5.875,-81.9603496058656));
#7530=CARTESIAN_POINT('Ctrl Pts',(12.6532035850284,5.86188271604938,-81.9516335490408));
#7531=CARTESIAN_POINT('Ctrl Pts',(12.6799525562218,5.83513374485597,-81.9368169103193));
#7532=CARTESIAN_POINT('Ctrl Pts',(12.7216192228885,5.7934670781893,-81.9197089786714));
#7533=CARTESIAN_POINT('Ctrl Pts',(12.7504258072506,5.76466049382716,-81.9111694164692));
#7534=CARTESIAN_POINT('Ctrl Pts',(12.7650863010778,5.75,-81.9071511427632));
#7535=CARTESIAN_POINT('Ctrl Pts',(12.6400863010778,5.875,-81.885337821671));
#7536=CARTESIAN_POINT('Ctrl Pts',(12.6539751899667,5.86111111111111,-81.885337821671));
#7537=CARTESIAN_POINT('Ctrl Pts',(12.6817529677445,5.83333333333333,-81.885337821671));
#7538=CARTESIAN_POINT('Ctrl Pts',(12.7234196344111,5.79166666666667,-81.885337821671));
#7539=CARTESIAN_POINT('Ctrl Pts',(12.7511974121889,5.76388888888889,-81.885337821671));
#7540=CARTESIAN_POINT('Ctrl Pts',(12.7650863010778,5.75,-81.885337821671));
#7541=CARTESIAN_POINT('',(12.7650863010778,5.75,-81.885337821671));
#7542=CARTESIAN_POINT('',(12.7650863010778,5.75,-81.885337821671));
#7543=CARTESIAN_POINT('Origin',(12.7650863010778,5.50003775285056,-81.885337821671));
#7544=CARTESIAN_POINT('Ctrl Pts',(12.8248232981016,5.82024419687356,-70.3450370658442));
#7545=CARTESIAN_POINT('Ctrl Pts',(12.8068647861,5.80978739028637,-70.3693899898551));
#7546=CARTESIAN_POINT('Ctrl Pts',(12.7819188840263,5.78724111500251,-70.4170505074487));
#7547=CARTESIAN_POINT('Ctrl Pts',(12.7644417046996,5.73354509654842,-70.5178098069431));
#7548=CARTESIAN_POINT('Ctrl Pts',(12.7650863010778,5.69398457395571,-70.5824145215055));
#7549=CARTESIAN_POINT('Ctrl Pts',(12.7650863010778,5.67678775285055,-70.6085123159699));
#7550=CARTESIAN_POINT('Ctrl Pts',(12.8312177101109,5.79933058369918,-70.3514314778535));
#7551=CARTESIAN_POINT('Ctrl Pts',(12.8156050103734,5.78930224029638,-70.3730038925435));
#7552=CARTESIAN_POINT('Ctrl Pts',(12.7927547754103,5.76728720982345,-70.4170367214741));
#7553=CARTESIAN_POINT('Ctrl Pts',(12.7743925112319,5.71384629311836,-70.5117081815802));
#7554=CARTESIAN_POINT('Ctrl Pts',(12.7691342597806,5.67730770944166,-70.569099578091));
#7555=CARTESIAN_POINT('Ctrl Pts',(12.7650863010778,5.66136340558605,-70.5930879687054));
#7556=CARTESIAN_POINT('Ctrl Pts',(12.843478333952,5.75537767584441,-70.3636921016946));
#7557=CARTESIAN_POINT('Ctrl Pts',(12.8316874474483,5.74553793340511,-70.3824023102802));
#7558=CARTESIAN_POINT('Ctrl Pts',(12.8135486873361,5.72284794446838,-70.4231389156755));
#7559=CARTESIAN_POINT('Ctrl Pts',(12.7928036722835,5.66809464983637,-70.505652279854));
#7560=CARTESIAN_POINT('Ctrl Pts',(12.7759848013352,5.63975523558938,-70.5467261835035));
#7561=CARTESIAN_POINT('Ctrl Pts',(12.7650863010778,5.62645499366235,-70.5663018819023));
#7562=CARTESIAN_POINT('Ctrl Pts',(12.8847748002578,5.64035154096161,-70.4049885680005));
#7563=CARTESIAN_POINT('Ctrl Pts',(12.873514776173,5.63135274202463,-70.4199264378099));
#7564=CARTESIAN_POINT('Ctrl Pts',(12.8512802869463,5.61073675370984,-70.4514319310244));
#7565=CARTESIAN_POINT('Ctrl Pts',(12.8109730324113,5.58391486682566,-70.4972855649142));
#7566=CARTESIAN_POINT('Ctrl Pts',(12.7810706495664,5.57253954299302,-70.5255149142364));
#7567=CARTESIAN_POINT('Ctrl Pts',(12.7650863010778,5.56547567235435,-70.5410434199922));
#7568=CARTESIAN_POINT('Ctrl Pts',(12.8900863010778,5.54499730466529,-70.4103000688204));
#7569=CARTESIAN_POINT('Ctrl Pts',(12.8769690171272,5.54249955178669,-70.4234173527711));
#7570=CARTESIAN_POINT('Ctrl Pts',(12.8502200459338,5.53737315432169,-70.4501663239645));
#7571=CARTESIAN_POINT('Ctrl Pts',(12.8085533792671,5.52950599786026,-70.4918329906311));
#7572=CARTESIAN_POINT('Ctrl Pts',(12.779746794905,5.52438585208887,-70.5206395749933));
#7573=CARTESIAN_POINT('Ctrl Pts',(12.7650863010778,5.52185107394276,-70.5353000688204));
#7574=CARTESIAN_POINT('Ctrl Pts',(12.8900863010778,5.50003775285055,-70.4103000688204));
#7575=CARTESIAN_POINT('Ctrl Pts',(12.8761974121889,5.50003775285055,-70.4241889577093));
#7576=CARTESIAN_POINT('Ctrl Pts',(12.8484196344111,5.50003775285055,-70.4519667354871));
#7577=CARTESIAN_POINT('Ctrl Pts',(12.8067529677445,5.50003775285055,-70.4936334021538));
#7578=CARTESIAN_POINT('Ctrl Pts',(12.7789751899667,5.50003775285055,-70.5214111799315));
#7579=CARTESIAN_POINT('Ctrl Pts',(12.7650863010778,5.50003775285055,-70.5353000688204));
#7580=CARTESIAN_POINT('',(12.7650863010778,5.50003775285055,-70.5353000688204));
#7581=CARTESIAN_POINT('',(12.7650863010778,5.50003775285055,-70.5353000688204));
#7582=CARTESIAN_POINT('Origin',(12.7650863010778,5.50003775285055,-70.7852623159699));
#7583=CARTESIAN_POINT('Origin',(12.6400863010778,5.875,-65.4176503616537));
#7584=CARTESIAN_POINT('',(12.7650863010778,5.75,-65.4176503616537));
#7585=CARTESIAN_POINT('Ctrl Pts',(43.3053493040542,5.82024419687357,-82.3255630717966));
#7586=CARTESIAN_POINT('Ctrl Pts',(43.2809963800433,5.80978739028637,-82.3435215837982));
#7587=CARTESIAN_POINT('Ctrl Pts',(43.2333358624497,5.78724111500252,-82.3684674858719));
#7588=CARTESIAN_POINT('Ctrl Pts',(43.1325765629553,5.73354509654842,-82.3859446651987));
#7589=CARTESIAN_POINT('Ctrl Pts',(43.0679718483928,5.69398457395571,-82.3853000688204));
#7590=CARTESIAN_POINT('Ctrl Pts',(43.0418740539285,5.67678775285055,-82.3853000688204));
#7591=CARTESIAN_POINT('Ctrl Pts',(43.2873907920526,5.83070100346076,-82.3499159958075));
#7592=CARTESIAN_POINT('Ctrl Pts',(43.2626966394613,5.82009892963505,-82.3643990987833));
#7593=CARTESIAN_POINT('Ctrl Pts',(43.214647443586,5.79754935590333,-82.3845669737911));
#7594=CARTESIAN_POINT('Ctrl Pts',(43.1131475235172,5.74553466852984,-82.3959733005534));
#7595=CARTESIAN_POINT('Ctrl Pts',(43.0517571500378,5.70875068056918,-82.3893480275232));
#7596=CARTESIAN_POINT('Ctrl Pts',(43.026449706664,5.69221210011505,-82.3853000688204));
#7597=CARTESIAN_POINT('Ctrl Pts',(43.2431805755777,5.84900440781538,-82.3960059590752));
#7598=CARTESIAN_POINT('Ctrl Pts',(43.21808207175,5.83818172528385,-82.4044995854353));
#7599=CARTESIAN_POINT('Ctrl Pts',(43.1685031614804,5.81518442037583,-82.4161510223527));
#7600=CARTESIAN_POINT('Ctrl Pts',(43.0637003127437,5.76575210131908,-82.4143051479919));
#7601=CARTESIAN_POINT('Ctrl Pts',(43.0139676248584,5.73461316883805,-82.3961985690778));
#7602=CARTESIAN_POINT('Ctrl Pts',(42.9915412947403,5.7189981869181,-82.3853000688204));
#7603=CARTESIAN_POINT('Ctrl Pts',(43.0941844784949,5.87116376939345,-82.4866762240739));
#7604=CARTESIAN_POINT('Ctrl Pts',(43.0707305734603,5.85873309555104,-82.4820931202009));
#7605=CARTESIAN_POINT('Ctrl Pts',(43.0234401366284,5.83248669132983,-82.469112979001));
#7606=CARTESIAN_POINT('Ctrl Pts',(42.9633820851617,5.78870086327436,-82.4316938388196));
#7607=CARTESIAN_POINT('Ctrl Pts',(42.9427436505416,5.75977681625669,-82.401284417309));
#7608=CARTESIAN_POINT('Ctrl Pts',(42.9305619734323,5.74425664882818,-82.3853000688204));
#7609=CARTESIAN_POINT('Ctrl Pts',(42.9401358381231,5.875,-82.5103000688204));
#7610=CARTESIAN_POINT('Ctrl Pts',(42.9314197812983,5.86188271604938,-82.4971827848698));
#7611=CARTESIAN_POINT('Ctrl Pts',(42.9166031425769,5.83513374485597,-82.4704338136763));
#7612=CARTESIAN_POINT('Ctrl Pts',(42.8994952109289,5.7934670781893,-82.4287671470097));
#7613=CARTESIAN_POINT('Ctrl Pts',(42.8909556487267,5.76466049382716,-82.3999605626476));
#7614=CARTESIAN_POINT('Ctrl Pts',(42.8869373750207,5.75,-82.3853000688204));
#7615=CARTESIAN_POINT('Ctrl Pts',(42.8651240539285,5.875,-82.5103000688204));
#7616=CARTESIAN_POINT('Ctrl Pts',(42.8651240539285,5.86111111111111,-82.4964111799315));
#7617=CARTESIAN_POINT('Ctrl Pts',(42.8651240539285,5.83333333333333,-82.4686334021537));
#7618=CARTESIAN_POINT('Ctrl Pts',(42.8651240539285,5.79166666666667,-82.4269667354871));
#7619=CARTESIAN_POINT('Ctrl Pts',(42.8651240539285,5.76388888888889,-82.3991889577093));
#7620=CARTESIAN_POINT('Ctrl Pts',(42.8651240539285,5.75,-82.3853000688204));
#7621=CARTESIAN_POINT('',(42.8651240539285,5.75,-82.3853000688204));
#7622=CARTESIAN_POINT('',(42.8651240539285,5.75,-82.3853000688204));
#7623=CARTESIAN_POINT('Origin',(42.8651240539285,5.50003775285055,-82.3853000688204));
#7624=CARTESIAN_POINT('Origin',(41.382544057391,5.875,-82.5103000688204));
#7625=CARTESIAN_POINT('',(41.382544057391,5.75,-82.3853000688204));
#7626=CARTESIAN_POINT('Origin',(43.2400863010779,0.,-82.2603000688204));
#7627=CARTESIAN_POINT('',(43.1150863010779,4.5,-82.3853000688204));
#7628=CARTESIAN_POINT('',(43.3650863010779,4.5,-82.1353000688204));
#7629=CARTESIAN_POINT('',(50.7326400328179,4.5,-74.7677463370805));
#7630=CARTESIAN_POINT('',(43.3650863010779,0.,-82.1353000688204));
#7631=CARTESIAN_POINT('',(43.1150863010779,0.,-82.3853000688204));
#7632=CARTESIAN_POINT('Ctrl Pts',(43.3053493040542,5.82024419687356,-70.3450370658442));
#7633=CARTESIAN_POINT('Ctrl Pts',(43.3233078160558,5.80978739028637,-70.3693899898551));
#7634=CARTESIAN_POINT('Ctrl Pts',(43.3482537181295,5.78724111500251,-70.4170505074487));
#7635=CARTESIAN_POINT('Ctrl Pts',(43.3657308974562,5.73354509654843,-70.5178098069431));
#7636=CARTESIAN_POINT('Ctrl Pts',(43.3650863010779,5.69398457395571,-70.5824145215055));
#7637=CARTESIAN_POINT('Ctrl Pts',(43.3650863010779,5.67678775285055,-70.6085123159699));
#7638=CARTESIAN_POINT('Ctrl Pts',(43.3297022280651,5.83070100346075,-70.3629955778458));
#7639=CARTESIAN_POINT('Ctrl Pts',(43.3441853310409,5.82009892963505,-70.3876897304371));
#7640=CARTESIAN_POINT('Ctrl Pts',(43.3643532060486,5.79754935590333,-70.4357389263123));
#7641=CARTESIAN_POINT('Ctrl Pts',(43.3757595328109,5.74553466852984,-70.5372388463812));
#7642=CARTESIAN_POINT('Ctrl Pts',(43.3691342597807,5.70875068056918,-70.5986292198605));
#7643=CARTESIAN_POINT('Ctrl Pts',(43.3650863010779,5.69221210011505,-70.6239366632344));
#7644=CARTESIAN_POINT('Ctrl Pts',(43.3757921913327,5.84900440781538,-70.4072057943206));
#7645=CARTESIAN_POINT('Ctrl Pts',(43.3842858176929,5.83818172528385,-70.4323042981484));
#7646=CARTESIAN_POINT('Ctrl Pts',(43.3959372546103,5.81518442037583,-70.481883208418));
#7647=CARTESIAN_POINT('Ctrl Pts',(43.3940913802494,5.76575210131908,-70.5866860571547));
#7648=CARTESIAN_POINT('Ctrl Pts',(43.3759848013354,5.73461316883805,-70.63641874504));
#7649=CARTESIAN_POINT('Ctrl Pts',(43.3650863010779,5.7189981869181,-70.6588450751581));
#7650=CARTESIAN_POINT('Ctrl Pts',(43.4664624563315,5.87116376939345,-70.5562018914035));
#7651=CARTESIAN_POINT('Ctrl Pts',(43.4618793524585,5.85873309555104,-70.5796557964381));
#7652=CARTESIAN_POINT('Ctrl Pts',(43.4488992112585,5.83248669132983,-70.62694623327));
#7653=CARTESIAN_POINT('Ctrl Pts',(43.4114800710773,5.78870086327436,-70.6870042847367));
#7654=CARTESIAN_POINT('Ctrl Pts',(43.3810706495665,5.75977681625669,-70.7076427193568));
#7655=CARTESIAN_POINT('Ctrl Pts',(43.3650863010779,5.74425664882818,-70.7198243964661));
#7656=CARTESIAN_POINT('Ctrl Pts',(43.490086301078,5.875,-70.7102505317753));
#7657=CARTESIAN_POINT('Ctrl Pts',(43.4769690171273,5.86188271604938,-70.7189665886001));
#7658=CARTESIAN_POINT('Ctrl Pts',(43.4502200459339,5.83513374485597,-70.7337832273215));
#7659=CARTESIAN_POINT('Ctrl Pts',(43.4085533792672,5.7934670781893,-70.7508911589695));
#7660=CARTESIAN_POINT('Ctrl Pts',(43.3797467949051,5.76466049382716,-70.7594307211717));
#7661=CARTESIAN_POINT('Ctrl Pts',(43.3650863010779,5.75,-70.7634489948777));
#7662=CARTESIAN_POINT('Ctrl Pts',(43.490086301078,5.875,-70.7852623159699));
#7663=CARTESIAN_POINT('Ctrl Pts',(43.4761974121891,5.86111111111111,-70.7852623159699));
#7664=CARTESIAN_POINT('Ctrl Pts',(43.4484196344113,5.83333333333333,-70.7852623159699));
#7665=CARTESIAN_POINT('Ctrl Pts',(43.4067529677446,5.79166666666667,-70.7852623159699));
#7666=CARTESIAN_POINT('Ctrl Pts',(43.3789751899668,5.76388888888889,-70.7852623159699));
#7667=CARTESIAN_POINT('Ctrl Pts',(43.3650863010779,5.75,-70.7852623159699));
#7668=CARTESIAN_POINT('',(43.3650863010779,5.75,-70.7852623159699));
#7669=CARTESIAN_POINT('',(43.3650863010779,5.75,-70.7852623159699));
#7670=CARTESIAN_POINT('Origin',(43.3650863010779,5.50003775285055,-70.7852623159699));
#7671=CARTESIAN_POINT('Origin',(25.382544057391,5.875,-70.1603000688204));
#7672=CARTESIAN_POINT('',(25.382544057391,5.75,-70.2853000688204));
#7673=CARTESIAN_POINT('Origin',(43.490086301078,5.875,-58.6676503616537));
#7674=CARTESIAN_POINT('',(43.3650863010779,5.75,-58.6676503616537));
#7675=CARTESIAN_POINT('Origin',(43.2400863010779,0.,-70.4103000688204));
#7676=CARTESIAN_POINT('',(43.3650863010779,4.5,-70.5353000688204));
#7677=CARTESIAN_POINT('',(43.1150863010779,4.5,-70.2853000688204));
#7678=CARTESIAN_POINT('',(36.4399903256511,4.5,-63.6102040933936));
#7679=CARTESIAN_POINT('',(43.1150863010779,0.,-70.2853000688204));
#7680=CARTESIAN_POINT('',(43.3650863010779,0.,-70.5353000688204));
#7681=CARTESIAN_POINT('Origin',(12.8900863010778,0.,-70.4103000688204));
#7682=CARTESIAN_POINT('',(13.0150863010778,4.5,-70.2853000688204));
#7683=CARTESIAN_POINT('',(12.7650863010778,4.5,-70.5353000688204));
#7684=CARTESIAN_POINT('',(25.0076400328176,4.5,-58.2927463370804));
#7685=CARTESIAN_POINT('',(12.7650863010778,0.,-70.5353000688204));
#7686=CARTESIAN_POINT('',(13.0150863010778,0.,-70.2853000688204));
#7687=CARTESIAN_POINT('Origin',(12.8900863010778,0.,-82.2603000688204));
#7688=CARTESIAN_POINT('',(12.7650863010778,4.5,-82.1353000688204));
#7689=CARTESIAN_POINT('',(13.0150863010778,4.5,-82.3853000688204));
#7690=CARTESIAN_POINT('',(10.7149903256514,4.5,-80.0852040933942));
#7691=CARTESIAN_POINT('',(13.0150863010778,0.,-82.3853000688204));
#7692=CARTESIAN_POINT('',(12.7650863010778,0.,-82.1353000688204));
#7693=CARTESIAN_POINT('Origin',(43.3650863010779,0.,-69.5853000688204));
#7694=CARTESIAN_POINT('',(43.3650863010779,4.5,-58.6676503616537));
#7695=CARTESIAN_POINT('Origin',(44.0650863010779,0.,-82.3853000688204));
#7696=CARTESIAN_POINT('',(41.382544057391,4.5,-82.3853000688204));
#7697=CARTESIAN_POINT('Origin',(12.0650863010778,0.,-70.2853000688204));
#7698=CARTESIAN_POINT('',(25.382544057391,4.5,-70.2853000688204));
#7699=CARTESIAN_POINT('Origin',(12.7650863010778,0.,-83.0853000688204));
#7700=CARTESIAN_POINT('',(12.7650863010778,4.5,-65.4176503616537));
#7701=CARTESIAN_POINT('Origin',(51.5104162626413,0.,-7.6292941501997));
#7702=CARTESIAN_POINT('',(64.5104162626414,4.5,-7.6292941501997));
#7703=CARTESIAN_POINT('',(64.5104162626414,0.,-7.6292941501997));
#7704=CARTESIAN_POINT('',(51.5104162626413,4.5,-7.6292941501997));
#7705=CARTESIAN_POINT('',(45.1052090381727,4.5,-7.6292941501997));
#7706=CARTESIAN_POINT('',(51.5104162626413,0.,-7.6292941501997));
#7707=CARTESIAN_POINT('Origin',(51.5104162626413,0.,-8.1292941501997));
#7708=CARTESIAN_POINT('',(51.0104162626413,4.5,-8.1292941501997));
#7709=CARTESIAN_POINT('Origin',(51.5104162626413,4.5,-8.1292941501997));
#7710=CARTESIAN_POINT('',(51.0104162626413,0.,-8.1292941501997));
#7711=CARTESIAN_POINT('Origin',(51.0104162626413,0.,-21.1292941501997));
#7712=CARTESIAN_POINT('',(51.0104162626413,4.5,-21.1292941501997));
#7713=CARTESIAN_POINT('',(51.0104162626413,4.5,-34.4396474023433));
#7714=CARTESIAN_POINT('',(51.0104162626413,0.,-21.1292941501997));
#7715=CARTESIAN_POINT('Origin',(51.5104162626413,0.,-21.1292941501997));
#7716=CARTESIAN_POINT('',(51.5104162626413,4.5,-21.6292941501997));
#7717=CARTESIAN_POINT('Origin',(51.5104162626413,4.5,-21.1292941501997));
#7718=CARTESIAN_POINT('',(51.5104162626413,0.,-21.6292941501997));
#7719=CARTESIAN_POINT('Origin',(64.5104162626414,0.,-21.6292941501997));
#7720=CARTESIAN_POINT('',(64.5104162626414,4.5,-21.6292941501997));
#7721=CARTESIAN_POINT('',(51.6052090381728,4.5,-21.6292941501997));
#7722=CARTESIAN_POINT('',(64.5104162626414,0.,-21.6292941501997));
#7723=CARTESIAN_POINT('Origin',(64.5104162626414,0.,-21.1292941501997));
#7724=CARTESIAN_POINT('',(65.0104162626414,4.5,-21.1292941501997));
#7725=CARTESIAN_POINT('Origin',(64.5104162626414,4.5,-21.1292941501997));
#7726=CARTESIAN_POINT('',(65.0104162626414,0.,-21.1292941501997));
#7727=CARTESIAN_POINT('Origin',(65.0104162626414,0.,-8.1292941501997));
#7728=CARTESIAN_POINT('',(65.0104162626414,4.5,-8.1292941501997));
#7729=CARTESIAN_POINT('',(65.0104162626414,4.5,-27.9396474023433));
#7730=CARTESIAN_POINT('',(65.0104162626414,0.,-8.1292941501997));
#7731=CARTESIAN_POINT('Origin',(64.5104162626414,0.,-8.1292941501997));
#7732=CARTESIAN_POINT('Origin',(64.5104162626414,4.5,-8.1292941501997));
#7733=CARTESIAN_POINT('Origin',(32.4604162626414,0.,-26.6792941501997));
#7734=CARTESIAN_POINT('',(45.4604162626414,4.5,-26.6792941501997));
#7735=CARTESIAN_POINT('',(45.4604162626414,0.,-26.6792941501997));
#7736=CARTESIAN_POINT('',(32.4604162626414,4.5,-26.6792941501997));
#7737=CARTESIAN_POINT('',(35.5802090381727,4.5,-26.6792941501997));
#7738=CARTESIAN_POINT('',(32.4604162626414,0.,-26.6792941501997));
#7739=CARTESIAN_POINT('Origin',(32.4604162626414,0.,-27.1792941501997));
#7740=CARTESIAN_POINT('',(31.9604162626414,4.5,-27.1792941501997));
#7741=CARTESIAN_POINT('Origin',(32.4604162626414,4.5,-27.1792941501997));
#7742=CARTESIAN_POINT('',(31.9604162626414,0.,-27.1792941501997));
#7743=CARTESIAN_POINT('Origin',(31.9604162626414,0.,-40.1792941501997));
#7744=CARTESIAN_POINT('',(31.9604162626414,4.5,-40.1792941501997));
#7745=CARTESIAN_POINT('',(31.9604162626414,4.5,-43.9646474023433));
#7746=CARTESIAN_POINT('',(31.9604162626414,0.,-40.1792941501997));
#7747=CARTESIAN_POINT('Origin',(32.4604162626414,0.,-40.1792941501997));
#7748=CARTESIAN_POINT('',(32.4604162626414,4.5,-40.6792941501997));
#7749=CARTESIAN_POINT('Origin',(32.4604162626414,4.5,-40.1792941501997));
#7750=CARTESIAN_POINT('',(32.4604162626414,0.,-40.6792941501997));
#7751=CARTESIAN_POINT('Origin',(45.4604162626414,0.,-40.6792941501997));
#7752=CARTESIAN_POINT('',(45.4604162626414,4.5,-40.6792941501997));
#7753=CARTESIAN_POINT('',(42.0802090381728,4.5,-40.6792941501997));
#7754=CARTESIAN_POINT('',(45.4604162626414,0.,-40.6792941501997));
#7755=CARTESIAN_POINT('Origin',(45.4604162626414,0.,-40.1792941501997));
#7756=CARTESIAN_POINT('',(45.9604162626414,4.5,-40.1792941501997));
#7757=CARTESIAN_POINT('Origin',(45.4604162626414,4.5,-40.1792941501997));
#7758=CARTESIAN_POINT('',(45.9604162626414,0.,-40.1792941501997));
#7759=CARTESIAN_POINT('Origin',(45.9604162626414,0.,-27.1792941501997));
#7760=CARTESIAN_POINT('',(45.9604162626414,4.5,-27.1792941501997));
#7761=CARTESIAN_POINT('',(45.9604162626414,4.5,-37.4646474023433));
#7762=CARTESIAN_POINT('',(45.9604162626414,0.,-27.1792941501997));
#7763=CARTESIAN_POINT('Origin',(45.4604162626414,0.,-27.1792941501997));
#7764=CARTESIAN_POINT('Origin',(45.4604162626414,4.5,-27.1792941501997));
#7765=CARTESIAN_POINT('Origin',(13.4104162626414,0.,-45.7292941501997));
#7766=CARTESIAN_POINT('',(26.4104162626414,4.5,-45.7292941501997));
#7767=CARTESIAN_POINT('',(26.4104162626414,0.,-45.7292941501997));
#7768=CARTESIAN_POINT('',(13.4104162626414,4.5,-45.7292941501997));
#7769=CARTESIAN_POINT('',(26.0552090381728,4.5,-45.7292941501997));
#7770=CARTESIAN_POINT('',(13.4104162626414,0.,-45.7292941501997));
#7771=CARTESIAN_POINT('Origin',(13.4104162626414,0.,-46.2292941501997));
#7772=CARTESIAN_POINT('',(12.9104162626414,4.5,-46.2292941501997));
#7773=CARTESIAN_POINT('Origin',(13.4104162626414,4.5,-46.2292941501997));
#7774=CARTESIAN_POINT('',(12.9104162626414,0.,-46.2292941501997));
#7775=CARTESIAN_POINT('Origin',(12.9104162626414,0.,-59.2292941501997));
#7776=CARTESIAN_POINT('',(12.9104162626414,4.5,-59.2292941501997));
#7777=CARTESIAN_POINT('',(12.9104162626414,4.5,-53.4896474023434));
#7778=CARTESIAN_POINT('',(12.9104162626414,0.,-59.2292941501997));
#7779=CARTESIAN_POINT('Origin',(13.4104162626414,0.,-59.2292941501997));
#7780=CARTESIAN_POINT('',(13.4104162626414,4.5,-59.7292941501997));
#7781=CARTESIAN_POINT('Origin',(13.4104162626414,4.5,-59.2292941501997));
#7782=CARTESIAN_POINT('',(13.4104162626414,0.,-59.7292941501997));
#7783=CARTESIAN_POINT('Origin',(26.4104162626414,0.,-59.7292941501997));
#7784=CARTESIAN_POINT('',(26.4104162626414,4.5,-59.7292941501997));
#7785=CARTESIAN_POINT('',(32.5552090381728,4.5,-59.7292941501997));
#7786=CARTESIAN_POINT('',(26.4104162626414,0.,-59.7292941501997));
#7787=CARTESIAN_POINT('Origin',(26.4104162626414,0.,-59.2292941501997));
#7788=CARTESIAN_POINT('',(26.9104162626414,4.5,-59.2292941501997));
#7789=CARTESIAN_POINT('Origin',(26.4104162626414,4.5,-59.2292941501997));
#7790=CARTESIAN_POINT('',(26.9104162626414,0.,-59.2292941501997));
#7791=CARTESIAN_POINT('Origin',(26.9104162626414,0.,-46.2292941501997));
#7792=CARTESIAN_POINT('',(26.9104162626413,4.5,-46.2292941501997));
#7793=CARTESIAN_POINT('',(26.9104162626414,4.5,-46.9896474023433));
#7794=CARTESIAN_POINT('',(26.9104162626413,0.,-46.2292941501997));
#7795=CARTESIAN_POINT('Origin',(26.4104162626414,0.,-46.2292941501997));
#7796=CARTESIAN_POINT('Origin',(26.4104162626414,4.5,-46.2292941501997));
#7797=CARTESIAN_POINT('Origin',(32.4604162626414,0.,-7.62929415019971));
#7798=CARTESIAN_POINT('',(45.4604162626414,4.5,-7.62929415019971));
#7799=CARTESIAN_POINT('',(45.4604162626414,0.,-7.62929415019971));
#7800=CARTESIAN_POINT('',(32.4604162626414,4.5,-7.62929415019971));
#7801=CARTESIAN_POINT('',(35.5802090381728,4.5,-7.62929415019971));
#7802=CARTESIAN_POINT('',(32.4604162626414,0.,-7.62929415019971));
#7803=CARTESIAN_POINT('Origin',(32.4604162626414,0.,-8.12929415019971));
#7804=CARTESIAN_POINT('',(31.9604162626414,4.5,-8.12929415019971));
#7805=CARTESIAN_POINT('Origin',(32.4604162626414,4.5,-8.12929415019971));
#7806=CARTESIAN_POINT('',(31.9604162626414,0.,-8.12929415019971));
#7807=CARTESIAN_POINT('Origin',(31.9604162626414,0.,-21.1292941501997));
#7808=CARTESIAN_POINT('',(31.9604162626414,4.5,-21.1292941501997));
#7809=CARTESIAN_POINT('',(31.9604162626414,4.5,-34.4396474023433));
#7810=CARTESIAN_POINT('',(31.9604162626414,0.,-21.1292941501997));
#7811=CARTESIAN_POINT('Origin',(32.4604162626414,0.,-21.1292941501997));
#7812=CARTESIAN_POINT('',(32.4604162626414,4.5,-21.6292941501997));
#7813=CARTESIAN_POINT('Origin',(32.4604162626414,4.5,-21.1292941501997));
#7814=CARTESIAN_POINT('',(32.4604162626414,0.,-21.6292941501997));
#7815=CARTESIAN_POINT('Origin',(45.4604162626414,0.,-21.6292941501997));
#7816=CARTESIAN_POINT('',(45.4604162626414,4.5,-21.6292941501997));
#7817=CARTESIAN_POINT('',(42.0802090381728,4.5,-21.6292941501997));
#7818=CARTESIAN_POINT('',(45.4604162626414,0.,-21.6292941501997));
#7819=CARTESIAN_POINT('Origin',(45.4604162626414,0.,-21.1292941501997));
#7820=CARTESIAN_POINT('',(45.9604162626414,4.5,-21.1292941501997));
#7821=CARTESIAN_POINT('Origin',(45.4604162626414,4.5,-21.1292941501997));
#7822=CARTESIAN_POINT('',(45.9604162626414,0.,-21.1292941501997));
#7823=CARTESIAN_POINT('Origin',(45.9604162626414,0.,-8.12929415019971));
#7824=CARTESIAN_POINT('',(45.9604162626414,4.5,-8.12929415019971));
#7825=CARTESIAN_POINT('',(45.9604162626414,4.5,-27.9396474023433));
#7826=CARTESIAN_POINT('',(45.9604162626414,0.,-8.12929415019971));
#7827=CARTESIAN_POINT('Origin',(45.4604162626414,0.,-8.12929415019971));
#7828=CARTESIAN_POINT('Origin',(45.4604162626414,4.5,-8.12929415019971));
#7829=CARTESIAN_POINT('Origin',(51.5104162626414,0.,-26.6792941501997));
#7830=CARTESIAN_POINT('',(64.5104162626414,4.5,-26.6792941501997));
#7831=CARTESIAN_POINT('',(64.5104162626414,0.,-26.6792941501997));
#7832=CARTESIAN_POINT('',(51.5104162626414,4.5,-26.6792941501997));
#7833=CARTESIAN_POINT('',(45.1052090381728,4.5,-26.6792941501997));
#7834=CARTESIAN_POINT('',(51.5104162626414,0.,-26.6792941501997));
#7835=CARTESIAN_POINT('Origin',(51.5104162626414,0.,-27.1792941501997));
#7836=CARTESIAN_POINT('',(51.0104162626414,4.5,-27.1792941501997));
#7837=CARTESIAN_POINT('Origin',(51.5104162626414,4.5,-27.1792941501997));
#7838=CARTESIAN_POINT('',(51.0104162626414,0.,-27.1792941501997));
#7839=CARTESIAN_POINT('Origin',(51.0104162626414,0.,-40.1792941501997));
#7840=CARTESIAN_POINT('',(51.0104162626414,4.5,-40.1792941501997));
#7841=CARTESIAN_POINT('',(51.0104162626414,4.5,-43.9646474023433));
#7842=CARTESIAN_POINT('',(51.0104162626414,0.,-40.1792941501997));
#7843=CARTESIAN_POINT('Origin',(51.5104162626414,0.,-40.1792941501997));
#7844=CARTESIAN_POINT('',(51.5104162626414,4.5,-40.6792941501997));
#7845=CARTESIAN_POINT('Origin',(51.5104162626414,4.5,-40.1792941501997));
#7846=CARTESIAN_POINT('',(51.5104162626414,0.,-40.6792941501997));
#7847=CARTESIAN_POINT('Origin',(64.5104162626414,0.,-40.6792941501997));
#7848=CARTESIAN_POINT('',(64.5104162626414,4.5,-40.6792941501997));
#7849=CARTESIAN_POINT('',(51.6052090381728,4.5,-40.6792941501997));
#7850=CARTESIAN_POINT('',(64.5104162626414,0.,-40.6792941501997));
#7851=CARTESIAN_POINT('Origin',(64.5104162626414,0.,-40.1792941501997));
#7852=CARTESIAN_POINT('',(65.0104162626414,4.5,-40.1792941501997));
#7853=CARTESIAN_POINT('Origin',(64.5104162626414,4.5,-40.1792941501997));
#7854=CARTESIAN_POINT('',(65.0104162626414,0.,-40.1792941501997));
#7855=CARTESIAN_POINT('Origin',(65.0104162626414,0.,-27.1792941501997));
#7856=CARTESIAN_POINT('',(65.0104162626414,4.5,-27.1792941501997));
#7857=CARTESIAN_POINT('',(65.0104162626414,4.5,-37.4646474023433));
#7858=CARTESIAN_POINT('',(65.0104162626414,0.,-27.1792941501997));
#7859=CARTESIAN_POINT('Origin',(64.5104162626414,0.,-27.1792941501997));
#7860=CARTESIAN_POINT('Origin',(64.5104162626414,4.5,-27.1792941501997));
#7861=CARTESIAN_POINT('Origin',(32.4604162626414,0.,-45.7292941501997));
#7862=CARTESIAN_POINT('',(45.4604162626414,4.5,-45.7292941501997));
#7863=CARTESIAN_POINT('',(45.4604162626414,0.,-45.7292941501997));
#7864=CARTESIAN_POINT('',(32.4604162626414,4.5,-45.7292941501997));
#7865=CARTESIAN_POINT('',(35.5802090381728,4.5,-45.7292941501997));
#7866=CARTESIAN_POINT('',(32.4604162626414,0.,-45.7292941501997));
#7867=CARTESIAN_POINT('Origin',(32.4604162626414,0.,-46.2292941501997));
#7868=CARTESIAN_POINT('',(31.9604162626414,4.5,-46.2292941501997));
#7869=CARTESIAN_POINT('Origin',(32.4604162626414,4.5,-46.2292941501997));
#7870=CARTESIAN_POINT('',(31.9604162626414,0.,-46.2292941501997));
#7871=CARTESIAN_POINT('Origin',(31.9604162626414,0.,-59.2292941501997));
#7872=CARTESIAN_POINT('',(31.9604162626414,4.5,-59.2292941501997));
#7873=CARTESIAN_POINT('',(31.9604162626414,4.5,-53.4896474023434));
#7874=CARTESIAN_POINT('',(31.9604162626414,0.,-59.2292941501997));
#7875=CARTESIAN_POINT('Origin',(32.4604162626414,0.,-59.2292941501997));
#7876=CARTESIAN_POINT('',(32.4604162626414,4.5,-59.7292941501997));
#7877=CARTESIAN_POINT('Origin',(32.4604162626414,4.5,-59.2292941501997));
#7878=CARTESIAN_POINT('',(32.4604162626414,0.,-59.7292941501997));
#7879=CARTESIAN_POINT('Origin',(45.4604162626414,0.,-59.7292941501997));
#7880=CARTESIAN_POINT('',(45.4604162626414,4.5,-59.7292941501998));
#7881=CARTESIAN_POINT('',(42.0802090381728,4.5,-59.7292941501997));
#7882=CARTESIAN_POINT('',(45.4604162626414,0.,-59.7292941501998));
#7883=CARTESIAN_POINT('Origin',(45.4604162626414,0.,-59.2292941501997));
#7884=CARTESIAN_POINT('',(45.9604162626414,4.5,-59.2292941501997));
#7885=CARTESIAN_POINT('Origin',(45.4604162626414,4.5,-59.2292941501997));
#7886=CARTESIAN_POINT('',(45.9604162626414,0.,-59.2292941501997));
#7887=CARTESIAN_POINT('Origin',(45.9604162626414,0.,-46.2292941501997));
#7888=CARTESIAN_POINT('',(45.9604162626414,4.5,-46.2292941501997));
#7889=CARTESIAN_POINT('',(45.9604162626414,4.5,-46.9896474023433));
#7890=CARTESIAN_POINT('',(45.9604162626414,0.,-46.2292941501997));
#7891=CARTESIAN_POINT('Origin',(45.4604162626414,0.,-46.2292941501997));
#7892=CARTESIAN_POINT('Origin',(45.4604162626414,4.5,-46.2292941501997));
#7893=CARTESIAN_POINT('Origin',(13.4104162626414,0.,-26.6792941501997));
#7894=CARTESIAN_POINT('',(26.4104162626414,4.5,-26.6792941501997));
#7895=CARTESIAN_POINT('',(26.4104162626414,0.,-26.6792941501997));
#7896=CARTESIAN_POINT('',(13.4104162626414,4.5,-26.6792941501997));
#7897=CARTESIAN_POINT('',(26.0552090381728,4.5,-26.6792941501997));
#7898=CARTESIAN_POINT('',(13.4104162626414,0.,-26.6792941501997));
#7899=CARTESIAN_POINT('Origin',(13.4104162626414,0.,-27.1792941501997));
#7900=CARTESIAN_POINT('',(12.9104162626414,4.5,-27.1792941501997));
#7901=CARTESIAN_POINT('Origin',(13.4104162626414,4.5,-27.1792941501997));
#7902=CARTESIAN_POINT('',(12.9104162626414,0.,-27.1792941501997));
#7903=CARTESIAN_POINT('Origin',(12.9104162626414,0.,-40.1792941501997));
#7904=CARTESIAN_POINT('',(12.9104162626414,4.5,-40.1792941501997));
#7905=CARTESIAN_POINT('',(12.9104162626414,4.5,-43.9646474023433));
#7906=CARTESIAN_POINT('',(12.9104162626414,0.,-40.1792941501997));
#7907=CARTESIAN_POINT('Origin',(13.4104162626414,0.,-40.1792941501997));
#7908=CARTESIAN_POINT('',(13.4104162626414,4.5,-40.6792941501997));
#7909=CARTESIAN_POINT('Origin',(13.4104162626414,4.5,-40.1792941501997));
#7910=CARTESIAN_POINT('',(13.4104162626414,0.,-40.6792941501997));
#7911=CARTESIAN_POINT('Origin',(26.4104162626414,0.,-40.6792941501997));
#7912=CARTESIAN_POINT('',(26.4104162626414,4.5,-40.6792941501997));
#7913=CARTESIAN_POINT('',(32.5552090381728,4.5,-40.6792941501997));
#7914=CARTESIAN_POINT('',(26.4104162626414,0.,-40.6792941501997));
#7915=CARTESIAN_POINT('Origin',(26.4104162626414,0.,-40.1792941501997));
#7916=CARTESIAN_POINT('',(26.9104162626414,4.5,-40.1792941501997));
#7917=CARTESIAN_POINT('Origin',(26.4104162626414,4.5,-40.1792941501997));
#7918=CARTESIAN_POINT('',(26.9104162626414,0.,-40.1792941501997));
#7919=CARTESIAN_POINT('Origin',(26.9104162626414,0.,-27.1792941501997));
#7920=CARTESIAN_POINT('',(26.9104162626414,4.5,-27.1792941501997));
#7921=CARTESIAN_POINT('',(26.9104162626414,4.5,-37.4646474023433));
#7922=CARTESIAN_POINT('',(26.9104162626414,0.,-27.1792941501997));
#7923=CARTESIAN_POINT('Origin',(26.4104162626414,0.,-27.1792941501997));
#7924=CARTESIAN_POINT('Origin',(26.4104162626414,4.5,-27.1792941501997));
#7925=CARTESIAN_POINT('Origin',(13.4104162626414,0.,-7.62929415019971));
#7926=CARTESIAN_POINT('',(26.4104162626414,4.5,-7.62929415019971));
#7927=CARTESIAN_POINT('',(26.4104162626414,0.,-7.62929415019971));
#7928=CARTESIAN_POINT('',(13.4104162626414,4.5,-7.62929415019971));
#7929=CARTESIAN_POINT('',(26.0552090381728,4.5,-7.62929415019971));
#7930=CARTESIAN_POINT('',(13.4104162626414,0.,-7.62929415019971));
#7931=CARTESIAN_POINT('Origin',(13.4104162626414,0.,-8.12929415019971));
#7932=CARTESIAN_POINT('',(12.9104162626414,4.5,-8.12929415019971));
#7933=CARTESIAN_POINT('Origin',(13.4104162626414,4.5,-8.12929415019971));
#7934=CARTESIAN_POINT('',(12.9104162626414,0.,-8.12929415019971));
#7935=CARTESIAN_POINT('Origin',(12.9104162626414,0.,-21.1292941501997));
#7936=CARTESIAN_POINT('',(12.9104162626414,4.5,-21.1292941501997));
#7937=CARTESIAN_POINT('',(12.9104162626414,4.5,-34.4396474023433));
#7938=CARTESIAN_POINT('',(12.9104162626414,0.,-21.1292941501997));
#7939=CARTESIAN_POINT('Origin',(13.4104162626414,0.,-21.1292941501997));
#7940=CARTESIAN_POINT('',(13.4104162626414,4.5,-21.6292941501997));
#7941=CARTESIAN_POINT('Origin',(13.4104162626414,4.5,-21.1292941501997));
#7942=CARTESIAN_POINT('',(13.4104162626414,0.,-21.6292941501997));
#7943=CARTESIAN_POINT('Origin',(26.4104162626414,0.,-21.6292941501997));
#7944=CARTESIAN_POINT('',(26.4104162626414,4.5,-21.6292941501997));
#7945=CARTESIAN_POINT('',(32.5552090381728,4.5,-21.6292941501997));
#7946=CARTESIAN_POINT('',(26.4104162626414,0.,-21.6292941501997));
#7947=CARTESIAN_POINT('Origin',(26.4104162626414,0.,-21.1292941501997));
#7948=CARTESIAN_POINT('',(26.9104162626414,4.5,-21.1292941501997));
#7949=CARTESIAN_POINT('Origin',(26.4104162626414,4.5,-21.1292941501997));
#7950=CARTESIAN_POINT('',(26.9104162626414,0.,-21.1292941501997));
#7951=CARTESIAN_POINT('Origin',(26.9104162626414,0.,-8.12929415019971));
#7952=CARTESIAN_POINT('',(26.9104162626414,4.5,-8.12929415019971));
#7953=CARTESIAN_POINT('',(26.9104162626414,4.5,-27.9396474023433));
#7954=CARTESIAN_POINT('',(26.9104162626414,0.,-8.12929415019971));
#7955=CARTESIAN_POINT('Origin',(26.4104162626414,0.,-8.12929415019971));
#7956=CARTESIAN_POINT('Origin',(26.4104162626414,4.5,-8.12929415019971));
#7957=CARTESIAN_POINT('Origin',(51.5104162626414,0.,-45.7292941501997));
#7958=CARTESIAN_POINT('',(64.5104162626414,4.5,-45.7292941501997));
#7959=CARTESIAN_POINT('',(64.5104162626414,0.,-45.7292941501997));
#7960=CARTESIAN_POINT('',(51.5104162626414,4.5,-45.7292941501997));
#7961=CARTESIAN_POINT('',(45.1052090381728,4.5,-45.7292941501997));
#7962=CARTESIAN_POINT('',(51.5104162626414,0.,-45.7292941501997));
#7963=CARTESIAN_POINT('Origin',(51.5104162626414,0.,-46.2292941501997));
#7964=CARTESIAN_POINT('',(51.0104162626414,4.5,-46.2292941501997));
#7965=CARTESIAN_POINT('Origin',(51.5104162626414,4.5,-46.2292941501997));
#7966=CARTESIAN_POINT('',(51.0104162626414,0.,-46.2292941501997));
#7967=CARTESIAN_POINT('Origin',(51.0104162626414,0.,-59.2292941501997));
#7968=CARTESIAN_POINT('',(51.0104162626414,4.5,-59.2292941501997));
#7969=CARTESIAN_POINT('',(51.0104162626414,4.5,-53.4896474023433));
#7970=CARTESIAN_POINT('',(51.0104162626414,0.,-59.2292941501997));
#7971=CARTESIAN_POINT('Origin',(51.5104162626414,0.,-59.2292941501997));
#7972=CARTESIAN_POINT('',(51.5104162626414,4.5,-59.7292941501997));
#7973=CARTESIAN_POINT('Origin',(51.5104162626414,4.5,-59.2292941501997));
#7974=CARTESIAN_POINT('',(51.5104162626414,0.,-59.7292941501997));
#7975=CARTESIAN_POINT('Origin',(64.5104162626414,0.,-59.7292941501997));
#7976=CARTESIAN_POINT('',(64.5104162626414,4.5,-59.7292941501997));
#7977=CARTESIAN_POINT('',(51.6052090381728,4.5,-59.7292941501997));
#7978=CARTESIAN_POINT('',(64.5104162626414,0.,-59.7292941501997));
#7979=CARTESIAN_POINT('Origin',(64.5104162626414,0.,-59.2292941501997));
#7980=CARTESIAN_POINT('',(65.0104162626414,4.5,-59.2292941501997));
#7981=CARTESIAN_POINT('Origin',(64.5104162626414,4.5,-59.2292941501997));
#7982=CARTESIAN_POINT('',(65.0104162626414,0.,-59.2292941501997));
#7983=CARTESIAN_POINT('Origin',(65.0104162626414,0.,-46.2292941501997));
#7984=CARTESIAN_POINT('',(65.0104162626414,4.5,-46.2292941501997));
#7985=CARTESIAN_POINT('',(65.0104162626414,4.5,-46.9896474023433));
#7986=CARTESIAN_POINT('',(65.0104162626414,0.,-46.2292941501997));
#7987=CARTESIAN_POINT('Origin',(64.5104162626414,0.,-46.2292941501997));
#7988=CARTESIAN_POINT('Origin',(64.5104162626414,4.5,-46.2292941501997));
#7989=CARTESIAN_POINT('Origin',(1.50000002235174,4.5,-99.000001475215));
#7990=CARTESIAN_POINT('',(1.50000002235174,4.5,3.50000016624108));
#7991=CARTESIAN_POINT('',(1.50000002235174,4.5,-99.000001475215));
#7992=CARTESIAN_POINT('',(1.50000002235174,4.5,3.50000016624108));
#7993=CARTESIAN_POINT('',(1.50000002235174,4.5,3.50000016624108));
#7994=CARTESIAN_POINT('',(1.50000002235174,4.5,-99.000001475215));
#7995=CARTESIAN_POINT('Origin',(75.9000036050566,4.5,-99.000001475215));
#7996=CARTESIAN_POINT('',(75.9000036050566,4.5,-99.000001475215));
#7997=CARTESIAN_POINT('',(1.50000002235174,4.5,-99.000001475215));
#7998=CARTESIAN_POINT('',(75.9000036050566,4.5,-99.000001475215));
#7999=CARTESIAN_POINT('Origin',(75.9000036050566,4.5,3.50000016624108));
#8000=CARTESIAN_POINT('',(75.9000036050566,4.5,3.50000016624108));
#8001=CARTESIAN_POINT('',(75.9000036050566,4.5,-99.000001475215));
#8002=CARTESIAN_POINT('',(75.9000036050566,4.5,3.50000016624108));
#8003=CARTESIAN_POINT('Origin',(1.50000002235174,4.5,3.50000016624108));
#8004=CARTESIAN_POINT('',(75.9000036050566,4.5,3.50000016624108));
#8005=CARTESIAN_POINT('Origin',(38.7000018137041,4.5,-47.7500006544869));
#8006=UNCERTAINTY_MEASURE_WITH_UNIT(LENGTH_MEASURE(0.01),#8010,
'DISTANCE_ACCURACY_VALUE',
'Maximum model space distance between geometric entities at asserted c
onnectivities');
#8007=UNCERTAINTY_MEASURE_WITH_UNIT(LENGTH_MEASURE(0.01),#8010,
'DISTANCE_ACCURACY_VALUE',
'Maximum model space distance between geometric entities at asserted c
onnectivities');
#8008=(
GEOMETRIC_REPRESENTATION_CONTEXT(3)
GLOBAL_UNCERTAINTY_ASSIGNED_CONTEXT((#8006))
GLOBAL_UNIT_ASSIGNED_CONTEXT((#8010,#8012,#8013))
REPRESENTATION_CONTEXT('','3D')
);
#8009=(
GEOMETRIC_REPRESENTATION_CONTEXT(3)
GLOBAL_UNCERTAINTY_ASSIGNED_CONTEXT((#8007))
GLOBAL_UNIT_ASSIGNED_CONTEXT((#8010,#8012,#8013))
REPRESENTATION_CONTEXT('','3D')
);
#8010=(
LENGTH_UNIT()
NAMED_UNIT(*)
SI_UNIT(.MILLI.,.METRE.)
);
#8011=(
LENGTH_UNIT()
NAMED_UNIT(*)
SI_UNIT($,.METRE.)
);
#8012=(
NAMED_UNIT(*)
PLANE_ANGLE_UNIT()
SI_UNIT($,.RADIAN.)
);
#8013=(
NAMED_UNIT(*)
SI_UNIT($,.STERADIAN.)
SOLID_ANGLE_UNIT()
);
#8014=SHAPE_DEFINITION_REPRESENTATION(#8015,#8016);
#8015=PRODUCT_DEFINITION_SHAPE('',$,#8018);
#8016=SHAPE_REPRESENTATION('',(#3720),#8008);
#8017=PRODUCT_DEFINITION_CONTEXT('part definition',#8022,'design');
#8018=PRODUCT_DEFINITION('2026-07-19-19-54-43-279','Macropad-Top',#8019,
#8017);
#8019=PRODUCT_DEFINITION_FORMATION('',$,#8024);
#8020=PRODUCT_RELATED_PRODUCT_CATEGORY('Macropad-Top','Macropad-Top',(#8024));
#8021=APPLICATION_PROTOCOL_DEFINITION('international standard',
'automotive_design',2009,#8022);
#8022=APPLICATION_CONTEXT(
'Core Data for Automotive Mechanical Design Process');
#8023=PRODUCT_CONTEXT('part definition',#8022,'mechanical');
#8024=PRODUCT('2026-07-19-19-54-43-279','Macropad-Top',$,(#8023));
#8025=PRESENTATION_STYLE_ASSIGNMENT((#8027));
#8026=PRESENTATION_STYLE_ASSIGNMENT((#8028));
#8027=SURFACE_STYLE_USAGE(.BOTH.,#8029);
#8028=SURFACE_STYLE_USAGE(.BOTH.,#8030);
#8029=SURFACE_SIDE_STYLE('',(#8031));
#8030=SURFACE_SIDE_STYLE('',(#8032));
#8031=SURFACE_STYLE_FILL_AREA(#8033);
#8032=SURFACE_STYLE_FILL_AREA(#8034);
#8033=FILL_AREA_STYLE('Steel - Satin',(#8035));
#8034=FILL_AREA_STYLE('Powder Coat (Dark Grey)',(#8036));
#8035=FILL_AREA_STYLE_COLOUR('Steel - Satin',#8037);
#8036=FILL_AREA_STYLE_COLOUR('Powder Coat (Dark Grey)',#8038);
#8037=COLOUR_RGB('Steel - Satin',0.627450980392157,0.627450980392157,0.627450980392157);
#8038=COLOUR_RGB('Powder Coat (Dark Grey)',0.349019607843137,0.349019607843137,
0.349019607843137);
ENDSEC;
END-ISO-10303-21;
